1,17,4.0
1,25,1.0
1,29,2.0
1,30,5.0
1,32,5.0
1,34,2.0
1,36,1.0
1,80,5.0
1,110,3.0
1,111,5.0
1,161,1.0
1,166,5.0
1,176,4.0
1,223,3.0
1,232,5.0
1,260,5.0
1,302,4.0
1,306,5.0
1,307,5.0
1,322,4.0
1,345,1.0
1,356,2.0
1,527,3.0
1,541,5.0
1,562,5.0
1,593,3.0
1,608,2.0
1,645,4.0
1,800,4.0
1,835,3.0
1,838,5.0
1,908,5.0
1,909,5.0
1,912,2.0
1,915,5.0
1,916,4.0
1,923,5.0
1,926,5.0
1,927,5.0
1,933,5.0
1,971,3.0
1,1041,5.0
1,1056,5.0
1,1060,2.0
1,1080,1.0
1,1090,5.0
1,1094,4.0
1,1120,1.0
1,1136,1.0
1,1150,4.0
1,1172,3.0
1,1178,4.0
1,1183,4.0
1,1196,5.0
1,1197,1.0
1,1199,2.0
1,1200,5.0
1,1203,5.0
1,1204,1.0
1,1208,5.0
1,1210,2.0
1,1211,2.0
1,1213,5.0
1,1217,5.0
1,1221,5.0
1,1225,4.0
1,1228,5.0
1,1233,5.0
1,1234,5.0
1,1236,4.0
1,1242,1.0
1,1247,5.0
1,1259,4.0
1,1262,4.0
1,1263,5.0
1,1270,5.0
1,1272,5.0
1,1276,3.0
1,1288,4.0
1,1296,3.0
1,1297,5.0
1,1304,3.0
1,1357,1.0
1,1392,4.0
1,1406,2.0
1,1653,4.0
1,1693,5.0
1,1719,5.0
1,1721,5.0
1,1748,5.0
1,1784,1.0
1,1810,3.0
1,1885,4.0
1,1923,2.0
1,1939,5.0
1,1944,2.0
1,1952,4.0
1,1960,1.0
1,1961,1.0
1,1965,3.0
1,1968,5.0
1,2020,5.0
1,2025,5.0
1,2028,3.0
1,2064,3.0
1,2067,1.0
1,2109,1.0
1,2125,4.0
1,2232,3.0
1,2243,1.0
1,2247,5.0
1,2268,1.0
1,2312,1.0
1,2313,5.0
1,2324,1.0
1,2329,5.0
1,2336,5.0
1,2352,3.0
1,2396,5.0
1,2407,1.0
1,2424,1.0
1,2502,3.0
1,2520,5.0
1,2529,5.0
1,2599,5.0
1,2640,5.0
1,2690,3.0
1,2712,1.0
1,2724,1.0
1,2797,5.0
1,2882,1.0
1,2890,4.0
1,2918,4.0
1,2944,4.0
1,2966,1.0
1,2973,5.0
1,2985,5.0
1,2997,4.0
1,3030,4.0
1,3078,2.0
1,3088,3.0
2,31,5.0
2,34,5.0
2,39,5.0
2,48,5.0
2,153,3.0
2,185,5.0
2,186,5.0
2,193,3.0
2,207,5.0
2,216,4.0
2,218,5.0
2,222,5.0
2,225,5.0
2,231,2.0
2,236,4.0
2,237,5.0
2,253,1.0
2,276,4.0
2,282,5.0
2,296,1.0
2,305,3.0
2,318,5.0
2,339,5.0
2,344,1.0
2,349,3.0
2,350,5.0
2,356,5.0
2,357,4.0
2,362,5.0
2,364,5.0
2,377,4.0
2,380,5.0
2,381,5.0
2,454,4.0
2,457,5.0
2,466,3.0
2,500,5.0
2,508,5.0
2,520,4.0
2,539,5.0
2,551,4.0
2,552,4.0
2,585,4.0
2,586,3.0
2,587,5.0
2,588,5.0
2,592,4.0
2,594,5.0
2,595,5.0
2,597,5.0
2,616,5.0
2,783,5.0
3,2,3.5
3,10,4.0
3,11,4.0
3,17,5.0
3,26,4.0
3,48,3.5
3,62,5.0
3,110,5.0
3,141,0.5
3,150,5.0
3,151,5.0
3,153,3.0
3,158,3.0
3,161,4.0
3,168,3.5
3,185,3.5
3,208,3.0
3,231,1.0
3,260,4.0
3,272,5.0
3,316,4.0
3,318,4.5
3,329,3.0
3,337,2.5
3,339,4.0
3,344,0.5
3,349,4.0
3,356,4.0
3,357,4.0
3,364,4.0
3,367,2.5
3,377,3.5
3,380,2.5
3,434,3.5
3,442,3.0
3,454,4.0
3,457,4.0
3,466,1.0
3,480,4.0
3,500,3.0
3,527,5.0
3,534,4.0
3,539,4.0
3,552,4.0
3,588,4.0
3,589,3.0
3,590,4.5
3,592,3.0
3,593,1.0
3,595,4.0
3,596,4.0
3,597,3.0
3,648,3.5
3,708,4.0
3,780,4.0
3,783,3.5
3,784,1.0
3,858,4.0
3,953,4.0
3,1031,4.0
3,1073,3.5
3,1090,4.0
3,1101,4.0
3,1196,4.0
3,1198,4.5
3,1210,4.0
3,1270,4.0
3,1372,3.5
3,1374,4.0
3,1375,4.0
3,1377,2.5
3,1485,4.0
3,1544,4.0
3,1584,4.0
3,1721,4.0
3,1873,5.0
3,1917,3.0
3,1923,2.0
3,1957,5.0
3,2006,3.5
3,2012,3.0
3,2100,1.0
3,2150,4.0
3,2268,4.0
3,2353,4.0
3,2605,4.0
3,2616,2.5
3,2617,4.0
3,2640,4.0
3,2641,4.0
3,2642,4.0
3,2643,4.0
3,2701,3.0
3,2747,1.5
3,2858,3.0
3,2947,4.0
3,2948,4.0
3,2985,3.0
3,3033,3.0
3,3034,4.0
3,3210,4.0
3,3247,4.0
3,3248,4.0
3,3438,3.0
3,3448,4.0
3,3578,5.0
3,3623,3.0
3,3697,3.0
3,3698,2.5
3,3699,2.5
3,3740,2.5
3,3753,5.0
3,3793,3.0
3,3826,3.0
3,3980,5.0
3,4016,4.0
3,4019,5.0
3,4022,5.0
3,4246,4.0
3,4306,3.5
3,4447,3.0
3,4562,4.0
3,4571,2.5
3,4700,4.0
3,4718,2.0
3,4880,4.0
3,4886,4.0
3,4896,3.0
3,4995,4.0
3,5060,3.0
3,5064,4.5
3,5218,4.0
3,5299,5.0
3,5349,3.0
3,5380,5.0
3,5816,3.0
3,5873,5.0
3,5991,4.0
3,6333,3.0
3,6365,4.0
3,6539,3.0
3,6565,4.0
3,6889,5.0
3,7005,1.0
3,7143,4.0
3,7386,5.0
3,7389,0.5
4,223,4.0
4,1210,3.0
4,1272,4.0
4,1327,3.0
4,1513,2.0
4,1833,2.0
4,2115,5.0
4,2428,3.0
4,2490,2.0
4,2600,2.0
4,2605,2.0
4,2683,3.0
4,2688,3.0
4,2699,2.0
4,2710,2.0
4,2713,2.0
4,2722,2.0
4,2723,3.0
4,2745,3.0
4,2763,2.0
4,2770,4.0
4,2826,2.0
4,2841,4.0
4,2881,1.0
4,3053,1.0
4,3175,4.0
4,3203,1.0
5,10,4.0
5,47,3.0
5,110,4.0
5,150,3.0
5,153,3.0
5,161,4.0
5,165,4.0
5,185,3.0
5,208,3.0
5,231,2.0
5,253,2.0
5,288,3.0
5,292,3.0
5,296,1.0
5,316,3.0
5,318,1.0
5,329,3.0
5,339,3.0
5,344,3.0
5,349,4.0
5,356,4.0
5,364,5.0
5,380,5.0
5,410,3.0
5,434,4.0
5,454,4.0
5,457,4.0
5,480,4.0
5,588,3.0
5,590,3.0
5,592,4.0
5,593,3.0
5,595,3.0
6,590,4.0
6,839,5.0
6,1556,5.0
6,2115,4.5
6,2167,5.0
6,2353,1.0
6,2402,5.0
6,2406,1.5
6,2529,3.5
6,2599,3.0
6,2628,5.0
6,2640,1.0
6,2700,2.0
6,2948,5.0
6,2949,5.0
6,3082,5.0
6,3113,5.0
6,3697,5.0
6,3753,5.0
6,4310,5.0
6,4367,5.0
6,4993,3.0
6,5010,5.0
6,5418,5.0
6,5445,5.0
6,5459,5.0
7,19,3.0
7,21,5.0
7,34,4.0
7,39,3.0
7,150,5.0
7,153,3.0
7,162,5.0
7,165,3.0
7,208,4.0
7,231,3.0
7,235,5.0
7,236,3.0
7,265,4.0
7,288,3.0
7,292,4.0
7,296,5.0
7,316,1.0
7,318,5.0
7,329,3.0
7,339,2.0
7,344,4.0
7,348,4.0
7,349,4.0
7,356,5.0
7,357,4.0
7,367,3.0
7,380,2.0
7,410,4.0
7,432,3.0
7,434,3.0
7,435,2.0
7,440,4.0
7,457,3.0
7,468,4.0
7,500,4.0
7,508,4.0
7,531,5.0
7,539,3.0
7,541,5.0
7,586,3.0
7,588,4.0
7,590,4.0
7,592,3.0
7,595,3.0
8,32,4.0
8,47,5.0
8,260,4.0
8,296,4.5
8,527,4.0
8,593,5.0
8,608,5.0
8,858,4.0
8,912,4.0
8,1221,3.0
8,1732,5.0
8,2329,4.5
8,2712,4.0
8,2858,3.5
8,2959,5.0
8,3481,3.0
8,4011,3.5
8,4226,4.5
8,5995,5.0
8,6016,4.5
8,6502,4.0
8,7361,4.5
8,27773,5.0
8,30707,4.0
8,30749,5.0
8,44555,4.5
8,55820,4.5
8,58559,4.0
8,79132,4.5
8,183837,4.5
8,188773,4.5
9,32,4.0
9,47,5.0
9,50,4.0
9,223,4.5
9,293,4.0
9,318,4.0
9,353,4.5
9,471,3.5
9,1079,5.0
9,1089,4.5
9,1090,5.0
9,1129,3.5
9,1200,4.0
9,1215,4.0
9,1261,3.5
9,1500,4.5
9,1639,3.5
9,1653,5.0
9,1673,4.0
9,1748,4.0
9,2001,3.5
9,2194,4.0
9,2329,4.5
9,2542,4.5
9,2700,3.5
9,2843,4.0
9,2997,4.5
9,3081,4.5
9,3265,4.0
9,3275,4.0
9,3328,5.0
9,3448,5.0
9,3581,4.0
9,3740,4.5
9,3897,4.0
9,3972,5.0
9,4011,5.0
9,4034,4.5
9,4327,4.0
9,4799,5.0
9,4963,4.0
9,4973,4.5
9,4979,4.0
9,5009,4.0
9,5026,5.0
9,5060,4.0
9,5294,5.0
9,5954,4.5
9,6711,5.0
9,7981,4.0
9,8957,4.0
9,8984,4.0
9,8985,5.0
9,30707,4.5
9,30810,5.0
9,33672,0.5
9,34150,3.5
9,38061,4.5
10,1,2.5
10,2,2.0
10,10,4.0
10,19,3.0
10,21,2.0
10,32,3.0
10,34,2.0
10,39,1.5
10,44,3.0
10,47,4.0
10,48,3.5
10,50,4.0
10,70,3.5
10,110,4.0
10,150,2.5
10,153,2.0
10,158,2.5
10,160,1.5
10,165,2.5
10,170,3.5
10,180,4.0
10,185,1.5
10,223,4.0
10,231,1.5
10,253,3.5
10,256,1.0
10,260,4.0
10,296,4.5
10,316,3.0
10,318,4.0
10,344,4.0
10,350,3.0
10,353,3.5
10,355,1.5
10,356,3.5
10,364,4.0
10,367,2.5
10,370,2.0
10,377,3.0
10,413,3.0
10,420,2.0
10,434,2.0
10,442,1.5
10,454,3.0
10,455,2.5
10,457,3.0
10,466,3.5
10,480,3.0
10,485,1.0
10,500,1.5
10,509,3.0
10,520,3.0
10,527,4.0
10,539,1.5
10,541,3.5
10,586,1.5
10,588,3.0
10,589,4.0
10,590,3.0
10,592,3.5
10,593,5.0
10,595,3.0
10,597,2.0
10,648,3.5
10,673,1.5
10,733,4.5
10,736,3.5
10,743,2.5
10,762,1.0
10,778,3.5
10,780,3.5
10,784,1.0
10,786,1.5
10,788,1.5
10,832,1.5
10,858,5.0
10,919,2.5
10,920,3.0
10,1035,2.5
10,1036,3.0
10,1047,2.0
10,1059,2.0
10,1079,2.0
10,1089,4.0
10,1092,3.0
10,1097,3.5
10,1101,2.0
10,1196,4.5
10,1198,3.5
10,1200,3.5
10,1206,3.0
10,1210,4.5
10,1214,4.0
10,1219,3.5
10,1220,4.0
10,1221,3.5
10,1240,2.5
10,1258,4.5
10,1270,3.5
10,1288,4.0
10,1291,3.0
10,1320,3.0
10,1333,3.0
10,1345,3.0
10,1347,3.0
10,1356,2.0
10,1370,3.5
10,1377,3.0
10,1387,3.0
10,1391,1.0
10,1407,3.0
10,1416,2.0
10,1438,2.0
10,1485,1.5
10,1499,1.5
10,1500,3.5
10,1515,1.5
10,1517,3.5
10,1527,4.5
10,1544,1.0
10,1552,1.5
10,1556,1.5
10,1562,1.5
10,1573,2.0
10,1580,3.5
10,1597,3.5
10,1608,2.0
10,1617,2.5
10,1639,3.0
10,1644,3.0
10,1682,1.0
10,1687,1.5
10,1690,2.0
10,1693,2.5
10,1717,2.5
10,1721,3.0
10,1722,3.0
10,1729,3.5
10,1876,1.0
10,1882,2.0
10,1884,4.5
10,1894,1.5
10,1909,2.5
10,1917,2.5
10,1923,2.5
10,1947,2.5
10,1954,3.5
10,1961,3.5
10,1982,3.5
10,1997,4.5
10,2000,3.0
10,2001,2.0
10,2003,3.5
10,2004,2.0
10,2006,2.0
10,2011,2.5
10,2012,2.0
10,2028,2.0
10,2081,3.0
10,2082,3.5
10,2107,2.5
10,2115,3.5
10,2118,3.0
10,2121,2.0
10,2124,2.5
10,2167,2.5
10,2231,3.5
10,2273,3.5
10,2291,3.0
10,2294,2.5
10,2329,3.5
10,2335,3.0
10,2338,2.0
10,2353,3.0
10,2376,2.5
10,2378,3.0
10,2402,2.5
10,2403,3.5
10,2404,2.0
10,2409,2.5
10,2410,2.5
10,2513,3.5
10,2529,3.5
10,2571,4.0
10,2617,2.5
10,2628,3.0
10,2657,3.5
10,2683,4.0
10,2694,1.5
10,2700,3.5
10,2701,1.5
10,2706,3.0
10,2710,0.5
10,2712,1.0
10,2716,3.5
10,2719,3.0
10,2722,1.0
10,2762,2.0
10,2791,2.5
10,2792,2.0
10,2803,3.5
10,2840,3.0
10,2916,3.0
10,2947,3.0
10,2948,3.0
10,2949,3.0
10,2953,2.0
10,2959,4.0
10,2985,3.0
10,2989,2.5
10,2990,2.0
10,2991,3.5
10,2993,3.5
10,3052,4.5
10,3081,4.0
10,3082,2.5
10,3113,2.5
10,3264,1.5
10,3273,1.5
10,3354,1.0
10,3355,3.0
10,3408,1.5
10,3418,2.5
10,3499,2.5
10,3527,3.0
10,3578,3.5
10,3617,3.0
10,3623,3.0
10,3624,2.5
10,3633,1.0
10,3635,2.5
10,3638,3.0
10,3639,3.0
10,3702,2.5
10,3717,2.0
10,3752,2.0
10,3755,0.5
10,3785,3.0
10,3793,3.5
10,3826,1.5
10,3868,3.5
10,3869,2.5
10,3948,2.5
10,3977,2.5
10,3984,3.5
10,3994,1.5
10,4005,2.0
10,4015,1.5
10,4022,2.0
10,4025,2.5
10,4034,3.0
10,4085,3.0
10,4148,3.5
10,4226,3.5
10,4246,1.0
10,4270,1.5
10,4306,3.5
10,4308,3.5
10,4310,1.5
10,4367,2.0
10,4369,3.0
10,4370,1.5
10,4388,2.0
10,4446,2.0
10,4638,2.0
10,4643,1.5
10,4701,3.0
10,4718,2.0
10,4734,3.5
10,4776,3.5
10,4816,3.5
10,4848,3.5
10,4855,3.0
10,4865,3.5
10,4896,2.5
10,4963,3.5
10,4974,1.0
10,4993,3.5
10,5010,3.0
10,5218,4.0
10,5219,3.5
10,5254,1.0
10,5266,1.5
10,5312,2.5
10,5313,1.5
10,5349,3.0
10,5378,3.5
10,5418,3.5
10,5419,2.0
10,5445,2.0
10,5459,2.5
10,5479,2.0
10,5481,3.0
10,5502,1.0
10,5507,2.5
10,5541,4.0
10,5630,2.5
10,5679,3.0
10,5785,1.5
10,5796,2.5
10,5816,2.5
10,5872,2.5
10,5903,3.0
10,5952,4.0
10,5989,3.0
10,6157,3.0
10,6333,3.0
10,6365,3.5
10,6373,3.0
10,6377,2.5
10,6379,2.0
10,6383,2.5
10,6502,3.0
10,6503,1.5
10,6537,1.5
10,6539,4.5
10,6564,2.0
10,6593,2.5
10,6754,3.5
10,6863,3.5
10,6874,4.5
10,6888,1.5
10,6934,3.5
10,6952,2.5
10,7143,2.0
10,7153,4.5
10,7254,4.0
10,7285,1.0
10,7317,4.0
10,7373,3.0
10,7438,4.5
10,7451,1.5
10,7454,3.0
10,7458,3.5
10,7475,4.0
10,7569,3.0
10,7570,3.5
10,7573,3.0
10,8360,3.5
10,8361,3.0
10,8368,3.0
10,8371,3.0
10,8636,2.5
10,8640,2.0
10,8644,2.0
10,8665,3.5
10,8666,2.0
10,8798,2.0
10,8810,2.0
10,8815,2.5
10,8860,2.5
10,8861,2.5
10,8957,4.0
10,8968,3.0
10,8972,3.5
10,8977,2.0
10,8984,3.0
10,8985,2.0
10,27660,1.0
10,27706,3.0
10,30816,3.0
10,30825,1.5
10,31221,2.0
10,31427,2.5
10,31696,4.0
10,32011,1.5
10,32019,3.5
10,32029,3.0
10,32296,2.0
10,32587,4.5
10,33493,4.0
10,33615,2.5
10,33679,2.0
10,33794,3.0
10,33830,3.0
10,34048,2.5
10,34150,3.0
10,34319,1.5
10,34405,4.5
10,34532,4.0
10,35836,2.0
10,36401,1.5
10,36529,2.5
10,37380,1.0
10,37386,3.5
10,37727,1.0
10,37733,1.0
10,37853,1.5
10,39435,1.0
10,39446,3.5
10,40583,1.0
10,40815,3.0
10,41566,3.5
10,41569,2.0
10,42738,2.0
10,43836,1.5
10,43919,1.5
10,43928,2.0
10,44022,3.5
10,44191,4.0
10,44397,2.5
10,44665,4.5
10,44759,2.0
10,44972,2.0
10,45062,2.5
10,45081,2.5
10,45186,2.5
10,45442,1.5
10,45447,3.5
10,45499,2.5
10,45517,3.0
10,45672,2.0
10,45720,2.5
10,45722,3.5
10,45728,4.0
10,45880,2.0
10,46723,2.0
10,46965,2.5
10,46972,2.5
10,47200,3.5
10,47610,4.0
10,47629,2.0
10,48142,1.5
10,48304,3.0
10,48322,1.5
10,48385,2.5
10,48394,3.0
10,48516,3.5
10,48780,3.0
10,48783,2.0
10,48877,2.0
10,49272,3.5
10,49278,3.0
10,49396,4.0
10,49530,3.0
10,49649,3.0
10,49651,1.5
10,50003,2.5
10,50794,2.5
10,50798,1.5
10,50804,3.5
10,51077,3.0
10,51084,1.5
10,51086,3.5
10,51412,3.0
10,51540,2.5
10,51662,4.0
10,51925,2.0
10,51927,3.5
10,51935,3.0
10,52281,3.5
10,52458,3.5
10,52460,1.5
10,52604,2.5
10,52722,2.5
10,53000,2.0
10,53121,3.0
10,53125,3.5
10,53131,2.0
10,53322,3.5
10,53464,3.0
10,53519,3.0
10,53953,3.5
10,53972,3.0
10,53996,3.5
10,54001,3.5
10,54259,3.0
10,54272,3.0
10,54648,2.5
10,54995,4.0
10,54999,4.0
10,55118,2.5
10,55232,3.0
10,55282,2.0
10,55553,2.0
10,55577,2.5
10,55820,3.0
10,56145,3.5
10,56156,3.0
10,56171,3.0
10,56174,3.0
10,56367,2.5
10,56757,4.5
10,56775,3.0
10,56782,2.5
10,56801,2.5
10,57368,3.0
10,57401,2.5
10,57528,3.0
10,57532,1.5
10,57534,3.0
10,57640,2.5
10,58025,2.5
10,58105,3.0
10,58293,3.0
10,58297,3.0
10,58559,4.0
10,59016,2.0
10,59315,3.5
10,59369,3.0
10,59501,3.5
10,59615,3.0
10,60037,2.0
10,60040,2.5
10,60069,2.5
10,60072,3.5
10,60684,3.5
10,60760,2.0
10,61132,3.0
10,61323,2.5
10,61361,2.0
10,62081,2.5
10,62394,2.5
10,62434,3.0
10,63113,3.5
10,63436,2.5
10,63853,3.0
10,64497,2.5
10,64839,3.0
10,64957,3.0
10,64983,3.0
10,65230,2.5
10,65601,2.5
10,65682,2.5
10,66203,2.0
10,66934,4.0
10,67197,2.5
10,67867,2.0
10,67923,2.0
10,68135,2.5
10,68157,4.0
10,68205,2.0
10,68319,3.0
10,68358,3.0
10,68554,3.5
10,68791,2.0
10,68954,3.0
10,69122,3.5
10,69134,2.5
10,69526,3.5
10,69644,3.0
10,69784,3.5
10,70159,3.0
10,70286,3.0
10,70336,2.5
10,71520,2.0
10,71535,3.0
10,72378,3.0
10,72641,3.5
10,72998,3.5
10,73017,3.5
10,74452,2.5
10,74458,3.5
10,74530,3.0
10,74685,2.5
10,74789,2.5
10,75805,2.5
10,76175,2.5
10,76251,4.0
10,77561,3.0
10,77866,2.0
10,78105,3.0
10,78266,2.0
10,79132,4.0
10,79139,2.5
10,79695,3.5
10,80363,2.5
10,80489,2.5
10,81229,3.0
10,81562,3.5
10,81591,3.5
10,81845,3.0
10,81932,3.0
10,82854,2.5
10,83613,2.5
10,84395,2.0
10,85414,3.0
10,85510,3.5
10,86295,2.0
10,86332,3.0
10,86880,3.5
10,87232,3.0
10,88140,3.0
10,89039,1.5
10,89087,2.5
10,89745,4.0
10,91128,3.0
10,91500,2.5
10,91529,3.5
10,91542,3.0
10,91630,3.0
10,91974,2.5
10,92422,3.0
10,92938,2.5
10,93805,4.0
10,93840,3.5
10,94478,3.0
10,94677,3.0
10,94777,2.5
10,94864,3.5
10,95441,3.5
10,95510,3.5
10,95875,2.5
10,96079,3.5
10,96610,3.5
10,97188,3.0
10,98054,2.5
10,98809,3.0
10,99112,3.0
10,99114,3.5
10,102125,3.0
10,102445,3.5
10,102880,2.0
10,102903,3.5
10,103228,2.5
10,103253,3.0
10,103772,3.5
10,104241,3.5
10,105653,2.5
10,105731,3.0
10,106072,3.0
10,106489,3.0
10,108190,2.5
10,108945,2.5
10,109673,3.5
10,109848,2.0
10,110102,3.0
10,110553,3.0
10,111360,3.0
10,111362,3.5
10,111659,3.0
10,112556,3.5
10,112852,4.0
10,113348,3.5
10,113573,3.5
10,114180,3.0
10,120799,3.0
10,122882,3.0
10,122886,4.0
10,122904,4.0
10,122920,2.5
10,122922,3.5
10,122924,3.5
10,128360,3.5
10,135536,3.5
10,135567,3.0
10,135569,2.5
10,136020,3.0
10,136864,3.0
10,149830,3.0
10,158813,3.0
10,159690,3.0
10,160571,3.0
10,166528,3.5
10,166558,2.5
10,166635,3.5
10,167370,2.5
10,168252,4.0
10,169984,3.5
10,176371,3.5
11,1,3.0
11,3,3.0
11,5,3.0
11,6,3.0
11,32,3.0
11,62,4.0
11,66,2.0
11,86,5.0
11,95,1.0
11,104,2.0
11,135,3.0
11,708,4.0
11,736,3.0
11,743,3.0
11,780,5.0
11,784,1.0
11,786,3.0
11,788,5.0
11,1073,2.0
11,1356,5.0
12,31,3.0
12,261,3.0
12,356,3.0
12,661,2.0
12,724,4.5
12,783,3.0
12,1022,3.0
12,1285,3.0
12,1307,3.5
12,1339,2.5
12,1371,0.5
12,1375,1.0
12,1513,2.0
12,1704,3.0
12,1888,4.5
12,2005,3.0
12,2248,2.0
12,2393,0.5
12,2605,3.0
12,2858,5.0
12,5620,4.5
12,7669,3.0
12,8948,4.0
13,6,5.0
13,11,3.0
13,25,3.0
13,86,3.0
13,110,5.0
13,161,4.0
13,225,4.0
13,296,2.0
13,318,5.0
13,356,5.0
13,357,3.0
13,361,3.0
13,377,3.0
13,380,4.0
13,457,4.0
13,475,4.0
13,527,4.0
13,539,4.0
13,587,4.0
13,589,5.0
13,593,4.0
13,597,3.0
13,733,3.0
13,912,4.0
13,920,4.0
13,969,4.0
13,1036,4.0
13,1088,4.0
13,1221,4.0
13,1233,4.0
13,1240,4.0
13,1266,2.0
13,1270,3.0
13,1271,3.0
13,1307,4.0
13,1343,4.0
13,1370,4.0
13,1500,3.0
13,1608,4.0
13,1610,4.0
13,1617,3.0
13,1625,3.0
13,1674,3.0
13,1704,5.0
13,1721,4.0
13,1722,3.0
13,2058,2.0
13,2231,2.0
13,2268,5.0
13,2278,3.0
13,2359,4.0
13,2571,2.0
13,2762,4.0
13,2858,4.0
13,3101,4.0
13,3105,4.0
13,3147,3.0
13,3252,4.0
13,3499,3.0
13,3512,4.0
13,3551,4.0
13,3755,3.0
13,3836,3.0
13,4041,5.0
13,4661,3.0
14,437,5.0
14,1238,5.0
14,1903,5.0
14,2246,4.5
14,2261,5.0
14,2335,5.0
14,2918,5.0
14,3804,5.0
14,3911,5.0
14,4010,5.0
14,4510,5.0
14,4619,5.0
14,4622,5.0
14,4816,5.0
14,5768,5.0
14,6141,5.0
14,7437,5.0
14,7706,5.0
14,7765,5.0
14,7879,5.0
14,8734,5.0
14,8757,5.0
14,8871,5.0
14,8994,5.0
14,26226,5.0
14,26841,5.0
14,33410,5.0
14,53189,5.0
14,54004,5.0
15,17,4.5
15,18,1.0
15,39,3.0
15,110,1.5
15,147,4.0
15,208,0.5
15,357,4.5
15,367,1.5
15,377,3.5
15,500,4.0
15,587,4.0
15,595,1.5
15,597,4.0
15,780,2.0
15,909,4.0
15,1032,4.0
15,1079,4.5
15,1088,4.0
15,1270,3.5
15,1307,4.5
15,1416,1.0
15,1527,4.0
15,1595,0.5
15,1704,5.0
15,1721,4.5
15,1894,2.0
15,1923,3.5
15,1961,5.0
15,1968,4.5
15,2115,2.5
15,2161,5.0
15,2174,4.0
15,2497,3.0
15,2683,1.5
15,2706,1.0
15,2710,1.0
15,2762,4.0
15,2858,5.0
15,2918,4.0
15,3079,4.0
15,3404,3.5
15,3489,4.0
15,3897,4.5
15,3948,4.0
15,3977,3.0
15,4246,4.0
15,4306,2.0
15,4886,1.5
15,4973,4.5
15,4995,4.5
15,5013,4.0
15,5349,3.0
15,5668,4.0
15,5816,1.0
15,5970,4.5
15,5989,4.0
15,6711,4.5
15,7153,4.0
15,8131,3.0
15,8360,1.5
15,46578,4.5
15,47610,4.5
15,55247,5.0
15,56171,3.0
15,56367,4.5
15,56757,3.5
15,59725,4.0
15,63082,4.0
15,63876,5.0
15,63992,3.0
15,65261,4.5
15,66665,5.0
15,67267,4.0
15,68157,3.5
15,68954,4.0
15,70862,3.0
15,72395,2.5
15,72998,3.5
15,73017,3.0
15,74789,3.0
15,79132,4.0
15,80969,4.5
16,110,1.0
16,145,1.5
16,356,1.0
16,527,2.0
16,589,1.0
16,1036,2.0
16,1196,0.5
16,1197,1.0
16,1198,3.5
16,1265,0.5
16,1291,3.5
16,1580,4.0
16,1702,1.5
16,2005,1.0
16,2006,1.0
16,2028,1.5
16,2353,4.5
16,2571,2.0
16,2717,2.5
16,2762,1.0
16,2763,3.0
16,2959,0.5
16,3005,3.0
16,3275,2.5
16,3285,3.0
16,3717,1.5
16,3793,1.5
16,3897,0.5
16,3911,0.5
16,3979,0.5
16,3994,3.5
16,4011,2.0
16,4018,2.5
16,4034,1.0
16,4148,3.0
16,4161,2.0
16,4226,3.5
16,4246,2.5
16,4270,4.0
16,4344,4.0
16,4367,3.5
16,4370,3.5
16,4447,2.0
16,4718,0.5
16,4744,1.0
16,4816,0.5
16,4876,2.0
16,4886,2.5
16,4963,3.0
16,4973,1.0
16,4975,3.0
16,4979,0.5
16,4993,4.0
16,5010,4.0
16,5110,2.0
16,5218,0.5
16,5313,3.0
16,5349,0.5
16,5418,4.0
16,5445,4.0
16,5459,3.5
16,5574,3.0
16,5952,4.0
16,5956,1.5
16,5989,4.5
16,6058,0.5
16,6155,3.0
16,6365,2.0
16,6373,1.5
16,6377,1.0
16,6378,3.0
16,6502,2.0
16,6539,3.5
16,6548,1.5
16,6564,3.0
16,6709,1.5
16,6863,0.5
16,6874,0.5
16,6934,1.5
16,7153,4.0
16,7254,3.5
16,7438,0.5
16,7445,2.5
16,8366,1.5
16,8373,3.0
16,8376,0.5
16,8528,2.0
16,8533,2.5
16,8644,3.0
16,8665,4.5
16,8784,1.0
16,8798,2.0
16,8874,1.0
16,8972,3.5
16,8984,4.0
16,27773,2.5
16,30749,1.5
16,30812,3.0
16,30825,0.5
16,31685,4.0
16,31696,3.0
16,32587,0.5
16,32596,3.0
16,33004,2.5
16,33679,3.0
16,33794,3.0
16,33836,3.0
16,34162,3.0
16,34319,3.0
16,34532,3.0
16,36401,3.0
16,36517,3.0
16,36519,3.0
16,40581,3.0
16,40629,2.5
16,40851,2.0
16,41566,2.5
16,42007,2.0
16,44191,0.5
16,44665,4.0
16,45447,4.0
16,45501,3.0
16,45672,1.0
16,45720,3.5
16,45722,3.5
16,46972,3.0
16,47099,3.5
16,47200,3.0
16,47610,3.5
16,48516,4.0
16,48774,3.0
16,48780,4.0
16,49278,4.5
16,49286,3.0
16,49530,3.0
16,53000,2.5
16,53125,4.0
16,53322,3.5
16,54272,3.0
16,54286,4.5
16,56145,2.5
16,56367,0.5
16,56757,2.0
16,56775,2.5
16,56949,3.0
16,57951,3.0
16,58295,3.0
16,58559,2.5
16,59315,1.5
16,59615,4.0
16,59784,0.5
16,60072,2.5
16,60074,4.0
16,60756,0.5
16,60937,4.0
16,61248,3.5
16,61323,1.0
16,63082,2.5
16,63992,0.5
16,64030,3.5
16,64716,2.5
16,64969,3.0
16,67923,3.0
16,68157,4.0
16,68358,2.5
16,68554,2.5
16,68793,3.0
16,69122,0.5
16,69306,3.5
16,69481,3.0
16,69640,3.0
16,69784,1.0
16,70183,3.0
16,70286,2.5
16,70336,3.0
16,71379,0.5
16,72641,3.0
16,73017,3.0
16,74450,4.0
16,74458,3.5
16,75805,3.0
16,78349,3.0
16,79132,5.0
16,79293,4.0
16,80463,3.0
16,80489,3.0
16,80549,2.5
16,80906,3.0
16,81229,4.0
16,81591,1.5
16,83134,2.5
16,84152,3.5
16,84374,3.0
16,84954,2.5
16,85020,3.5
16,85414,2.0
16,86833,1.5
16,86880,4.0
16,88405,3.5
16,89087,2.5
16,90717,3.0
16,91529,1.0
16,91535,5.0
16,91542,3.0
16,91978,3.0
16,92507,4.0
16,93270,2.0
16,93326,2.5
16,93510,2.0
16,93840,1.5
16,94405,3.5
16,94777,4.0
16,96588,2.0
16,96610,4.0
16,97225,1.0
16,97923,4.5
16,98809,3.0
16,99112,3.5
16,99114,3.0
16,100383,1.5
16,101362,4.0
16,102407,4.5
16,102445,4.0
16,102481,3.0
16,102903,4.5
16,103335,2.0
16,103339,4.0
16,103384,1.0
16,103810,4.5
16,104211,1.5
16,104243,2.0
16,106766,2.0
16,106782,3.5
16,106916,3.0
16,108188,4.0
16,108190,2.5
16,108949,3.0
16,109487,0.5
16,110730,3.5
16,110771,3.5
16,111360,3.0
16,111617,2.0
16,111759,1.5
16,112138,3.0
16,112171,4.0
16,112556,4.0
16,112852,3.0
16,114180,3.5
16,114439,3.0
16,115149,3.5
16,116797,4.0
16,117590,1.0
16,118696,3.5
16,119145,3.5
16,119155,3.0
16,122896,3.5
16,122904,3.0
16,122918,1.0
16,129354,4.5
16,130490,2.0
16,135436,1.0
16,135569,4.0
16,135887,3.0
16,136020,3.0
16,140110,3.5
16,143365,4.0
16,148626,1.0
16,152079,3.5
16,152083,3.5
16,155509,3.0
16,157699,5.0
16,159093,4.5
16,160271,4.0
16,160438,4.0
16,161580,3.0
16,162322,4.0
16,162606,5.0
16,165101,4.0
16,165103,2.0
16,165347,4.0
16,166946,3.5
16,167738,1.5
16,168248,5.0
16,170827,3.0
16,173145,3.0
16,174909,4.0
16,176101,4.0
16,177763,3.5
16,180231,0.5
16,183635,2.0
16,184471,4.0
16,187593,3.0
16,188749,4.0
16,192307,4.0
16,200818,4.0
17,1,4.0
17,6,4.0
17,25,4.0
17,50,5.0
17,157,3.0
17,260,5.0
17,296,5.0
17,318,4.0
17,480,4.0
17,527,5.0
17,593,5.0
17,750,4.0
17,780,4.0
17,924,5.0
17,1079,4.0
17,1136,5.0
17,1192,4.0
17,1196,5.0
17,1197,4.0
17,1198,5.0
17,1210,5.0
17,1262,4.0
17,1291,5.0
17,1297,5.0
17,1393,3.0
17,1500,4.0
17,1556,2.0
17,1580,4.0
17,1676,4.0
17,1704,5.0
17,1753,4.0
17,1961,5.0
17,1968,4.0
17,1997,5.0
17,2012,3.0
17,2022,5.0
17,2028,5.0
17,2290,3.0
17,2374,3.0
17,2402,3.0
17,2403,4.0
17,2404,3.0
17,2571,5.0
17,2628,5.0
17,2816,2.0
17,2858,5.0
17,2916,3.0
17,2918,5.0
17,2987,3.0
17,2997,4.0
17,3275,5.0
17,3510,3.0
17,3578,4.0
17,3753,4.0
17,3826,2.0
17,3967,4.0
17,3980,4.0
17,3994,5.0
17,3996,5.0
17,4022,5.0
17,4034,5.0
17,4055,4.0
17,4226,5.0
17,4239,5.0
17,4310,3.0
17,4678,3.0
17,4874,5.0
17,4890,4.0
17,4896,4.0
17,4901,4.0
17,4963,4.0
17,4975,4.0
17,4993,5.0
17,4995,5.0
17,5010,4.0
17,5025,4.0
17,5074,5.0
17,5266,4.0
17,5349,4.0
17,5378,5.0
17,5388,5.0
17,5418,5.0
17,5438,3.0
17,5445,5.0
17,5459,4.0
17,5500,3.0
18,32,3.0
18,47,4.0
18,50,5.0
18,147,3.0
18,150,2.5
18,215,3.0
18,260,2.0
18,296,4.0
18,318,5.0
18,345,5.0
18,364,5.0
18,377,2.5
18,527,2.5
18,539,3.5
18,588,5.0
18,589,2.0
18,592,4.0
18,593,5.0
18,595,4.0
18,778,5.0
18,902,5.0
18,910,5.0
18,1035,5.0
18,1061,3.0
18,1073,5.0
18,1089,4.0
18,1172,5.0
18,1193,5.0
18,1197,5.0
18,1219,5.0
18,1230,4.0
18,1240,2.0
18,1247,5.0
18,1258,4.5
18,1259,5.0
18,1270,5.0
18,1291,2.5
18,1405,1.0
18,1517,3.0
18,1527,3.0
18,1641,4.5
18,1704,3.5
18,1732,5.0
18,1784,5.0
18,1894,0.5
18,1923,2.5
18,1952,5.0
18,1961,5.0
18,2011,4.0
18,2012,4.0
18,2018,5.0
18,2028,3.0
18,2100,3.0
18,2124,4.0
18,2161,4.0
18,2174,4.0
18,2212,5.0
18,2324,4.0
18,2329,4.0
18,2396,3.0
18,2467,4.0
18,2539,3.5
18,2542,3.5
18,2683,3.0
18,2692,3.0
18,2694,2.0
18,2706,2.0
18,2762,3.5
18,2797,5.0
18,2858,5.0
18,2987,4.0
18,3033,5.0
18,3083,5.0
18,3159,4.5
18,3252,4.0
18,3392,4.0
18,3481,3.0
18,3949,5.0
18,3967,4.5
18,3983,3.5
18,4027,4.0
18,4226,3.0
18,4306,5.0
18,4361,5.0
18,4681,4.0
18,4823,1.0
18,4881,4.0
18,4886,4.5
18,4973,4.0
18,5349,4.5
18,5377,3.0
18,5414,3.0
18,5481,3.0
18,5945,3.0
18,5954,4.0
18,6377,5.0
18,6793,3.0
18,7147,5.0
18,7153,3.0
18,7361,4.0
18,8360,3.0
18,8530,3.5
18,8636,3.0
18,8949,3.5
18,8961,4.0
18,27803,5.0
18,32025,3.0
18,33794,3.5
18,35836,1.0
18,37741,4.5
18,38886,4.5
18,44555,5.0
18,46578,4.0
18,48696,3.0
18,48738,4.5
18,50872,4.0
18,51834,3.0
18,52722,3.0
18,52967,4.0
18,52975,3.0
18,53956,2.0
18,54094,3.5
18,54272,3.0
18,55276,3.5
18,55805,3.5
18,55820,4.5
18,56367,3.0
18,58559,4.5
18,59018,3.5
18,59315,4.0
18,61236,5.0
18,63876,2.5
18,64575,2.5
18,64839,3.5
18,66371,4.0
18,68358,2.0
18,68954,5.0
18,69122,4.0
19,1,3.0
19,364,5.0
19,588,5.0
19,594,5.0
19,595,4.0
19,616,4.0
19,661,3.0
19,709,4.0
19,920,5.0
19,1022,5.0
19,1032,5.0
19,1198,5.0
19,1201,5.0
19,1210,4.0
19,1214,3.0
19,1219,5.0
19,1230,4.0
19,1270,5.0
19,1282,5.0
19,1333,4.0
19,1348,5.0
19,1387,4.0
19,1405,5.0
19,1566,5.0
19,1754,5.0
19,1810,3.0
19,1907,4.0
19,2018,3.0
19,2078,3.0
19,2080,4.0
19,2081,2.0
19,2085,5.0
19,2087,5.0
19,2089,4.0
19,2090,4.0
19,2096,5.0
19,2102,5.0
19,2137,4.0
19,2355,4.0
19,2687,2.0
19,2700,4.0
19,2716,5.0
19,2761,3.0
19,2987,5.0
19,2993,4.0
19,3000,3.0
19,3114,5.0
20,1,5.0
20,32,4.0
20,47,4.0
20,50,4.5
20,110,3.0
20,150,3.5
20,260,5.0
20,296,5.0
20,318,5.0
20,356,2.0
20,364,4.0
20,367,5.0
20,380,4.0
20,457,4.0
20,480,5.0
20,500,2.0
20,527,5.0
20,541,4.0
20,588,4.0
20,589,5.0
20,593,5.0
20,608,5.0
20,750,3.0
20,780,4.0
20,858,4.5
20,903,4.0
20,904,5.0
20,908,5.0
20,911,4.0
20,912,5.0
20,919,3.0
20,1036,5.0
20,1079,5.0
20,1080,5.0
20,1089,3.0
20,1136,4.0
20,1148,4.0
20,1193,5.0
20,1196,5.0
20,1197,3.0
20,1198,5.0
20,1203,4.0
20,1208,2.0
20,1210,5.0
20,1213,3.0
20,1219,3.0
20,1220,5.0
20,1221,5.0
20,1225,5.0
20,1234,5.0
20,1240,4.0
20,1246,5.0
20,1265,5.0
20,1270,5.0
20,1278,5.0
20,1284,4.0
20,1291,5.0
20,1304,2.0
20,1374,1.0
20,1387,5.0
20,1527,4.0
20,1617,5.0
20,1663,4.0
20,1682,1.0
20,1961,3.0
20,2011,4.0
20,2019,4.0
20,2028,5.0
20,2115,4.0
20,2194,4.0
20,2324,5.0
20,2571,4.5
20,2716,4.0
20,2761,4.0
20,2762,3.0
20,2791,5.0
20,2858,4.0
20,2947,3.5
20,2959,2.5
20,3039,5.0
20,3114,5.0
20,3147,2.0
20,3253,2.0
20,3408,4.0
20,3578,4.0
20,3671,5.0
20,3751,4.0
20,3897,4.0
20,3977,2.0
20,4002,2.0
20,4034,5.0
20,4226,4.0
20,4306,4.0
20,4886,5.0
20,4973,3.5
20,4993,4.0
20,5218,4.0
20,5418,4.0
20,5952,4.0
20,6365,3.5
20,6377,4.0
20,6539,4.0
20,6711,3.0
20,6807,4.0
20,6874,3.0
20,6934,4.0
20,7153,4.0
20,7361,1.0
20,7438,3.0
20,8368,4.0
20,8961,5.0
20,33679,2.0
20,33794,4.0
20,34405,4.0
20,41566,2.0
20,44191,2.0
20,48516,3.0
20,48780,2.0
20,49530,4.0
20,58559,3.5
20,64614,4.0
20,68157,2.0
20,68954,3.5
20,70286,1.0
20,72998,4.5
20,79132,2.5
20,99114,1.0
20,115617,4.0
20,183837,3.5
20,183897,4.0
20,187541,4.0
20,187593,3.0
20,188773,5.0
20,189713,3.5
20,192385,2.0
20,192803,5.0
20,193065,2.5
20,194448,4.0
20,196417,4.0
20,200042,4.0
21,611,4.0
21,799,5.0
21,879,4.0
21,968,4.0
21,1105,4.0
21,1130,5.0
21,1214,5.0
21,1219,3.0
21,1258,5.0
21,1278,5.0
21,1321,4.0
21,1323,2.0
21,1327,5.0
21,1328,2.0
21,1333,3.0
21,1339,4.0
21,1342,2.0
21,1345,5.0
21,1347,4.0
21,1350,5.0
21,1387,5.0
21,1388,4.0
21,1407,4.0
21,1645,3.0
21,1975,2.0
21,1976,1.0
21,1977,2.0
21,1982,3.0
21,1991,5.0
21,1992,4.0
21,1993,3.0
21,1994,5.0
21,1995,5.0
21,1996,3.0
21,1997,5.0
22,260,4.0
22,316,3.0
22,318,5.0
22,471,4.0
22,551,4.0
22,745,5.0
22,1036,3.5
22,1136,4.5
22,1148,5.0
22,1196,4.0
22,1197,4.5
22,1198,4.0
22,1203,4.0
22,1394,4.5
22,1584,4.5
22,1732,4.0
22,2003,2.5
22,2762,3.5
22,4027,4.0
22,4973,5.0
22,4979,4.5
22,4993,4.5
22,5049,2.5
22,5952,4.5
22,5989,3.5
22,6537,3.0
22,6539,4.5
22,6936,4.0
22,8874,4.0
22,26479,3.5
22,45722,3.0
22,51255,3.5
22,52973,2.5
22,53125,3.5
22,59615,3.0
22,68791,2.5
22,71520,2.5
22,74458,4.0
22,79132,4.0
22,79293,3.5
22,93840,4.5
22,111759,3.5
22,115149,2.5
22,118900,4.0
22,120799,3.5
22,155509,4.0
22,159415,3.0
22,177763,3.5
22,182823,3.5
22,191489,3.5
22,197889,4.0
22,200838,4.0
22,202439,4.5
22,205297,2.5
22,207313,5.0
22,207830,3.5
22,210271,2.5
22,218867,3.0
22,235509,2.5
22,247150,3.0
22,278420,4.0
22,279412,3.5
22,280236,4.0
23,1,3.0
23,260,3.0
23,296,4.0
23,318,5.0
23,356,4.0
23,1196,3.0
23,1704,4.0
23,2028,5.0
23,2571,3.5
23,2890,4.0
23,2959,4.5
23,45672,5.0
23,58559,4.0
23,59315,5.0
23,69122,4.5
23,72998,4.5
23,79132,5.0
23,80463,5.0
23,80489,5.0
23,81932,5.0
23,84392,4.5
23,85414,4.0
23,88744,4.5
23,91529,4.0
23,93510,4.0
23,98961,4.5
23,101864,4.5
23,106100,4.5
23,109487,5.0
23,110110,5.0
23,111759,5.0
23,112183,5.0
23,112852,3.5
23,113348,4.5
23,115210,5.0
23,115569,3.5
23,115713,4.0
23,116797,5.0
23,122904,4.0
23,122914,4.0
23,134130,5.0
23,138036,5.0
23,138210,5.0
23,142488,5.0
23,143385,5.0
23,148626,5.0
23,155288,4.0
23,157699,5.0
23,158238,4.0
23,160980,4.5
23,163645,4.5
23,164179,5.0
23,167544,4.5
23,168252,3.0
23,176751,5.0
23,185029,4.0
23,194448,4.0
23,197691,5.0
23,209595,5.0
23,210861,5.0
23,213914,4.5
23,219444,4.5
23,250010,5.0
24,1,4.0
24,34,4.0
24,65,3.0
24,260,3.0
24,333,1.0
24,364,3.0
24,586,3.0
24,588,2.0
24,595,4.0
24,745,4.0
24,837,4.0
24,1095,4.0
24,1148,5.0
24,1198,4.0
24,1223,3.0
24,1282,2.0
24,1587,2.0
24,1907,4.0
24,1919,3.0
24,1959,5.0
24,1966,5.0
24,1968,4.0
24,2083,3.0
24,2294,4.0
24,2324,5.0
24,2355,4.0
24,2384,3.0
24,2501,5.0
24,2539,3.0
24,2571,4.0
24,2572,4.0
24,2599,3.0
24,2671,4.0
24,2692,4.0
24,2700,3.0
24,2710,3.0
24,2759,3.0
24,2761,4.0
24,2762,4.0
24,2858,2.0
24,2891,3.0
24,3006,2.0
24,3052,3.0
24,3114,4.0
24,3897,4.0
25,20,2.5
25,32,4.0
25,110,3.5
25,173,2.0
25,196,3.0
25,260,3.5
25,292,3.0
25,296,4.0
25,318,3.5
25,379,2.5
25,420,3.0
25,442,3.0
25,457,3.5
25,480,3.5
25,517,3.0
25,541,4.5
25,589,3.5
25,1090,4.0
25,1100,3.0
25,1198,3.5
25,1200,4.0
25,1222,4.0
25,1240,4.0
25,1265,4.0
25,1270,3.5
25,1291,3.5
25,1356,4.0
25,1370,3.5
25,1373,3.5
25,1375,3.5
25,1376,3.5
25,1610,4.0
25,1690,4.0
25,1704,3.5
25,1876,3.0
25,1917,3.0
25,2002,3.0
25,2011,3.0
25,2012,3.0
25,2470,3.0
25,2471,3.0
25,2571,4.0
25,2808,3.0
25,2916,3.0
25,2959,3.0
25,3033,3.5
25,3147,3.5
25,3448,4.0
25,3527,3.0
25,3578,4.0
25,3698,3.0
25,4085,3.0
25,4200,2.0
25,4226,3.5
25,4613,2.5
25,4614,2.0
25,4673,3.0
25,4993,4.0
25,5027,3.0
25,5049,3.0
25,5418,4.0
25,5459,3.0
25,5944,3.5
25,5952,4.0
25,6365,4.0
25,6377,3.5
25,6812,3.0
25,6874,4.0
25,6934,3.5
25,6979,3.0
25,7007,3.5
25,7016,2.0
25,7017,2.5
25,7153,4.0
25,7438,4.0
25,8623,3.0
25,8644,3.5
25,30707,3.0
25,30793,2.5
25,50872,3.0
25,60069,4.0
25,99114,4.0
25,108945,2.5
25,120799,3.0
25,134130,4.0
25,135569,3.0
25,194448,3.0
26,47,5.0
26,50,5.0
26,296,5.0
26,318,5.0
26,527,4.0
26,593,5.0
26,858,5.0
26,1089,4.5
26,1208,3.5
26,1213,5.0
26,1221,4.0
26,1617,5.0
26,1704,5.0
26,2028,4.0
26,2329,4.5
26,2571,5.0
26,2858,5.0
26,2959,5.0
26,3147,5.0
26,3949,3.5
26,4226,4.5
26,4878,4.0
26,4993,3.0
26,5989,4.5
26,7361,4.0
26,48516,5.0
26,49530,5.0
26,58559,5.0
26,202439,4.0
26,203375,3.5
26,204698,3.0
26,207313,4.0
26,208703,5.0
27,3578,4.0
27,3623,3.5
27,3755,3.0
27,3996,4.0
27,4025,3.0
27,4226,2.0
27,4246,4.0
27,4270,2.5
27,4638,3.0
27,4643,3.0
27,4848,4.0
27,4896,3.5
27,4963,4.0
27,4993,5.0
27,5010,3.0
27,5349,4.0
27,5378,4.0
27,5418,4.5
27,5445,3.0
27,5464,3.5
27,5481,3.5
27,5816,3.5
27,5952,4.5
27,5956,4.0
27,6365,4.0
27,6537,3.5
27,6874,4.5
27,6934,4.0
27,6942,3.5
27,7153,4.5
27,7438,4.5
27,7458,4.0
27,8368,4.0
27,8636,3.5
27,8644,3.5
27,8665,4.5
27,8984,4.0
27,30707,3.0
27,32587,4.0
27,33493,4.5
27,33794,4.5
27,34405,3.0
27,40815,4.0
27,41566,3.0
27,48385,3.5
27,49272,4.5
27,51255,4.0
27,51662,3.0
27,54001,4.0
27,54286,4.5
27,55820,2.5
27,58559,4.0
27,59369,4.0
27,64614,3.0
27,68157,3.0
27,68358,4.0
27,69844,4.0
27,81591,3.0
27,81834,4.5
27,88125,4.5
27,91529,4.0
27,99114,3.5
28,1,4.0
28,2,3.0
28,3,4.0
28,5,2.0
28,6,3.0
28,7,3.0
28,8,3.0
28,10,3.0
28,11,5.0
28,15,2.0
28,16,3.0
28,17,4.0
28,18,3.0
28,21,4.0
28,22,3.0
28,23,2.0
28,24,3.0
28,25,3.0
28,27,2.0
28,31,3.0
28,32,5.0
28,34,5.0
28,36,3.0
28,39,4.0
28,42,2.0
28,44,2.0
28,45,3.0
28,46,2.0
28,47,4.0
28,48,3.0
28,50,5.0
28,52,3.0
28,54,1.0
28,57,3.0
28,62,4.0
28,65,2.0
28,71,2.0
28,72,4.0
28,75,1.0
28,78,3.0
28,81,2.0
28,86,3.0
28,88,2.0
28,89,3.0
28,92,2.0
28,94,5.0
28,95,2.0
28,101,4.0
28,104,4.0
28,107,3.0
28,110,5.0
28,111,5.0
28,112,3.0
28,118,2.0
28,119,3.0
28,122,2.0
28,125,4.0
28,135,2.0
28,141,4.0
28,144,4.0
28,145,2.0
28,147,4.0
28,150,4.0
28,151,5.0
28,153,2.0
28,155,2.0
28,157,4.0
28,158,2.0
28,159,2.0
28,160,1.0
28,161,3.0
28,162,4.0
28,163,4.0
28,165,3.0
28,166,3.0
28,168,2.0
28,170,3.0
28,172,3.0
28,173,3.0
28,174,1.0
28,175,4.0
28,176,4.0
28,179,2.0
28,180,4.0
28,185,2.0
28,188,4.0
28,191,2.0
28,193,2.0
28,196,3.0
28,198,3.0
28,205,3.0
28,207,3.0
28,208,2.0
28,209,4.0
28,210,3.0
28,215,4.0
28,216,3.0
28,218,2.0
28,222,4.0
28,223,5.0
28,224,4.0
28,225,2.0
28,228,1.0
28,230,3.0
28,231,3.0
28,233,4.0
28,235,4.0
28,236,3.0
28,242,4.0
28,247,4.0
28,249,4.0
28,251,3.5
28,252,3.0
28,253,3.0
28,257,2.0
28,259,3.0
28,260,5.0
28,261,4.0
28,262,4.0
28,266,5.0
28,267,4.0
28,273,2.0
28,276,3.0
28,277,2.0
28,280,4.0
28,282,2.5
28,288,3.0
28,290,5.0
28,292,3.0
28,293,5.0
28,296,5.0
28,300,4.0
28,303,3.0
28,308,4.0
28,312,2.0
28,314,3.0
28,315,2.0
28,316,3.0
28,318,5.0
28,319,4.0
28,322,5.0
28,325,2.0
28,327,3.0
28,329,3.0
28,333,3.0
28,337,4.0
28,338,2.0
28,339,3.0
28,340,3.0
28,342,4.0
28,344,2.0
28,345,4.0
28,346,3.0
28,348,4.0
28,349,3.0
28,350,2.0
28,352,2.0
28,353,5.0
28,355,1.0
28,356,5.0
28,357,4.0
28,358,3.0
28,361,2.0
28,364,4.0
28,367,4.0
28,368,4.0
28,372,4.0
28,373,4.0
28,374,1.0
28,377,4.0
28,379,2.0
28,380,4.0
28,382,3.0
28,383,3.0
28,386,3.0
28,408,2.0
28,412,4.0
28,413,2.0
28,414,2.0
28,415,2.0
28,416,2.0
28,417,5.0
28,420,2.0
28,421,3.0
28,423,2.0
28,427,3.0
28,428,4.0
28,429,2.0
28,431,5.0
28,432,2.0
28,434,3.0
28,436,2.0
28,438,2.0
28,440,3.0
28,441,4.0
28,442,3.0
28,444,2.0
28,448,3.0
28,450,3.0
28,453,3.0
28,454,3.0
28,457,5.0
28,458,3.0
28,459,2.0
28,464,2.0
28,466,2.0
28,471,5.0
28,474,4.0
28,475,5.0
28,477,3.5
28,479,2.0
28,480,4.0
28,481,3.0
28,482,4.0
28,485,3.0
28,487,2.0
28,490,4.0
28,491,4.0
28,493,4.0
28,494,4.0
28,497,5.0
28,500,3.0
28,504,3.0
28,507,3.0
28,508,3.5
28,511,2.0
28,514,3.0
28,516,3.0
28,517,2.0
28,519,2.0
28,521,3.0
28,524,5.0
28,527,4.0
28,529,4.0
28,533,2.0
28,535,3.0
28,537,4.0
28,538,4.0
28,539,2.0
28,540,2.0
28,541,5.0
28,542,2.0
28,543,4.0
28,544,2.0
28,550,3.0
28,551,4.0
28,552,3.0
28,553,4.0
28,555,5.0
28,556,2.0
28,558,3.0
28,562,4.0
28,564,2.0
28,574,4.0
28,585,2.5
28,586,3.0
28,587,3.0
28,588,4.0
28,589,5.0
28,590,4.0
28,592,4.0
28,593,4.0
28,594,4.0
28,595,3.0
28,596,4.0
28,597,3.0
28,599,5.0
28,605,3.0
28,608,5.0
28,610,4.0
28,612,2.0
28,616,4.0
28,628,4.0
28,635,3.0
28,647,3.0
28,648,4.0
28,650,3.0
28,653,3.0
28,661,4.0
28,662,2.0
28,663,3.0
28,671,4.0
28,673,2.0
28,694,3.0
28,697,3.0
28,700,4.0
28,704,2.0
28,707,2.0
28,708,4.0
28,710,2.0
28,719,1.0
28,720,5.0
28,724,2.0
28,733,3.0
28,735,4.0
28,736,3.0
28,737,3.0
28,741,5.0
28,742,1.0
28,743,2.0
28,745,5.0
28,748,3.0
28,750,5.0
28,761,2.0
28,762,2.0
28,765,2.0
28,778,5.0
28,780,4.0
28,782,2.0
28,784,3.0
28,786,3.0
28,788,3.0
28,799,4.0
28,802,3.0
28,804,3.0
28,805,2.0
28,809,2.0
28,829,2.0
28,830,1.0
28,832,3.0
28,835,3.0
28,836,2.0
28,838,3.0
28,839,1.0
28,842,2.0
28,848,4.0
28,849,2.0
28,852,4.0
28,858,5.0
28,866,5.0
28,880,2.0
28,886,3.0
28,899,5.0
28,900,4.0
28,902,4.0
28,903,5.0
28,904,5.0
28,908,4.0
28,909,4.0
28,910,5.0
28,912,5.0
28,913,4.0
28,915,4.0
28,916,5.0
28,919,4.0
28,923,5.0
28,924,5.0
28,933,4.0
28,950,2.5
28,951,4.0
28,953,5.0
28,968,4.0
28,969,4.0
28,973,4.0
28,990,2.0
28,991,4.0
28,994,4.0
28,996,3.0
28,999,3.0
28,1003,2.0
28,1007,2.0
28,1009,2.0
28,1010,2.0
28,1012,4.0
28,1013,3.0
28,1014,3.0
28,1016,3.0
28,1020,2.0
28,1021,1.0
28,1022,4.0
28,1023,4.0
28,1024,4.0
28,1025,4.0
28,1027,4.0
28,1028,4.0
28,1029,4.0
28,1030,2.0
28,1032,4.0
28,1033,3.0
28,1035,5.0
28,1036,5.0
28,1037,3.0
28,1040,3.0
28,1042,3.0
28,1043,2.0
28,1047,2.0
28,1049,3.0
28,1050,4.0
28,1051,3.0
28,1059,4.0
28,1060,5.0
28,1061,3.0
28,1073,4.0
28,1079,5.0
28,1080,5.0
28,1084,3.0
28,1088,3.0
28,1089,5.0
28,1090,5.0
28,1091,2.0
28,1092,4.0
28,1093,3.0
28,1094,3.0
28,1095,4.0
28,1097,4.0
28,1100,3.5
28,1101,5.0
28,1103,5.0
28,1104,4.0
28,1120,4.0
28,1121,4.0
28,1127,3.0
28,1129,4.0
28,1135,3.0
28,1136,5.0
28,1148,5.0
28,1171,2.0
28,1172,4.0
28,1173,3.0
28,1178,4.0
28,1187,2.0
28,1188,4.0
28,1190,3.0
28,1191,3.0
28,1193,4.0
28,1194,3.0
28,1196,5.0
28,1197,5.0
28,1198,5.0
28,1199,5.0
28,1200,5.0
28,1201,5.0
28,1204,5.0
28,1206,5.0
28,1207,5.0
28,1208,5.0
28,1209,4.5
28,1210,5.0
28,1212,4.0
28,1213,5.0
28,1214,5.0
28,1215,4.0
28,1216,3.0
28,1217,5.0
28,1218,4.0
28,1220,5.0
28,1221,5.0
28,1222,5.0
28,1223,5.0
28,1224,4.0
28,1225,5.0
28,1228,4.0
28,1231,5.0
28,1233,5.0
28,1234,5.0
28,1235,4.0
28,1240,5.0
28,1242,4.0
28,1243,5.0
28,1245,4.0
28,1246,4.0
28,1247,5.0
28,1249,5.0
28,1250,5.0
28,1252,5.0
28,1257,5.0
28,1259,5.0
28,1261,4.0
28,1262,5.0
28,1263,4.0
28,1265,4.0
28,1266,5.0
28,1267,4.0
28,1268,4.0
28,1270,5.0
28,1271,2.0
28,1272,4.0
28,1274,4.0
28,1275,4.0
28,1276,5.0
28,1277,5.0
28,1278,4.0
28,1282,5.0
28,1285,5.0
28,1286,3.0
28,1288,3.0
28,1290,5.0
28,1291,4.0
28,1293,3.0
28,1297,5.0
28,1298,4.0
28,1299,5.0
28,1302,4.0
28,1303,4.0
28,1304,5.0
28,1307,4.0
28,1320,3.0
28,1321,3.0
28,1332,3.0
28,1339,4.0
28,1343,4.0
28,1344,3.5
28,1347,3.0
28,1356,3.0
28,1357,4.0
28,1358,4.0
28,1370,4.0
28,1371,3.0
28,1372,3.0
28,1373,3.0
28,1374,4.0
28,1375,3.0
28,1376,3.0
28,1377,4.0
28,1378,4.0
28,1379,3.0
28,1380,3.0
28,1382,2.0
28,1387,4.0
28,1390,2.0
28,1391,4.0
28,1393,4.0
28,1394,5.0
28,1396,4.0
28,1399,3.0
28,1405,4.0
28,1407,4.0
28,1408,5.0
28,1409,1.0
28,1425,3.0
28,1430,3.0
28,1438,2.0
28,1441,3.0
28,1442,4.0
28,1445,2.0
28,1454,3.0
28,1457,2.0
28,1459,3.0
28,1464,2.0
28,1466,3.0
28,1476,4.0
28,1479,3.0
28,1484,4.0
28,1485,3.0
28,1488,3.0
28,1498,4.0
28,1499,2.0
28,1500,5.0
28,1513,3.0
28,1515,2.0
28,1517,5.0
28,1527,5.0
28,1541,2.0
28,1542,4.0
28,1544,2.0
28,1552,3.0
28,1562,2.0
28,1569,4.0
28,1573,3.0
28,1580,4.0
28,1584,3.0
28,1587,5.0
28,1589,5.0
28,1591,3.0
28,1593,2.0
28,1594,4.0
28,1597,3.0
28,1598,2.0
28,1600,3.0
28,1601,3.0
28,1605,3.0
28,1608,3.0
28,1609,2.0
28,1610,5.0
28,1611,3.0
28,1614,3.0
28,1617,5.0
28,1620,3.0
28,1625,4.0
28,1627,2.0
28,1635,4.0
28,1639,4.0
28,1641,4.0
28,1644,2.0
28,1645,3.0
28,1647,3.0
28,1653,4.0
28,1656,4.0
28,1658,3.0
28,1663,5.0
28,1667,2.0
28,1673,4.0
28,1674,4.0
28,1676,4.0
28,1678,3.0
28,1680,3.0
28,1682,4.0
28,1687,2.0
28,1689,4.0
28,1690,3.0
28,1701,2.0
28,1704,5.0
28,1711,5.0
28,1717,4.0
28,1719,4.0
28,1721,4.0
28,1722,3.0
28,1726,2.0
28,1729,3.0
28,1732,5.0
28,1735,4.0
28,1747,4.0
28,1748,4.0
28,1753,2.5
28,1769,3.0
28,1777,4.0
28,1779,1.0
28,1784,5.0
28,1785,4.0
28,1792,3.0
28,1799,4.0
28,1801,2.0
28,1804,2.0
28,1805,4.0
28,1810,3.0
28,1812,4.0
28,1816,3.0
28,1821,3.0
28,1831,1.0
28,1833,2.0
28,1836,4.5
28,1840,4.0
28,1845,4.0
28,1863,2.0
28,1866,2.0
28,1870,3.0
28,1876,3.0
28,1882,3.0
28,1883,3.0
28,1884,4.0
28,1885,4.0
28,1894,3.0
28,1895,4.0
28,1907,4.0
28,1909,3.0
28,1912,3.0
28,1914,4.0
28,1917,4.0
28,1918,2.0
28,1920,3.0
28,1921,4.0
28,1922,3.0
28,1923,5.0
28,1944,4.0
28,1945,4.0
28,1947,4.0
28,1950,4.0
28,1952,4.0
28,1953,3.5
28,1954,4.0
28,1957,3.0
28,1961,4.0
28,1965,4.0
28,1966,4.0
28,1967,4.0
28,1968,5.0
28,1970,2.0
28,1991,2.0
28,1994,4.0
28,1997,4.0
28,2000,3.0
28,2001,3.0
28,2002,3.0
28,2003,4.0
28,2005,5.0
28,2006,2.0
28,2007,2.0
28,2010,4.0
28,2011,3.0
28,2012,3.0
28,2014,3.0
28,2015,3.0
28,2018,4.0
28,2019,5.0
28,2020,5.0
28,2021,5.0
28,2025,4.0
28,2026,2.0
28,2028,5.0
28,2033,4.0
28,2035,3.0
28,2044,2.0
28,2046,3.0
28,2048,3.0
28,2052,2.0
28,2054,3.0
28,2058,3.0
28,2060,4.0
28,2064,3.0
28,2067,4.0
28,2072,3.0
28,2076,4.0
28,2077,4.0
28,2078,4.0
28,2080,4.0
28,2081,4.0
28,2082,2.0
28,2083,4.0
28,2084,2.0
28,2085,4.0
28,2087,5.0
28,2088,3.0
28,2089,4.0
28,2090,4.0
28,2091,3.0
28,2093,3.0
28,2094,2.0
28,2095,3.0
28,2096,4.0
28,2097,3.0
28,2100,3.0
28,2103,2.0
28,2105,3.0
28,2106,3.0
28,2109,3.0
28,2110,4.0
28,2114,5.0
28,2115,4.0
28,2116,4.0
28,2117,3.0
28,2119,2.0
28,2120,2.0
28,2124,2.0
28,2125,3.0
28,2126,3.0
28,2130,3.0
28,2133,4.0
28,2134,5.0
28,2137,4.0
28,2138,4.0
28,2139,4.0
28,2140,5.0
28,2141,4.0
28,2143,4.0
28,2144,5.0
28,2145,4.0
28,2146,4.0
28,2147,3.0
28,2148,2.0
28,2155,3.0
28,2161,4.0
28,2167,2.0
28,2169,2.0
28,2172,3.0
28,2174,4.0
28,2182,3.5
28,2188,2.0
28,2193,5.0
28,2194,4.0
28,2231,3.0
28,2236,4.0
28,2240,3.0
28,2241,3.0
28,2244,1.0
28,2245,3.0
28,2248,5.0
28,2249,3.0
28,2252,3.0
28,2253,1.0
28,2259,2.0
28,2260,2.0
28,2261,5.0
28,2262,3.0
28,2263,2.0
28,2264,3.0
28,2266,2.0
28,2268,4.0
28,2269,2.0
28,2271,3.0
28,2275,4.0
28,2278,4.0
28,2279,2.0
28,2282,3.0
28,2289,4.0
28,2291,4.0
28,2294,4.0
28,2297,2.0
28,2300,4.0
28,2301,3.0
28,2302,5.0
28,2313,4.0
28,2318,4.0
28,2320,2.5
28,2321,5.0
28,2322,3.0
28,2325,4.0
28,2328,2.0
28,2329,5.0
28,2335,4.0
28,2338,2.0
28,2340,2.0
28,2342,3.0
28,2348,4.0
28,2353,4.0
28,2355,4.0
28,2367,2.0
28,2369,2.0
28,2371,4.0
28,2372,2.0
28,2373,2.0
28,2374,3.0
28,2375,3.0
28,2376,3.0
28,2378,3.0
28,2379,1.0
28,2387,2.0
28,2393,3.0
28,2394,3.0
28,2395,5.0
28,2396,5.0
28,2398,4.0
28,2399,2.0
28,2401,5.0
28,2402,3.0
28,2403,4.0
28,2404,2.0
28,2405,3.0
28,2406,4.0
28,2407,4.0
28,2408,2.0
28,2409,4.0
28,2410,3.0
28,2411,3.0
28,2412,2.0
28,2414,4.0
28,2416,4.0
28,2420,4.0
28,2421,2.0
28,2423,2.0
28,2424,3.5
28,2425,4.0
28,2427,4.0
28,2428,2.0
28,2430,2.0
28,2433,2.0
28,2443,4.0
28,2447,4.0
28,2450,2.0
28,2453,2.0
28,2455,4.0
28,2456,2.0
28,2457,5.0
28,2458,3.0
28,2468,2.0
28,2469,3.0
28,2470,4.0
28,2471,2.0
28,2472,4.0
28,2473,3.0
28,2474,4.0
28,2476,5.0
28,2478,3.0
28,2482,3.0
28,2485,3.0
28,2490,3.0
28,2496,3.0
28,2500,3.0
28,2501,4.0
28,2502,4.0
28,2513,2.0
28,2528,3.0
28,2529,3.0
28,2539,3.0
28,2541,2.0
28,2542,5.0
28,2549,3.0
28,2551,3.0
28,2552,2.0
28,2558,2.0
28,2563,3.0
28,2570,3.0
28,2571,5.0
28,2572,4.0
28,2575,3.0
28,2580,5.0
28,2581,3.0
28,2598,2.0
28,2599,4.0
28,2600,4.0
28,2605,1.0
28,2606,3.0
28,2607,3.5
28,2615,2.0
28,2616,3.0
28,2617,2.0
28,2622,3.0
28,2628,4.0
28,2640,3.0
28,2641,3.0
28,2642,3.0
28,2643,2.0
28,2657,4.0
28,2671,4.0
28,2672,3.0
28,2676,2.0
28,2683,4.0
28,2686,4.0
28,2690,3.0
28,2692,5.0
28,2694,3.0
28,2699,2.0
28,2700,4.0
28,2702,2.0
28,2706,5.0
28,2707,3.0
28,2712,4.0
28,2716,5.0
28,2717,3.0
28,2718,4.0
28,2722,2.0
28,2723,3.0
28,2724,1.0
28,2726,4.0
28,2730,4.0
28,2734,3.0
28,2735,3.0
28,2736,4.0
28,2745,4.0
28,2746,4.0
28,2751,4.0
28,2759,3.0
28,2761,4.0
28,2762,3.0
28,2763,2.0
28,2766,3.0
28,2769,4.0
28,2770,3.0
28,2779,3.0
28,2787,3.0
28,2791,4.0
28,2792,2.0
28,2793,2.0
28,2794,3.0
28,2795,3.0
28,2797,4.0
28,2802,3.0
28,2803,2.0
28,2804,4.0
28,2806,2.0
28,2808,3.0
28,2815,2.0
28,2816,1.0
28,2819,4.0
28,2822,2.0
28,2826,3.0
28,2835,1.0
28,2836,5.0
28,2857,3.0
28,2858,5.0
28,2861,3.0
28,2867,3.0
28,2871,3.0
28,2872,5.0
28,2877,4.0
28,2881,2.0
28,2883,4.0
28,2884,2.0
28,2888,1.5
28,2889,4.0
28,2890,5.0
28,2891,3.0
28,2893,3.0
28,2908,4.0
28,2912,4.0
28,2915,4.0
28,2916,4.0
28,2918,5.0
28,2921,4.0
28,2922,4.0
28,2928,4.0
28,2940,4.0
28,2942,2.0
28,2944,5.0
28,2947,3.0
28,2948,3.0
28,2949,3.0
28,2950,2.0
28,2951,4.0
28,2959,5.0
28,2968,4.0
28,2979,3.0
28,2985,4.0
28,2986,2.0
28,2987,4.0
28,2989,3.0
28,2990,3.0
28,2991,3.0
28,2996,2.0
28,2997,5.0
28,3000,5.0
28,3004,1.0
28,3005,1.0
28,3006,4.0
28,3008,4.0
28,3019,4.0
28,3020,4.0
28,3030,4.5
28,3033,4.0
28,3034,5.0
28,3036,3.0
28,3037,4.0
28,3039,4.0
28,3040,4.0
28,3041,1.0
28,3044,3.0
28,3051,3.0
28,3052,3.0
28,3053,4.0
28,3060,4.0
28,3063,2.0
28,3066,4.0
28,3070,4.0
28,3071,4.0
28,3078,4.0
28,3079,3.0
28,3081,5.0
28,3082,3.0
28,3087,4.0
28,3098,4.0
28,3100,4.0
28,3101,4.0
28,3104,5.0
28,3105,3.0
28,3107,4.0
28,3108,3.0
28,3111,4.0
28,3114,5.0
28,3117,4.0
28,3127,2.0
28,3138,3.0
28,3142,4.0
28,3145,4.0
28,3146,3.0
28,3147,4.0
28,3148,4.0
28,3157,4.0
28,3160,5.0
28,3168,4.0
28,3169,4.0
28,3173,3.0
28,3174,3.0
28,3175,4.0
28,3178,4.0
28,3179,3.0
28,3181,4.0
28,3186,3.0
28,3189,4.0
28,3197,3.0
28,3198,4.0
28,3203,3.0
28,3206,2.0
28,3210,4.0
28,3219,2.0
28,3225,1.0
28,3238,2.0
28,3243,2.0
28,3247,2.0
28,3249,3.0
28,3250,3.0
28,3251,3.0
28,3252,5.0
28,3253,3.0
28,3254,3.0
28,3255,4.0
28,3256,3.0
28,3257,2.0
28,3258,2.0
28,3259,4.0
28,3261,4.0
28,3262,3.0
28,3263,2.0
28,3264,3.0
28,3267,4.0
28,3269,3.0
28,3270,2.5
28,3271,5.0
28,3272,3.0
28,3273,3.0
28,3275,5.0
28,3285,3.0
28,3296,5.0
28,3298,4.0
28,3300,4.0
28,3301,4.0
28,3308,4.0
28,3316,2.0
28,3317,4.0
28,3328,4.0
28,3347,4.0
28,3359,4.0
28,3360,5.0
28,3361,4.0
28,3362,4.0
28,3363,5.0
28,3365,4.0
28,3378,4.0
28,3385,5.0
28,3386,3.0
28,3388,2.0
28,3391,2.0
28,3393,1.0
28,3394,2.0
28,3396,4.0
28,3397,4.0
28,3398,3.0
28,3408,3.0
28,3418,4.0
28,3421,5.0
28,3424,4.0
28,3425,3.0
28,3436,2.0
28,3438,2.0
28,3441,4.0
28,3444,3.0
28,3448,4.0
28,3450,4.0
28,3452,3.0
28,3461,3.0
28,3471,4.0
28,3476,3.0
28,3477,3.0
28,3478,2.0
28,3479,4.0
28,3480,4.0
28,3481,5.0
28,3483,1.5
28,3484,2.0
28,3489,4.0
28,3499,4.0
28,3504,4.0
28,3505,5.0
28,3507,5.0
28,3508,5.0
28,3510,4.0
28,3512,4.0
28,3513,1.5
28,3515,3.0
28,3524,2.0
28,3525,3.0
28,3526,4.0
28,3527,4.0
28,3535,4.0
28,3536,4.0
28,3538,3.0
28,3539,2.5
28,3543,4.0
28,3552,4.0
28,3555,3.0
28,3556,4.0
28,3565,3.0
28,3566,4.0
28,3578,5.0
28,3581,3.0
28,3591,2.0
28,3594,3.0
28,3599,4.0
28,3606,5.0
28,3608,3.0
28,3614,2.0
28,3615,3.0
28,3616,2.0
28,3617,4.0
28,3618,2.0
28,3623,4.0
28,3625,2.0
28,3635,3.0
28,3638,3.0
28,3639,3.0
28,3654,4.0
28,3671,4.0
28,3672,2.0
28,3675,4.0
28,3684,3.0
28,3686,4.0
28,3688,3.0
28,3693,3.0
28,3697,2.0
28,3698,4.0
28,3699,3.0
28,3701,2.5
28,3702,4.0
28,3703,4.0
28,3704,3.0
28,3705,2.0
28,3707,3.0
28,3708,3.0
28,3710,2.0
28,3712,3.0
28,3717,3.0
28,3725,4.0
28,3729,3.0
28,3735,4.0
28,3740,5.0
28,3745,4.0
28,3747,3.0
28,3751,5.0
28,3752,3.0
28,3753,3.0
28,3754,3.0
28,3755,3.0
28,3763,3.0
28,3765,3.0
28,3766,2.0
28,3770,2.0
28,3783,4.0
28,3784,4.0
28,3785,3.0
28,3786,2.0
28,3788,3.5
28,3790,4.0
28,3791,4.0
28,3793,4.0
28,3794,3.0
28,3802,2.0
28,3809,3.0
28,3810,3.0
28,3823,4.0
28,3825,2.0
28,3826,2.0
28,3827,2.0
28,3831,3.0
28,3835,2.0
28,3836,5.0
28,3841,2.0
28,3844,2.0
28,3847,2.0
28,3852,4.0
28,3858,3.0
28,3861,4.0
28,3862,4.0
28,3863,3.0
28,3868,3.0
28,3877,2.0
28,3882,4.0
28,3893,3.0
28,3896,3.0
28,3897,5.0
28,3898,1.5
28,3900,4.0
28,3909,2.0
28,3910,4.0
28,3911,3.0
28,3915,4.0
28,3916,4.0
28,3917,2.0
28,3946,3.0
28,3948,3.0
28,3949,4.0
28,3950,4.0
28,3951,5.0
28,3952,4.0
28,3953,2.0
28,3967,4.0
28,3968,3.0
28,3969,4.0
28,3972,3.0
28,3977,4.0
28,3978,3.0
28,3980,3.0
28,3983,5.0
28,3986,1.5
28,3992,3.0
28,3993,4.0
28,3994,4.0
28,3996,5.0
28,3997,2.0
28,3998,4.0
28,3999,2.0
28,4002,5.0
28,4007,4.0
28,4008,4.0
28,4010,3.0
28,4011,5.0
28,4012,3.0
28,4014,4.0
28,4015,3.0
28,4016,4.0
28,4017,4.0
28,4018,3.0
28,4019,4.0
28,4020,3.0
28,4022,5.0
28,4023,3.0
28,4027,5.0
28,4029,5.0
28,4030,2.0
28,4033,4.0
28,4034,4.0
28,4035,3.0
28,4036,3.0
28,4039,3.0
28,4040,1.0
28,4041,3.0
28,4052,3.0
28,4054,3.0
28,4062,2.0
28,4063,2.0
28,4067,4.0
28,4068,2.0
28,4069,2.0
28,4081,2.0
28,4082,2.0
28,4084,3.0
28,4085,4.0
28,4086,3.0
28,4089,2.0
28,4091,3.0
28,4102,3.0
28,4103,5.0
28,4105,3.0
28,4115,2.0
28,4117,5.0
28,4121,3.0
28,4123,2.0
28,4125,0.5
28,4126,3.0
28,4128,5.0
28,4132,2.0
28,4138,0.5
28,4139,3.0
28,4141,3.0
28,4144,4.0
28,4147,4.0
28,4148,2.0
28,4149,3.0
28,4159,2.0
28,4161,3.0
28,4167,4.5
28,4168,4.0
28,4175,4.0
28,4203,3.0
28,4210,3.0
28,4214,3.0
28,4215,2.0
28,4219,3.0
28,4220,4.0
28,4221,3.0
28,4223,4.0
28,4226,5.0
28,4228,3.0
28,4229,3.0
28,4231,3.0
28,4232,4.0
28,4233,2.0
28,4234,3.0
28,4235,4.0
28,4239,4.0
28,4242,2.0
28,4246,4.0
28,4247,2.0
28,4248,4.0
28,4256,3.0
28,4262,4.0
28,4265,3.0
28,4267,3.0
28,4270,2.0
28,4275,4.0
28,4280,4.0
28,4290,2.0
28,4291,3.0
28,4299,3.0
28,4304,4.0
28,4305,1.5
28,4306,4.0
28,4308,5.0
28,4310,4.0
28,4312,4.0
28,4321,4.0
28,4322,4.0
28,4326,3.0
28,4327,4.0
28,4329,4.0
28,4333,4.0
28,4334,4.0
28,4343,2.0
28,4344,4.0
28,4345,3.0
28,4349,3.0
28,4351,4.0
28,4353,3.0
28,4355,2.0
28,4359,4.0
28,4361,4.0
28,4366,3.0
28,4367,2.0
28,4369,3.0
28,4370,4.0
28,4372,4.0
28,4378,4.0
28,4380,5.0
28,4387,4.0
28,4388,2.0
28,4389,2.5
28,4396,3.0
28,4446,4.0
28,4447,3.0
28,4448,4.0
28,4450,4.0
28,4451,3.5
28,4452,2.0
28,4458,4.0
28,4462,1.0
28,4463,2.0
28,4467,4.0
28,4474,2.0
28,4475,4.0
28,4478,4.0
28,4482,2.0
28,4487,3.0
28,4488,4.0
28,4498,3.0
28,4499,5.0
28,4509,3.0
28,4516,2.0
28,4519,2.0
28,4520,2.5
28,4524,3.0
28,4527,3.0
28,4541,3.0
28,4545,3.0
28,4546,4.0
28,4553,4.0
28,4564,3.0
28,4565,3.0
28,4571,4.0
28,4572,3.0
28,4573,2.0
28,4577,3.0
28,4583,4.0
28,4585,3.0
28,4587,3.0
28,4591,3.0
28,4595,3.5
28,4599,2.0
28,4600,4.0
28,4602,3.0
28,4610,2.0
28,4617,5.0
28,4622,2.0
28,4623,4.0
28,4624,3.0
28,4636,2.0
28,4638,3.0
28,4639,1.0
28,4640,3.0
28,4641,5.0
28,4642,4.0
28,4643,4.0
28,4649,2.0
28,4654,4.0
28,4661,3.0
28,4663,1.0
28,4666,3.0
28,4672,2.0
28,4675,1.0
28,4677,3.0
28,4678,3.0
28,4679,4.0
28,4681,4.0
28,4688,4.0
28,4714,2.0
28,4718,5.0
28,4720,3.0
28,4721,3.0
28,4728,3.0
28,4734,2.0
28,4736,1.5
28,4745,4.0
28,4757,3.0
28,4765,4.0
28,4771,4.0
28,4773,2.0
28,4774,3.0
28,4776,4.0
28,4777,2.5
28,4780,2.0
28,4782,3.0
28,4808,3.0
28,4812,3.0
28,4815,3.0
28,4816,4.0
28,4818,2.0
28,4822,2.0
28,4823,2.0
28,4844,2.0
28,4846,4.0
28,4847,2.5
28,4848,4.0
28,4849,3.0
28,4865,5.0
28,4866,3.0
28,4867,3.0
28,4873,5.0
28,4874,3.0
28,4878,5.0
28,4880,4.0
28,4881,5.0
28,4886,4.0
28,4887,2.0
28,4888,4.0
28,4889,4.0
28,4890,4.0
28,4896,2.0
28,4898,2.5
28,4899,2.0
28,4900,4.0
28,4901,3.0
28,4902,4.0
28,4903,4.0
28,4909,2.0
28,4915,3.0
28,4926,2.0
28,4929,2.0
28,4936,3.0
28,4941,3.0
28,4951,4.0
28,4954,4.0
28,4958,3.0
28,4961,2.5
28,4962,2.0
28,4963,4.0
28,4965,4.0
28,4967,4.0
28,4971,3.0
28,4973,5.0
28,4974,3.0
28,4975,5.0
28,4978,3.0
28,4979,5.0
28,4980,2.0
28,4985,1.0
28,4990,2.5
28,4992,3.0
28,4993,5.0
28,4994,4.0
28,4995,4.0
28,5004,3.0
28,5009,4.0
28,5010,5.0
28,5013,4.0
28,5015,4.0
28,5016,4.0
28,5023,4.0
28,5025,3.0
28,5026,5.0
28,5027,2.0
28,5039,4.0
28,5046,3.0
28,5049,3.5
28,5051,3.0
28,5060,4.0
28,5064,4.0
28,5066,4.0
28,5068,4.0
28,5071,4.0
28,5072,4.0
28,5073,4.0
28,5074,4.0
28,5075,5.0
28,5080,2.0
28,5081,3.0
28,5083,3.0
28,5093,3.0
28,5094,2.0
28,5106,2.0
28,5107,2.0
28,5108,3.5
28,5112,3.0
28,5128,3.0
28,5134,3.5
28,5135,4.0
28,5137,5.0
28,5139,3.5
28,5146,4.0
28,5151,4.0
28,5152,3.0
28,5159,3.0
28,5170,2.0
28,5171,3.0
28,5178,4.0
28,5218,3.0
28,5219,4.0
28,5220,3.0
28,5222,4.0
28,5225,4.0
28,5237,4.0
28,5240,4.0
28,5247,3.0
28,5254,4.0
28,5255,3.0
28,5256,2.5
28,5258,2.0
28,5264,2.0
28,5265,2.0
28,5266,5.0
28,5267,4.0
28,5278,1.0
28,5282,2.5
28,5283,2.0
28,5285,4.0
28,5291,4.0
28,5292,5.0
28,5293,4.0
28,5294,3.0
28,5296,3.0
28,5297,2.0
28,5298,3.5
28,5299,3.5
28,5303,4.0
28,5308,3.0
28,5316,3.5
28,5321,2.0
28,5322,4.0
28,5324,2.0
28,5325,4.0
28,5328,5.0
28,5329,3.0
28,5337,3.0
28,5345,3.0
28,5346,1.0
28,5347,2.0
28,5349,5.0
28,5363,3.5
28,5364,3.5
28,5377,5.0
28,5378,4.0
28,5379,4.0
28,5380,4.0
28,5382,2.0
28,5385,4.0
28,5387,2.5
28,5388,3.0
28,5390,3.0
28,5391,4.0
28,5400,4.0
28,5415,2.0
28,5416,5.0
28,5417,3.0
28,5418,4.0
28,5419,4.0
28,5420,2.0
28,5421,4.0
28,5422,4.0
28,5423,2.0
28,5424,3.0
28,5425,4.0
28,5427,2.0
28,5428,2.0
28,5437,3.0
28,5438,3.0
28,5444,4.0
28,5445,5.0
28,5446,3.5
28,5447,3.0
28,5449,1.5
28,5451,3.0
28,5452,1.0
28,5459,3.0
28,5460,4.0
28,5461,2.5
28,5463,4.0
28,5464,4.0
28,5466,3.0
28,5471,2.0
28,5477,3.0
28,5478,4.0
28,5479,4.0
28,5480,3.0
28,5481,3.0
28,5483,3.5
28,5485,5.0
28,5486,2.5
28,5500,4.0
28,5502,3.0
28,5505,4.0
28,5507,3.0
28,5508,3.0
28,5521,4.0
28,5524,3.0
28,5529,2.5
28,5531,2.5
28,5540,3.0
28,5541,3.0
28,5548,3.0
28,5553,4.0
28,5562,2.5
28,5563,3.5
28,5568,4.0
28,5572,3.0
28,5573,2.0
28,5574,3.0
28,5577,5.0
28,5589,4.0
28,5610,2.0
28,5611,3.5
28,5617,5.0
28,5618,5.0
28,5620,2.0
28,5621,1.0
28,5625,4.0
28,5630,3.0
28,5633,3.5
28,5635,3.0
28,5636,2.0
28,5644,2.5
28,5646,3.0
28,5650,5.0
28,5663,3.5
28,5665,3.0
28,5666,5.0
28,5669,4.0
28,5673,5.0
28,5678,2.5
28,5679,2.0
28,5680,3.5
28,5685,4.0
28,5688,3.5
28,5785,4.0
28,5788,2.5
28,5791,3.0
28,5792,3.5
28,5803,2.0
28,5809,4.0
28,5810,4.0
28,5812,3.5
28,5816,3.0
28,5817,4.5
28,5820,3.0
28,5829,4.0
28,5841,2.0
28,5843,2.0
28,5872,3.0
28,5876,4.0
28,5878,4.0
28,5880,1.5
28,5881,4.0
28,5896,4.0
28,5902,5.0
28,5903,4.0
28,5941,2.5
28,5943,2.5
28,5944,3.0
28,5945,4.0
28,5949,3.5
28,5951,2.5
28,5952,5.0
28,5954,4.0
28,5955,3.5
28,5956,4.0
28,5957,1.5
28,5968,4.0
28,5970,2.5
28,5971,5.0
28,5984,3.0
28,5988,3.0
28,5989,4.0
28,5991,5.0
28,5992,3.5
28,5993,4.0
28,5994,4.0
28,5995,4.5
28,6002,3.5
28,6003,3.5
28,6012,2.0
28,6016,4.0
28,6022,4.0
28,6027,4.0
28,6033,3.0
28,6036,3.0
28,6039,2.0
28,6059,3.0
28,6062,3.0
28,6078,2.0
28,6093,4.5
28,6116,3.5
28,6141,3.0
28,6153,1.5
28,6155,2.0
28,6157,3.0
28,6159,5.0
28,6162,3.5
28,6169,2.0
28,6170,3.0
28,6185,3.5
28,6187,3.0
28,6188,4.0
28,6195,4.0
28,6197,3.5
28,6213,2.0
28,6215,3.0
28,6216,4.0
28,6218,5.0
28,6220,3.0
28,6222,3.0
28,6223,2.5
28,6238,1.5
28,6249,2.0
28,6252,2.5
28,6264,2.0
28,6266,3.0
28,6268,4.0
28,6269,4.0
28,6280,2.0
28,6281,2.5
28,6283,4.0
28,6286,4.0
28,6287,2.0
28,6288,3.5
28,6294,2.0
28,6295,2.0
28,6296,3.5
28,6297,3.5
28,6299,4.0
28,6301,4.0
28,6303,3.0
28,6306,4.0
28,6308,2.5
28,6314,2.0
28,6315,2.5
28,6322,4.0
28,6323,3.5
28,6331,4.0
28,6332,2.0
28,6333,4.0
28,6334,4.0
28,6335,4.0
28,6337,4.0
28,6339,3.5
28,6341,3.0
28,6349,3.0
28,6350,4.0
28,6365,4.0
28,6367,4.0
28,6368,3.5
28,6370,5.0
28,6373,2.5
28,6374,2.5
28,6377,4.5
28,6378,4.0
28,6380,3.5
28,6383,2.5
28,6385,4.0
28,6442,5.0
28,6493,2.0
28,6502,4.0
28,6503,3.5
28,6510,3.0
28,6517,3.0
28,6534,4.0
28,6536,3.5
28,6537,3.0
28,6538,4.0
28,6539,4.5
28,6541,1.5
28,6542,3.5
28,6547,2.0
28,6549,2.0
28,6552,3.5
28,6554,2.0
28,6560,2.0
28,6563,2.5
28,6564,2.0
28,6565,4.0
28,6567,4.0
28,6568,2.0
28,6574,1.0
28,6582,3.5
28,6593,3.5
28,6595,2.5
28,6598,3.5
28,6616,1.5
28,6617,3.5
28,6618,3.0
28,6620,4.5
28,6624,2.0
28,6628,2.0
28,6631,1.5
28,6636,4.0
28,6638,2.0
28,6670,2.5
28,6689,4.0
28,6696,2.5
28,6699,3.0
28,6708,3.5
28,6709,4.0
28,6710,4.0
28,6711,4.5
28,6713,4.0
28,6718,2.5
28,6720,3.0
28,6753,4.0
28,6754,3.0
28,6755,3.5
28,6764,4.0
28,6773,4.5
28,6780,3.5
28,6787,4.0
28,6790,2.5
28,6796,3.5
28,6797,3.0
28,6807,4.0
28,6809,3.0
28,6810,2.5
28,6811,3.0
28,6812,2.0
28,6816,4.0
28,6820,4.0
28,6832,4.0
28,6851,3.5
28,6863,3.5
28,6867,4.5
28,6868,3.0
28,6870,4.0
28,6873,4.0
28,6874,4.0
28,6881,3.5
28,6883,3.0
28,6884,2.5
28,6890,4.0
28,6898,2.5
28,6932,4.5
28,6934,4.0
28,6936,3.0
28,6942,4.5
28,6947,4.0
28,6953,4.0
28,6954,4.0
28,6957,3.5
28,6974,4.0
28,7010,3.0
28,7027,3.5
28,7033,3.5
28,7034,5.0
28,7076,3.5
28,7090,4.0
28,7104,3.5
28,7137,3.5
28,7139,4.0
28,7143,4.5
28,7147,4.5
28,7149,2.0
28,7150,3.0
28,7151,4.0
28,7153,4.0
28,7156,4.0
28,7160,3.0
28,7161,2.0
28,7162,4.0
28,7163,3.5
28,7165,3.0
28,7169,3.0
28,7175,2.0
28,7176,3.5
28,7193,4.0
28,7228,2.0
28,7236,3.5
28,7248,3.5
28,7251,4.0
28,7254,4.0
28,7255,3.0
28,7257,2.5
28,7258,3.0
28,7263,3.0
28,7265,4.0
28,7285,4.0
28,7293,3.5
28,7310,2.5
28,7315,2.0
28,7317,3.0
28,7318,3.5
28,7319,2.0
28,7323,4.0
28,7324,3.0
28,7325,2.5
28,7340,2.0
28,7346,4.0
28,7347,3.5
28,7348,3.5
28,7354,3.0
28,7361,4.5
28,7364,4.0
28,7366,3.0
28,7367,4.5
28,7371,4.0
28,7373,3.5
28,7375,2.0
28,7376,3.5
28,7379,3.0
28,7381,2.0
28,7390,1.5
28,7438,4.0
28,7439,2.0
28,7444,3.0
28,7445,2.0
28,7450,2.5
28,7451,4.0
28,7454,2.5
28,7458,3.5
28,7482,4.0
28,7842,3.0
28,7884,4.0
28,7980,4.0
28,7981,3.5
28,8119,4.5
28,8266,2.5
28,8360,4.0
28,8361,3.0
28,8362,2.5
28,8364,4.0
28,8366,3.0
28,8368,3.0
28,8370,4.0
28,8371,3.0
28,8376,3.5
28,8464,4.0
28,8528,4.0
28,8529,4.0
28,8533,3.5
28,8587,3.5
28,8622,4.0
28,8636,4.5
28,8638,4.0
28,8640,2.0
28,8641,3.0
28,8644,3.5
28,8645,4.0
28,8665,3.5
28,8666,0.5
28,8781,2.0
28,8783,3.5
28,8784,5.0
28,8798,4.0
28,8807,4.0
28,8810,2.0
28,8833,3.5
28,8836,2.5
28,8860,3.0
28,8865,3.0
28,8869,2.5
28,8870,2.5
28,8873,3.5
28,8874,4.0
28,8880,4.0
28,8907,2.0
28,8908,3.0
28,8910,4.0
28,8914,4.0
28,8915,3.5
28,8917,3.5
28,8919,4.0
28,8937,4.0
28,8948,3.0
28,8949,4.0
28,8950,4.5
28,8952,3.5
28,8954,4.0
28,8958,4.0
28,8961,4.0
28,8966,3.0
28,8970,4.0
28,8972,2.0
28,8981,4.0
28,8983,3.0
28,8985,2.5
28,25834,4.0
28,26704,4.0
28,26776,4.0
28,27156,4.0
28,27555,3.0
28,27660,4.0
28,27706,4.0
28,27773,4.5
28,27788,2.5
28,27801,4.0
28,27808,3.5
28,27821,3.5
28,27822,3.0
28,27831,4.0
28,27837,3.0
28,27846,4.0
28,27873,3.5
28,27879,4.0
28,27899,3.0
28,27904,4.0
28,30707,4.5
28,30749,4.5
28,30810,4.0
28,30812,3.5
28,30820,3.5
28,30822,4.0
28,30848,3.5
28,30850,4.0
28,30894,2.0
28,31101,4.0
28,31162,3.0
28,31221,2.5
28,31225,3.0
28,31445,2.0
28,31658,4.5
28,31685,3.5
28,31696,3.0
28,32019,2.0
28,32029,2.5
28,32031,4.0
28,32116,2.5
28,32587,4.0
28,33004,3.5
28,33162,3.5
28,33166,4.0
28,33421,3.0
28,33437,3.5
28,33493,4.0
28,33495,2.5
28,33615,2.5
28,33646,2.5
28,33660,4.0
28,33672,4.0
28,33677,3.5
28,33679,4.0
28,33725,2.0
28,33794,4.5
28,33826,2.5
28,33838,3.5
28,34048,3.5
28,34072,4.0
28,34150,2.5
28,34153,4.0
28,34162,3.0
28,34319,3.5
28,34326,4.0
28,34332,3.0
28,34334,2.5
28,34336,2.0
28,34405,3.5
28,34520,2.5
28,34534,3.5
28,34536,4.0
28,34540,3.0
28,35836,4.0
28,35957,3.5
28,36401,3.0
28,36517,4.0
28,36519,2.5
28,36527,4.5
28,36529,3.5
28,36535,4.0
28,37240,4.0
28,37382,3.0
28,37384,3.0
28,37386,2.0
28,37720,3.0
28,37727,4.0
28,37731,3.5
28,37733,4.0
28,37739,3.5
28,37741,3.5
28,37853,2.0
28,38038,3.5
28,38061,4.0
28,38886,4.0
28,39183,3.5
28,39231,3.5
28,39234,4.0
28,39292,4.0
28,39381,3.5
28,39427,4.0
28,39444,3.5
28,39449,2.0
28,40278,4.0
28,40339,3.0
28,40583,4.0
28,40614,4.0
28,40629,4.0
28,40815,3.5
28,40819,4.0
28,40826,2.5
28,40959,3.5
28,41285,3.0
28,41527,4.0
28,41566,4.0
28,41569,4.0
28,41571,3.5
28,41573,3.0
28,41716,2.0
28,41997,4.0
28,42002,3.0
28,42011,2.5
28,42015,3.0
28,42602,3.5
28,42728,3.5
28,42730,2.5
28,42738,3.0
28,43396,3.0
28,43556,3.0
28,43871,2.5
28,43912,2.0
28,43917,3.5
28,43921,3.0
28,43928,2.5
28,43936,3.5
28,44022,2.5
28,44191,4.0
28,44195,4.5
28,44199,4.0
28,44204,3.5
28,44665,4.0
28,44694,3.5
28,44709,3.5
28,44761,3.5
28,44788,3.0
28,44840,2.5
28,44864,3.5
28,45062,3.5
28,45175,3.0
28,45186,3.5
28,45210,4.0
28,45221,2.5
28,45440,4.0
28,45447,3.0
28,45499,3.5
28,45501,2.0
28,45517,3.0
28,45635,3.0
28,45662,2.5
28,45666,2.5
28,45672,2.5
28,45720,4.0
28,45722,3.5
28,45728,3.5
28,45880,3.0
28,45928,3.0
28,45950,4.5
28,46335,2.5
28,46347,3.5
28,46530,4.0
28,46559,3.5
28,46572,2.0
28,46578,4.5
28,46723,4.0
28,46850,4.0
28,46965,3.5
28,46970,2.5
28,46972,2.0
28,46974,3.0
28,46976,4.0
28,47044,3.0
28,47099,3.5
28,47122,2.0
28,47200,3.0
28,47423,4.0
28,47518,2.5
28,47610,3.5
28,47629,4.0
28,47644,2.5
28,47894,4.0
28,47950,3.0
28,47970,4.0
28,48043,4.0
28,48142,3.5
28,48161,3.0
28,48304,4.0
28,48319,2.0
28,48326,3.5
28,48394,4.0
28,48412,2.5
28,48516,4.5
28,48520,2.5
28,48560,2.5
28,48738,4.0
28,48774,4.0
28,48780,4.5
28,48783,4.0
28,48982,2.5
28,49130,3.0
28,49132,3.5
28,49272,4.0
28,49274,2.5
28,49278,2.0
28,49280,3.5
28,49286,2.5
28,49396,3.5
28,49530,4.0
28,49649,1.5
28,49651,4.0
28,49793,4.0
28,49822,4.0
28,49824,2.5
28,49910,3.5
28,49957,3.0
28,50068,4.0
28,50158,2.5
28,50442,3.5
28,50792,2.0
28,50794,2.5
28,50804,3.0
28,50872,4.0
28,50923,2.5
28,51077,2.5
28,51080,4.0
28,51084,3.0
28,51086,3.0
28,51091,4.0
28,51255,3.5
28,51412,2.0
28,51540,3.5
28,51575,2.5
28,51662,4.0
28,51694,3.5
28,51834,3.0
28,51931,3.5
28,51935,3.5
28,52241,3.5
28,52245,2.5
28,52281,3.5
28,52283,3.0
28,52299,3.5
28,52375,3.5
28,52458,3.0
28,52604,4.0
28,52668,4.0
28,52712,3.5
28,52722,3.0
28,52724,3.0
28,52784,4.0
28,52967,3.0
28,52973,4.0
28,52975,3.5
28,53121,3.0
28,53123,4.0
28,53125,2.0
28,53322,3.0
28,53447,4.0
28,53468,2.5
28,53519,3.5
28,53894,3.5
28,53953,3.0
28,53972,3.5
28,53993,2.5
28,53996,3.5
28,54001,3.5
28,54004,2.5
28,54190,3.5
28,54256,1.5
28,54259,3.5
28,54272,4.0
28,54281,3.5
28,54286,4.0
28,54503,4.0
28,54736,3.5
28,54771,2.0
28,54881,4.0
28,54995,3.0
28,54997,4.0
28,54999,3.0
28,55052,3.5
28,55080,4.0
28,55094,4.0
28,55110,3.0
28,55118,4.0
28,55247,3.5
28,55250,2.5
28,55261,2.5
28,55267,3.0
28,55269,4.0
28,55272,3.5
28,55274,3.0
28,55276,4.0
28,55282,3.0
28,55290,4.0
28,55363,3.0
28,55444,3.5
28,55765,4.0
28,55768,2.5
28,55820,4.5
28,55830,3.5
28,55872,3.5
28,55995,3.5
28,56171,3.0
28,56174,3.5
28,56367,4.0
28,56379,3.5
28,56587,2.5
28,56757,4.0
28,56782,3.5
28,56788,3.5
28,56908,4.0
28,57368,3.0
28,57504,4.5
28,57669,4.5
28,58047,3.5
28,58103,3.5
28,58154,4.0
28,58156,2.0
28,58162,3.5
28,58293,2.0
28,58295,3.5
28,58559,4.0
28,58806,3.0
28,58839,2.5
28,58876,3.5
28,58879,3.5
28,58998,3.5
28,59022,2.0
28,59037,2.5
28,59141,4.5
28,59315,4.0
28,59369,3.5
28,59615,2.5
28,59784,4.0
28,60040,4.0
28,60069,4.5
28,60072,2.5
28,60074,3.0
28,60126,3.0
28,60128,3.5
28,60141,2.5
28,60397,2.0
28,60684,3.5
28,60756,2.0
28,61024,4.0
28,61132,4.0
28,61160,2.0
28,61240,3.5
28,61248,3.0
28,61250,2.0
28,61323,3.5
28,61401,2.5
28,61406,4.0
28,62081,2.5
28,62155,4.5
28,62374,4.0
28,62434,3.5
28,63082,4.0
28,63113,4.0
28,63131,4.0
28,63876,4.0
28,63992,2.5
28,64614,4.0
28,64620,4.0
28,64839,4.0
28,64957,3.5
28,64983,3.0
28,65130,4.0
28,65261,4.5
28,66203,3.0
28,66509,3.5
28,66665,4.0
28,66934,4.0
28,67087,3.5
28,67255,4.5
28,67734,4.0
28,67923,3.0
28,67997,4.0
28,68073,3.5
28,68135,3.5
28,68157,4.0
28,68159,4.0
28,68205,3.5
28,68237,4.5
28,68319,2.5
28,68358,4.0
28,68659,3.5
28,68932,3.5
28,68954,4.0
28,69122,4.0
28,69306,3.0
28,69406,1.5
28,69481,4.5
28,69526,2.5
28,69640,3.0
28,69757,4.0
28,69844,3.5
28,69951,4.5
28,70286,4.5
28,70293,3.5
28,70336,2.5
28,70533,3.5
28,70862,4.5
28,71282,4.0
28,71464,4.5
28,71518,4.0
28,71535,5.0
28,71579,3.5
28,71745,4.0
28,71838,2.5
28,72011,4.5
28,72226,4.0
28,72378,2.0
28,72605,4.0
28,72641,3.0
28,72733,4.0
28,72998,4.0
28,73017,4.0
28,76077,3.5
28,76093,4.5
28,76251,4.0
28,76763,3.5
28,77364,3.5
28,77455,4.5
28,77561,3.5
28,78467,1.5
28,78499,5.0
28,78574,4.5
28,79091,3.5
28,79132,5.0
28,79293,2.5
28,79592,4.0
28,79695,2.0
28,79702,5.0
28,80126,4.0
28,80463,4.0
28,80549,4.0
28,80586,3.5
28,80693,3.5
28,80969,4.0
28,81229,2.5
28,81564,4.0
28,81591,4.0
28,81782,3.5
28,81834,3.5
28,81845,4.0
28,81932,4.5
28,82169,3.5
28,82202,3.0
28,82459,4.5
28,82461,4.0
28,84152,4.0
28,84187,4.0
28,84944,4.0
28,84954,4.0
28,85414,4.0
28,85510,4.0
28,85774,4.0
28,85881,4.0
28,86190,4.0
28,86332,3.0
28,86882,4.0
28,87192,4.0
28,87232,3.5
28,87304,4.0
28,87306,4.5
28,87430,2.0
28,88125,3.5
28,88129,5.0
28,88140,3.5
28,88163,4.0
28,88235,4.0
28,88405,3.5
28,88744,4.0
28,89470,4.0
28,89492,4.5
28,89745,4.0
28,89753,4.0
28,89804,4.0
28,89864,4.0
28,89904,5.0
28,90405,3.5
28,90439,3.0
28,91077,4.0
28,91500,3.5
28,91529,4.5
28,91542,3.5
28,91630,2.0
28,91658,4.0
28,91690,4.0
28,93840,4.5
28,94864,3.0
28,94959,4.5
28,95088,4.0
28,95135,4.5
28,95218,4.0
28,95309,4.0
28,95441,3.0
28,95510,3.5
28,95558,5.0
28,95873,3.5
28,96079,4.0
28,96417,3.0
28,96488,4.5
28,96588,3.5
28,96610,4.5
28,96728,4.0
28,96737,4.0
28,96821,4.0
28,97304,4.0
28,97306,4.0
28,97921,4.0
28,97923,4.0
28,98961,4.0
28,99112,3.5
28,99114,4.5
28,101106,3.5
28,101962,4.0
28,102445,3.5
28,102800,4.0
28,103048,4.0
28,103228,3.0
28,103249,3.0
28,103341,4.0
28,103772,2.0
28,104241,3.0
28,104374,4.0
28,104841,5.0
28,104913,4.0
28,105504,4.0
28,106766,4.5
28,106782,4.0
28,106916,4.0
28,106918,5.0
28,106920,4.0
28,107406,4.0
28,108932,5.0
28,109374,4.0
28,109487,4.5
28,109633,4.5
28,109848,4.0
28,110102,3.0
28,111235,4.0
28,111360,3.0
28,111362,3.5
28,111364,3.0
28,111759,4.0
28,111781,3.0
28,111921,3.5
28,112175,4.0
28,112183,4.0
28,112552,4.0
28,112556,4.0
28,112623,4.0
28,112852,4.0
28,112940,4.5
28,114554,4.5
28,114662,3.5
28,114935,4.5
28,115149,4.0
28,115210,4.0
28,115617,3.5
28,115713,4.5
28,115828,4.5
28,116797,4.0
28,116975,4.0
28,117176,4.0
28,117529,3.5
28,119145,4.0
28,122882,5.0
28,122886,3.5
28,122900,3.5
28,122904,4.0
28,122906,4.0
28,122910,4.0
28,122912,3.5
28,122914,3.0
28,122916,4.0
28,122918,4.0
28,122922,3.5
28,122926,4.5
28,126430,4.0
28,127108,5.0
28,127130,4.0
28,128360,4.0
28,133771,4.5
28,134130,5.0
28,134853,4.5
28,135143,4.0
28,135536,2.0
28,137857,4.0
28,139385,5.0
28,139644,4.5
28,140174,4.5
28,140715,4.0
28,140928,4.5
28,140956,3.0
28,142488,5.0
28,142509,3.0
28,143345,3.5
28,143355,4.5
28,143385,4.0
28,148626,5.0
28,152081,4.0
28,152970,4.5
28,154358,4.0
28,155109,4.0
28,156605,4.5
28,157699,4.0
28,158238,4.0
28,159717,4.0
28,160080,3.0
28,160438,2.5
28,160980,3.5
28,161131,3.5
28,161582,5.0
28,161922,3.0
28,162350,2.5
28,162578,4.5
28,163134,5.0
28,163645,4.0
28,164179,4.0
28,164899,4.0
28,164909,5.0
28,165549,4.5
28,166024,4.5
28,166291,5.0
28,166528,4.0
28,166568,4.0
28,166635,4.0
28,166643,4.0
28,167570,4.0
28,168248,4.0
28,168252,4.0
28,168266,3.5
28,168326,5.0
28,168612,4.0
28,169992,3.5
28,170355,4.0
28,170705,5.0
28,171763,5.0
28,171765,4.0
28,173145,4.0
28,173197,4.5
28,173205,4.0
28,173209,4.0
28,173369,5.0
28,174055,5.0
28,175569,4.0
28,175661,3.0
28,176371,5.0
28,176423,4.0
28,176751,4.0
28,177593,4.5
28,177615,4.5
28,177765,4.5
28,178061,4.0
28,179415,4.0
28,179817,4.0
28,179819,4.5
28,180031,4.0
28,180045,4.0
28,180497,4.0
28,180985,3.5
28,183461,4.0
28,183837,4.5
28,183897,4.0
28,184791,2.5
28,185927,4.0
28,186311,4.0
28,187541,4.0
28,187593,3.5
28,187595,3.5
28,187601,3.0
28,187717,4.0
28,188189,4.0
28,189333,2.0
28,189363,2.5
28,190349,3.5
28,191459,3.5
28,192379,4.0
28,192385,4.0
28,192803,3.5
28,193944,4.0
28,193950,5.0
28,195159,5.0
28,195163,3.5
28,196067,4.0
28,196891,3.5
28,197175,3.0
28,197883,4.0
28,198611,4.0
28,200110,3.0
28,200306,5.0
28,200332,3.5
28,200818,4.0
28,201773,4.0
28,201811,4.5
28,202393,4.0
28,202429,4.0
28,202439,5.0
28,203160,4.5
28,203322,5.0
28,203375,5.0
28,204158,5.0
28,205072,3.0
28,205156,4.5
28,206857,4.5
28,207313,4.5
28,208108,4.0
28,208205,4.0
28,208703,5.0
28,209315,5.0
28,209497,4.0
28,210569,3.5
28,210851,4.0
28,210861,4.0
28,212361,5.0
28,213207,3.5
28,214068,3.0
28,214242,4.0
28,216402,3.5
28,217465,4.5
28,218537,4.0
28,221576,3.5
28,223876,4.0
28,226202,3.5
28,228563,4.0
28,231057,4.0
28,233661,3.5
28,242774,3.5
28,244178,4.0
28,244334,3.5
28,246604,4.0
28,250010,4.0
28,251086,3.5
28,254464,5.0
28,254726,5.0
28,260617,4.5
28,261705,4.0
28,261759,1.0
28,263007,4.0
28,268642,4.0
28,270698,5.0
28,272417,5.0
28,273433,3.5
28,273891,3.5
28,274053,4.0
28,276151,4.0
28,278578,5.0
28,278702,4.0
28,280258,5.0
28,285593,3.0
28,286897,5.0
28,287699,5.0
28,288513,5.0
28,291485,4.0
29,4,2.0
29,6,3.0
29,10,3.0
29,14,3.0
29,17,4.0
29,18,3.0
29,20,2.0
29,21,3.0
29,24,2.0
29,25,4.0
29,31,3.0
29,32,3.0
29,36,5.0
29,39,3.0
29,43,3.0
29,45,4.0
29,50,3.0
29,52,3.0
29,85,4.0
29,95,2.0
29,101,5.0
29,110,3.0
29,144,4.0
29,145,3.0
29,147,2.0
29,149,4.0
29,150,3.0
29,151,5.0
29,153,3.0
29,155,3.0
29,159,3.0
29,160,1.0
29,161,3.0
29,162,4.0
29,165,3.0
29,168,1.0
29,172,2.0
29,173,1.0
29,175,4.0
29,178,3.0
29,180,5.0
29,186,1.0
29,194,3.0
29,198,3.0
29,204,2.0
29,208,3.0
29,222,3.0
29,223,5.0
29,225,3.0
29,229,4.0
29,236,4.0
29,246,4.0
29,249,4.0
29,253,2.0
29,261,1.0
29,262,3.0
29,265,3.0
29,266,3.0
29,276,1.0
29,277,4.0
29,288,4.0
29,293,3.0
29,296,5.0
29,300,4.0
29,303,3.0
29,306,4.0
29,308,3.0
29,316,3.0
29,318,4.0
29,319,4.0
29,329,3.0
29,337,5.0
29,339,3.0
29,342,3.0
29,345,3.0
29,349,3.0
29,350,3.0
29,352,3.0
29,353,3.0
29,356,4.0
29,357,4.0
29,358,3.0
29,364,4.0
29,369,4.0
29,372,4.0
29,377,3.0
29,380,4.0
29,382,3.0
29,383,3.0
29,412,5.0
29,413,3.0
29,417,5.0
29,434,2.0
29,440,3.0
29,442,1.0
29,448,2.0
29,454,3.0
29,457,4.0
29,464,3.0
29,471,3.0
29,474,3.0
29,475,4.0
29,480,4.0
29,481,3.0
29,485,3.0
29,500,3.0
29,508,3.0
29,509,5.0
29,510,2.0
29,515,5.0
29,521,3.0
29,524,3.0
29,527,4.0
29,529,3.0
29,532,2.0
29,534,5.0
29,535,3.0
29,537,3.0
29,538,4.0
29,539,3.0
29,543,3.0
29,551,3.0
29,553,3.0
29,555,3.0
29,586,3.0
29,587,3.0
29,588,4.0
29,589,4.0
29,590,3.0
29,592,3.0
29,593,3.0
29,594,4.0
29,595,4.0
29,597,3.0
29,608,4.0
29,647,3.0
29,708,3.0
29,778,5.0
29,780,3.0
29,783,5.0
29,800,4.0
29,804,3.0
29,882,3.0
29,902,4.0
29,923,5.0
29,924,5.0
29,938,4.0
29,953,4.0
29,999,2.0
29,1103,4.0
29,1104,3.0
30,480,3.5
30,597,4.0
30,780,3.0
30,1101,3.0
30,1380,3.0
30,1517,3.0
30,1676,3.0
30,1721,3.5
30,1917,3.0
30,2617,3.0
30,2628,3.0
30,2657,4.0
30,2683,3.0
30,2706,3.0
30,2710,2.5
30,2712,3.5
30,3623,3.0
30,3977,2.0
30,5378,2.5
30,6365,2.5
30,6934,2.5
31,47,5.0
31,50,4.0
31,296,4.5
31,318,5.0
31,608,4.5
31,750,4.0
31,1089,5.0
31,1213,5.0
31,1682,5.0
31,2313,2.5
31,2628,0.5
31,2997,4.5
31,3262,5.0
31,3409,3.0
31,3676,4.5
31,4011,4.5
31,4226,5.0
31,4306,4.0
31,4816,3.0
31,4979,4.5
31,5291,3.0
31,5349,4.0
31,5902,5.0
31,6936,4.0
31,7361,5.0
31,8360,4.0
31,8636,4.0
31,8874,5.0
31,8917,4.0
31,8961,5.0
31,45517,1.0
31,51255,4.5
31,52722,4.0
31,54272,4.0
31,55820,3.0
31,57669,5.0
31,60684,3.5
31,62511,5.0
31,66097,5.0
31,72226,5.0
31,76093,4.0
31,79132,3.5
31,80463,4.5
31,95167,2.0
31,95510,2.0
31,106920,4.0
31,108932,5.0
31,109374,4.0
31,112175,3.0
31,112552,5.0
31,122918,4.0
31,134853,4.5
31,139855,2.5
31,163134,3.5
31,164909,4.0
31,168492,2.0
31,175303,3.5
31,177615,4.0
31,201340,4.0
31,201646,4.5
31,205156,5.0
31,212373,5.0
31,268642,4.0
31,270698,4.0
31,272417,5.0
31,278446,5.0
31,280868,3.5
32,2,3.0
32,17,5.0
32,19,2.0
32,25,5.0
32,31,5.0
32,34,3.0
32,39,4.0
32,48,3.0
32,62,5.0
32,150,5.0
32,153,3.0
32,160,3.0
32,161,4.0
32,168,4.0
32,185,3.0
32,208,3.0
32,224,5.0
32,231,1.0
32,261,4.0
32,282,4.0
32,292,3.0
32,316,4.0
32,329,3.0
32,337,3.0
32,339,4.0
32,344,2.0
32,349,4.0
32,356,5.0
32,364,4.0
32,410,3.0
32,434,3.0
32,435,4.0
32,440,3.0
32,454,4.0
32,457,5.0
32,480,4.0
32,500,3.0
32,539,4.0
32,551,5.0
32,586,3.0
32,588,3.0
32,590,4.0
32,592,2.0
32,595,3.0
33,1,5.0
33,10,4.5
33,16,4.5
33,32,4.5
33,47,5.0
33,50,4.5
33,110,4.5
33,111,4.0
33,150,4.0
33,153,4.5
33,165,3.5
33,260,4.5
33,288,4.0
33,296,5.0
33,306,5.0
33,307,4.0
33,316,4.0
33,318,5.0
33,344,4.0
33,353,4.5
33,356,4.5
33,364,5.0
33,377,4.0
33,457,4.0
33,480,5.0
33,482,4.0
33,527,5.0
33,541,4.5
33,586,4.5
33,588,4.0
33,589,4.5
33,590,4.0
33,592,4.0
33,593,4.0
33,648,4.0
33,736,2.5
33,745,5.0
33,750,5.0
33,778,5.0
33,780,3.5
33,858,5.0
33,904,5.0
33,923,4.5
33,924,5.0
33,1036,4.0
33,1080,5.0
33,1089,5.0
33,1090,4.0
33,1097,4.5
33,1127,4.5
33,1136,4.5
33,1193,5.0
33,1196,5.0
33,1198,5.0
33,1201,5.0
33,1206,5.0
33,1208,5.0
33,1210,4.5
33,1212,5.0
33,1213,5.0
33,1214,4.5
33,1221,5.0
33,1222,5.0
33,1227,5.0
33,1237,5.0
33,1258,4.5
33,1259,4.0
33,1263,4.5
33,1270,5.0
33,1274,4.5
33,1288,5.0
33,1291,5.0
33,1339,4.0
33,1348,4.5
33,1391,3.5
33,1408,4.5
33,1527,4.5
33,1556,0.5
33,1573,4.0
33,1580,4.0
33,1682,5.0
33,1729,4.0
33,1732,3.0
33,1748,4.0
33,1921,5.0
33,2010,5.0
33,2011,4.5
33,2012,4.0
33,2028,5.0
33,2058,4.0
33,2115,3.5
33,2160,4.0
33,2285,4.0
33,2329,5.0
33,2353,4.0
33,2355,4.0
33,2376,4.0
33,2402,3.0
33,2459,4.5
33,2542,4.5
33,2571,5.0
33,2628,4.0
33,2640,3.5
33,2700,5.0
33,2706,2.5
33,2710,4.5
33,2726,4.5
33,2762,4.5
33,2791,4.0
33,2858,5.0
33,2959,5.0
33,2993,4.0
33,2997,5.0
33,3006,4.5
33,3052,1.5
33,3066,4.0
33,3114,5.0
33,3147,5.0
33,3160,4.5
33,3253,4.5
33,3285,4.5
33,3415,4.5
33,3535,4.5
33,3578,4.5
33,3617,1.5
33,3623,4.0
33,3676,4.0
33,3751,4.5
33,3793,4.0
33,3948,4.0
33,3949,5.0
33,4011,4.5
33,4226,4.0
33,4251,4.5
33,4262,3.5
33,4298,5.0
33,4306,4.5
33,4429,4.0
33,4754,4.0
33,4878,5.0
33,4886,4.0
33,4975,4.0
33,4993,5.0
33,4995,4.0
33,5010,4.0
33,5218,4.0
33,5291,4.0
33,5349,3.5
33,5378,0.5
33,5418,4.0
33,5445,4.0
33,5464,4.0
33,5608,4.0
33,5669,4.5
33,5690,4.5
33,5899,4.5
33,5903,4.0
33,5952,5.0
33,5956,4.0
33,5989,3.5
33,5995,4.5
33,6016,5.0
33,6365,4.0
33,6377,4.5
33,6502,4.5
33,6539,4.5
33,6754,4.0
33,6870,4.0
33,6874,5.0
33,6934,4.0
33,7022,5.0
33,7090,4.0
33,7143,4.0
33,7153,5.0
33,7254,4.0
33,7318,4.0
33,7361,3.5
33,7438,4.5
33,7482,4.0
33,7820,4.0
33,8014,4.0
33,8360,3.0
33,8464,4.0
33,8622,4.0
33,8636,2.0
33,8644,4.0
33,8656,4.0
33,8665,4.0
33,8798,2.5
33,8874,4.5
33,8917,4.0
33,8961,4.0
33,8983,4.0
33,26152,5.0
33,27773,5.0
33,27801,4.0
33,27873,4.5
33,31410,5.0
33,32587,5.0
33,33162,3.5
33,33794,5.0
33,34048,3.5
33,37733,4.5
33,40819,4.0
33,42632,4.0
33,44555,5.0
33,45722,2.5
33,46347,5.0
33,46723,4.5
33,48304,4.0
33,48385,5.0
33,48394,4.5
33,48516,4.0
33,48738,4.5
33,48774,4.0
33,48780,5.0
33,49272,4.5
33,49530,4.0
33,50872,4.0
33,51255,4.0
33,51662,4.5
33,52929,5.0
33,53550,4.0
33,53996,3.5
33,54286,4.0
33,54997,4.0
33,55069,4.5
33,55247,4.5
33,55282,4.0
33,55290,4.0
33,55442,4.0
33,55820,4.0
33,56339,4.0
33,56782,5.0
33,57368,4.0
33,58559,5.0
33,59315,4.5
33,59369,3.0
33,59615,3.5
33,60069,5.0
33,60684,4.0
33,60766,4.0
33,61236,4.5
33,61240,4.5
33,63082,4.5
33,63876,4.5
33,64197,4.5
33,64614,4.5
33,64620,4.0
33,64839,5.0
33,64957,3.0
33,64983,4.0
33,67665,4.5
33,67997,5.0
33,68157,3.5
33,68194,4.5
33,68237,4.5
33,68358,4.5
33,68952,4.0
33,69458,4.5
33,69481,5.0
33,69784,4.0
33,70286,4.0
33,71462,5.0
33,72378,2.0
34,1,4.0
34,2,3.0
34,11,3.5
34,150,4.0
34,260,3.0
34,317,3.0
34,318,4.0
34,356,4.0
34,367,3.0
34,380,4.0
34,454,4.0
34,457,4.0
34,468,3.0
34,480,4.0
34,500,4.0
34,527,3.5
34,539,3.5
34,541,3.5
34,586,3.5
34,587,4.0
34,590,3.5
34,592,3.5
34,597,3.0
34,778,2.5
34,780,3.5
34,904,4.0
34,908,4.0
34,912,4.0
34,914,4.0
34,933,3.5
34,934,3.5
34,953,4.0
34,1035,4.0
34,1073,3.0
34,1097,4.0
34,1185,3.5
34,1196,4.5
34,1197,3.5
34,1198,4.0
34,1200,3.5
34,1231,4.0
34,1265,4.5
34,1270,4.0
34,1278,4.0
34,1291,4.5
34,1292,4.0
34,1302,4.5
34,1376,4.0
34,1393,4.0
34,1409,3.5
34,1580,4.0
34,1608,4.0
34,1721,3.0
34,1923,4.0
34,1951,4.0
34,1959,4.5
34,2174,4.0
34,2384,2.5
34,2420,3.5
34,2468,4.0
34,2469,3.5
34,2716,4.0
34,2746,3.5
34,2762,4.0
34,2779,3.5
34,2791,3.5
34,2797,3.5
34,2918,4.5
34,2968,1.0
34,3072,3.5
34,3148,1.5
34,3247,3.0
34,3510,4.5
34,3578,2.5
34,3699,4.0
34,3755,3.0
34,4187,4.0
34,4306,4.5
34,4886,3.5
34,4963,3.5
34,4992,3.5
34,4993,5.0
34,4995,4.0
34,5218,3.5
34,5299,3.5
34,5349,4.0
34,5418,3.5
34,5816,4.0
34,5952,5.0
34,5989,4.0
34,5995,1.5
34,6218,3.5
34,6297,3.5
34,6373,3.0
34,6377,3.0
34,6539,4.0
34,6863,3.5
34,6874,1.0
34,7147,3.5
34,7153,5.0
34,7361,3.0
34,8360,4.5
34,8529,3.0
34,8623,4.0
34,8636,4.0
34,8865,3.5
34,8961,4.0
34,8972,4.0
34,26025,3.5
34,26562,4.0
34,30707,2.5
34,30749,3.0
34,30812,3.0
34,31374,4.0
34,31658,3.5
34,31685,4.0
34,33004,2.5
34,45431,3.5
34,45517,3.5
34,45668,3.5
34,46976,3.5
34,54259,3.5
34,56367,4.5
35,10,4.0
35,16,4.0
35,25,5.0
35,32,5.0
35,47,4.5
35,50,4.5
35,110,3.5
35,111,5.0
35,150,4.0
35,163,4.0
35,172,3.5
35,185,3.0
35,198,3.5
35,231,3.0
35,235,5.0
35,260,3.5
35,288,4.5
35,293,3.0
35,296,5.0
35,306,4.0
35,307,4.0
35,308,4.0
35,316,3.5
35,318,4.0
35,353,3.0
35,356,4.5
35,367,4.0
35,370,4.5
35,466,5.0
35,480,3.5
35,527,4.0
35,541,4.0
35,589,4.5
35,592,4.0
35,593,5.0
35,597,3.5
35,608,5.0
35,714,4.5
35,733,3.5
35,741,5.0
35,750,4.0
35,778,5.0
35,780,3.0
35,858,4.5
35,923,3.5
35,924,5.0
35,1080,5.0
35,1089,4.0
35,1090,4.0
35,1101,3.5
35,1136,5.0
35,1173,5.0
35,1183,4.5
35,1186,5.0
35,1193,4.5
35,1196,3.0
35,1199,4.5
35,1200,3.0
35,1201,3.5
35,1202,4.0
35,1203,4.0
35,1204,4.5
35,1206,5.0
35,1208,5.0
35,1211,4.0
35,1213,4.5
35,1214,4.5
35,1221,4.5
35,1222,3.5
35,1225,5.0
35,1228,4.5
35,1232,4.5
35,1237,4.0
35,1240,4.0
35,1241,5.0
35,1243,5.0
35,1247,2.0
35,1251,4.5
35,1255,3.0
35,1258,5.0
35,1261,4.0
35,1270,3.0
35,1274,3.5
35,1279,5.0
35,1280,4.5
35,1281,3.5
35,1289,3.5
35,1298,4.5
35,1305,4.0
35,1306,4.5
35,1320,3.5
35,1377,4.5
35,1380,3.0
35,1387,3.0
35,1391,3.5
35,1394,3.0
35,1464,4.5
35,1584,4.0
35,1590,2.5
35,1617,4.5
35,1625,4.0
35,1635,4.5
35,1653,4.0
35,1673,5.0
35,1729,4.5
35,1730,3.5
35,1732,5.0
35,1735,3.0
35,1748,3.5
35,1884,4.0
35,1913,4.0
35,1916,3.5
35,1917,2.0
35,1921,5.0
35,1923,3.0
35,1924,5.0
35,1961,3.5
35,1997,3.0
35,2010,4.0
35,2021,3.0
35,2022,5.0
35,2076,4.0
35,2160,4.0
35,2232,3.5
35,2288,4.0
35,2291,4.5
35,2313,4.0
35,2318,4.5
35,2324,4.0
35,2427,4.0
35,2513,2.5
35,2571,4.5
35,2585,4.5
35,2594,4.0
35,2617,4.0
35,2657,4.5
35,2692,4.5
35,2700,4.5
35,2710,4.5
35,2712,5.0
35,2716,3.0
35,2730,3.5
35,2762,4.5
35,2788,5.0
35,2791,4.5
35,2810,4.0
35,2843,5.0
35,2858,5.0
35,2916,3.5
35,2959,5.0
35,2966,3.5
35,2985,4.0
35,2997,4.5
35,3000,4.5
35,3020,4.5
35,3075,3.5
35,3081,4.0
35,3083,4.0
35,3108,3.5
35,3147,4.0
35,3160,4.5
35,3175,3.5
35,3176,4.0
35,3262,4.0
35,3285,4.0
35,3328,4.0
35,3408,4.5
35,3476,4.5
35,3503,5.0
35,3521,3.5
35,3556,4.5
35,3578,3.0
35,3621,4.5
35,3676,5.0
35,3677,5.0
35,3683,4.5
35,3703,3.0
35,3707,4.0
35,3730,4.0
35,3751,3.0
35,3788,4.0
35,3793,3.0
35,3855,4.5
35,3863,3.0
35,3868,4.0
35,3869,4.0
35,3925,5.0
35,3949,4.5
35,3977,3.0
35,3994,3.5
35,3996,4.0
35,4014,3.5
35,4027,3.5
35,4034,4.0
35,4105,3.5
35,4146,4.5
35,4226,4.0
35,4235,4.0
35,4246,3.0
35,4262,4.5
35,4306,5.0
35,4308,4.0
35,4437,5.0
35,4552,3.0
35,4553,4.0
35,4641,4.0
35,4664,4.5
35,4713,4.0
35,4720,4.0
35,4754,4.0
35,4848,5.0
35,4872,4.5
35,4874,4.0
35,4878,5.0
35,4896,3.0
35,4973,5.0
35,4975,3.0
35,4993,3.5
35,4995,3.5
35,5146,4.5
35,5218,2.5
35,5225,5.0
35,5269,4.5
35,5418,3.5
35,5445,4.0
35,5464,3.0
35,5477,4.5
35,5502,4.0
35,5508,4.5
35,5541,4.0
35,5618,2.5
35,5669,4.0
35,5673,3.0
35,5679,4.5
35,5853,4.0
35,5878,4.5
35,5902,4.0
35,5952,3.5
35,5991,3.0
35,5992,4.5
35,6016,3.5
35,6104,5.0
35,6184,4.5
35,6197,3.0
35,6281,3.5
35,6365,2.5
35,6377,4.5
35,6440,4.0
35,6539,3.5
35,6664,4.0
35,6711,5.0
35,6773,4.0
35,6774,4.5
35,6790,4.5
35,6807,5.0
35,6874,3.0
35,6934,3.0
35,6942,4.5
35,6953,4.0
35,6971,3.5
35,6975,4.5
35,7008,4.0
35,7044,3.5
35,7063,3.0
35,7090,4.0
35,7115,2.5
35,7123,3.0
35,7153,4.0
35,7254,3.0
35,7256,4.0
35,7327,4.0
35,7361,4.5
35,7371,5.0
35,7396,5.0
35,7438,3.0
35,7460,4.5
35,7505,4.5
35,7763,4.0
35,8014,5.0
35,8360,3.5
35,8464,4.5
35,8622,4.0
35,8641,2.5
35,8644,3.5
35,8783,4.0
35,8874,2.5
35,8914,5.0
35,8950,3.0
35,8961,3.5
35,26326,4.5
35,27033,4.0
35,27366,4.5
35,27728,3.0
35,27788,3.0
35,27904,3.5
35,30707,4.0
35,30810,3.5
35,31658,3.0
35,31696,3.0
35,31952,4.0
35,32587,3.5
35,33004,3.0
35,34437,4.5
35,43460,3.0
35,44191,4.5
35,44195,3.0
35,45447,3.0
35,46723,4.0
35,47465,4.0
35,47491,4.0
35,48043,4.0
35,48165,5.0
35,48385,4.0
35,48394,3.0
35,48774,4.5
35,48780,5.0
35,48997,5.0
35,49932,3.0
35,50872,4.5
35,51540,4.0
35,51662,2.0
35,52328,4.0
35,52666,3.5
35,53161,3.0
35,53318,4.0
35,53996,2.5
35,54229,4.0
35,54259,4.0
35,54962,4.5
35,55247,2.0
35,55276,4.0
35,55290,3.5
35,55442,4.0
35,55908,4.5
35,56757,3.5
35,56782,5.0
35,57669,5.0
35,58559,3.0
35,60069,3.5
35,61236,4.0
35,61240,3.0
35,63194,4.0
35,64839,4.0
35,65642,4.5
35,66097,3.5
35,66785,3.5
35,67255,3.0
35,68073,4.0
35,68157,2.5
35,68237,4.5
35,69122,3.5
35,69134,4.5
35,70286,4.0
35,71106,3.0
35,71108,4.0
35,71304,5.0
35,72226,4.5
35,72405,4.5
35,72630,3.0
35,72998,3.0
35,73808,3.0
35,74228,4.5
35,74416,3.5
35,74458,4.0
35,74754,4.5
35,74791,5.0
35,76093,4.0
35,76251,3.0
35,77201,4.5
35,77455,4.5
35,78034,4.0
35,78349,3.5
35,78836,2.5
35,79132,3.0
35,79702,3.0
35,80463,3.5
35,80906,4.5
35,80917,2.0
35,81018,4.0
35,81591,3.5
35,81704,5.0
35,81819,4.0
35,81845,4.0
35,84152,4.5
35,85412,3.5
35,85414,3.5
35,85774,4.0
35,86320,4.0
35,87869,4.5
35,88129,3.5
35,88163,4.5
35,89039,3.5
35,89118,4.5
35,89745,2.5
35,89761,4.0
35,89896,5.0
35,90821,4.5
35,91485,3.5
35,91529,2.5
35,94558,3.5
35,94677,4.0
35,94799,4.0
35,94939,4.0
35,94959,4.5
35,95441,2.5
35,95654,4.5
35,96606,4.0
35,96610,3.0
35,96728,4.0
35,96832,4.5
35,97194,4.0
35,97306,3.0
35,97938,3.0
35,98056,4.5
35,99917,3.5
35,100106,4.5
35,100745,3.0
35,101088,4.0
35,101739,3.5
35,103306,3.0
35,103685,4.5
35,103721,2.0
35,104374,3.0
35,104841,4.0
35,104863,3.5
35,104879,4.5
35,105355,4.5
35,106030,3.5
35,106920,4.0
35,107406,2.5
35,107771,4.0
35,108727,4.0
35,108932,4.0
35,108981,3.5
35,109243,4.0
35,109321,4.5
35,109374,5.0
35,109487,3.5
35,109596,4.0
35,109848,3.0
35,110882,4.0
35,111235,4.5
35,111443,2.0
35,111759,4.0
35,112183,4.0
35,112421,4.0
35,112552,4.0
35,112556,4.5
35,112804,2.0
35,112852,4.0
35,112868,4.0
35,113741,4.0
35,114935,3.0
35,115122,4.0
35,115135,4.5
35,115149,4.5
35,115569,4.0
35,115713,4.5
35,116138,3.5
35,116799,3.5
35,116897,3.5
35,117533,3.5
35,117590,4.0
35,117887,4.0
35,118880,3.5
35,119145,4.0
35,120284,3.0
35,121169,4.0
35,121231,4.0
35,122904,3.0
35,122918,4.5
35,126426,5.0
35,126919,4.5
35,128360,2.0
35,128542,4.0
35,130073,4.0
35,134130,2.5
35,134853,4.0
35,136449,4.0
35,136586,3.5
35,139644,4.0
35,142488,3.5
35,148626,5.0
35,149334,3.5
35,159061,4.5
35,160848,3.5
35,161634,3.5
35,164179,4.0
35,168122,3.5
35,168248,4.0
35,168252,4.0
35,175569,3.0
35,176371,4.0
35,176419,4.5
35,177593,4.0
35,177689,3.5
35,179221,4.5
35,180297,4.0
35,181315,4.0
35,182715,4.0
35,183869,4.0
35,185029,3.0
35,189203,4.0
36,1,3.0
36,50,3.5
36,110,3.0
36,165,2.5
36,208,2.5
36,293,4.0
36,296,4.5
36,377,3.0
36,480,3.5
36,555,4.0
36,593,3.5
36,608,4.0
36,778,4.0
36,858,3.5
36,924,4.0
36,1089,4.5
36,1136,4.0
36,1193,3.5
36,1206,4.0
36,1208,4.5
36,1213,3.5
36,1221,3.0
36,1222,4.0
36,1270,4.0
36,1517,1.0
36,1527,3.5
36,1617,4.0
36,1653,3.5
36,1721,3.5
36,1732,3.5
36,1917,2.0
36,2324,4.0
36,2571,4.0
36,2692,4.0
36,2762,3.5
36,2858,4.0
36,2959,4.5
36,3285,3.5
36,3535,3.5
36,3578,3.5
36,4011,4.0
36,4022,3.5
36,4027,3.5
36,4246,3.0
36,4306,3.5
36,4310,3.0
36,4326,4.0
36,4896,3.0
36,4963,3.5
36,4973,3.5
36,4975,3.0
36,4979,3.5
36,4993,3.5
36,5349,3.0
36,5418,4.0
36,5445,3.5
36,5669,3.5
36,5952,3.0
36,5956,2.5
36,5989,4.0
36,5992,4.0
36,5995,4.0
36,6281,3.5
36,6377,3.5
36,6539,4.0
36,6711,3.0
36,6870,4.0
36,6874,4.0
36,6952,4.0
36,7022,4.0
36,7147,4.0
36,7153,3.0
36,7173,2.5
36,7323,3.5
36,7438,3.5
36,8665,4.0
36,8961,3.5
36,30793,3.5
36,30812,4.0
36,32587,4.5
36,33004,3.5
36,33794,3.0
36,37733,4.0
36,37741,4.0
36,40815,2.5
36,41569,3.0
36,44191,4.0
36,44555,4.0
36,48045,4.5
36,48516,4.0
36,49272,3.5
36,49530,3.5
36,53322,3.5
36,54286,4.0
36,55247,4.0
36,55820,4.5
36,58559,4.0
36,59369,4.0
36,60069,3.5
36,61240,4.0
36,61323,4.0
36,64614,4.0
36,68157,4.0
36,68954,4.0
36,69134,3.5
36,69844,2.5
36,70286,4.0
36,70342,4.0
36,71464,3.5
36,72378,3.5
36,72998,4.0
36,74458,4.0
36,78499,4.0
36,79132,4.5
36,80463,4.0
36,81591,4.0
36,82459,4.0
36,85414,4.0
36,88129,4.0
36,92259,4.0
36,96079,3.5
36,96501,3.5
36,99114,4.0
36,106782,3.0
36,112556,4.5
37,1,1.0
37,2,3.0
37,6,3.0
37,7,2.0
37,11,2.0
37,21,2.0
37,32,4.0
37,36,3.0
37,47,4.0
37,50,3.0
37,73,3.0
37,110,3.0
37,153,2.0
37,185,4.0
37,230,4.0
37,260,4.0
37,292,2.0
37,296,2.0
37,316,2.0
37,318,5.0
37,329,2.0
37,349,3.0
37,350,3.0
37,356,4.0
37,367,5.0
37,377,3.0
37,380,4.0
37,457,4.0
37,480,5.0
37,527,3.0
37,539,3.0
37,587,4.0
37,589,5.0
37,590,3.0
37,593,5.0
37,594,3.0
37,597,3.0
37,608,4.0
37,648,3.0
37,653,4.0
37,720,1.0
37,733,4.0
37,736,4.0
37,745,2.0
37,780,4.0
37,788,1.0
37,802,2.0
37,858,4.0
37,923,3.0
37,924,1.0
37,1022,3.0
37,1042,2.0
37,1073,2.0
37,1089,1.0
37,1094,1.0
37,1097,3.0
37,1127,3.0
37,1148,2.0
37,1183,2.0
37,1193,4.0
37,1196,4.0
37,1198,5.0
37,1200,2.0
37,1206,1.0
37,1210,3.0
37,1213,2.0
37,1214,2.0
37,1220,4.0
37,1221,3.0
37,1240,5.0
37,1258,3.0
37,1265,4.0
37,1271,4.0
37,1333,3.0
37,1343,4.0
37,1356,3.0
37,1358,4.0
37,1371,3.0
37,1372,3.0
37,1374,2.0
37,1375,2.0
37,1376,2.0
37,1377,2.0
37,1391,3.0
37,1393,3.0
37,1459,2.0
37,1483,1.0
37,1527,3.0
37,1544,3.0
37,1580,4.0
37,1590,2.0
37,1591,2.0
37,1597,4.0
37,1608,3.0
37,1610,4.0
37,1615,3.0
37,1617,3.0
37,1645,2.0
37,1653,2.0
37,1676,3.0
37,1687,4.0
37,1690,3.0
37,1721,4.0
37,1784,5.0
37,1873,2.0
37,1876,3.0
37,1883,2.0
37,1909,4.0
37,1953,2.0
37,1954,2.0
37,1958,3.0
37,1996,2.0
37,2004,2.0
37,2011,3.0
37,2012,3.0
37,2021,2.0
37,2028,4.0
37,2058,3.0
37,2067,4.0
37,2094,2.0
37,2105,3.0
37,2126,2.0
37,2162,3.0
37,2193,2.0
37,2231,3.0
37,2245,3.0
37,2268,2.0
37,2273,4.0
37,2278,3.0
37,2324,5.0
37,2353,4.0
37,2359,4.0
37,2391,3.0
37,2393,2.0
37,2396,4.0
37,2407,2.0
37,2409,2.0
37,2455,2.0
37,2527,2.0
37,2529,1.0
37,2571,3.0
37,2616,3.0
37,2617,4.0
37,2628,5.0
37,2641,2.0
37,2686,4.0
37,2692,4.0
37,2699,1.0
37,2710,4.0
37,2762,4.0
37,2810,1.0
37,2858,1.0
37,2890,2.0
37,2916,5.0
37,2985,1.0
37,2991,2.0
37,2997,3.0
37,3000,1.0
37,3064,1.0
37,3100,5.0
37,3108,3.0
37,3147,4.0
37,3175,3.0
37,3176,3.0
37,3185,4.0
37,3252,3.0
37,3256,3.0
37,3257,2.0
37,3408,2.0
37,3418,2.0
37,3438,1.0
37,3439,2.0
37,3471,2.0
37,3476,4.0
37,3489,4.0
37,3510,4.0
37,3512,3.0
37,3527,5.0
37,3578,4.0
37,3681,2.0
37,3686,4.0
37,3697,2.0
37,3703,2.0
37,3713,2.0
37,3751,2.0
37,3863,2.0
37,3897,3.0
37,3927,2.0
37,3948,5.0
37,3952,1.0
37,3959,5.0
37,3977,1.0
37,3978,4.0
37,3983,4.0
37,3986,2.0
37,3994,2.0
37,3996,5.0
37,3998,3.0
37,4014,5.0
37,4018,3.0
37,4019,3.0
37,4022,4.0
37,4024,3.0
37,4027,3.0
37,4028,4.0
37,4034,4.0
37,4056,4.0
37,4069,2.0
37,4117,3.0
37,4226,3.0
37,4306,1.0
37,4310,3.0
37,4321,3.0
37,4326,5.0
37,4343,3.0
37,4361,4.0
37,4367,3.0
37,4370,3.0
37,4378,2.0
37,4448,4.0
37,4499,3.0
37,4571,2.0
37,4638,3.0
37,4701,3.0
37,4728,3.0
37,4855,2.0
37,4857,4.0
37,4873,2.0
37,4886,3.0
37,4963,2.0
37,4973,5.0
37,4979,3.0
37,4993,5.0
37,4995,5.0
37,5009,2.0
38,260,1.5
38,296,0.5
38,318,5.0
38,356,4.0
38,858,2.0
38,1036,4.0
38,1198,3.0
38,1252,5.0
38,2571,5.0
38,2959,5.0
38,4226,5.0
38,4993,3.0
38,7153,4.0
38,48780,4.0
38,53972,4.0
38,59315,5.0
38,74458,5.0
38,79132,5.0
38,88140,3.5
38,91529,5.0
38,106782,3.0
38,110102,3.5
38,122906,3.5
38,122912,5.0
38,122914,4.0
38,122916,4.0
38,122920,5.0
38,122922,4.5
38,164179,1.0
39,6,3.0
39,14,3.0
39,17,2.0
39,25,3.0
39,26,4.0
39,36,5.0
39,58,5.0
39,62,5.0
39,66,1.0
39,74,4.0
39,79,4.0
39,95,3.0
39,107,5.0
39,135,3.0
39,140,4.0
39,141,5.0
39,260,5.0
39,376,3.0
39,494,2.0
39,608,5.0
39,628,1.0
39,637,2.0
39,647,5.0
39,648,3.0
39,661,3.0
39,707,4.0
39,711,5.0
39,736,3.0
39,737,1.0
39,762,3.0
39,778,3.0
39,780,3.0
39,788,3.0
39,802,4.0
39,805,5.0
39,830,5.0
39,852,4.0
39,858,5.0
39,1006,4.0
39,1041,5.0
39,1059,4.0
39,1073,5.0
39,1120,1.0
39,1183,5.0
39,1210,4.0
39,1317,3.0
39,1353,3.0
39,1356,4.0
39,1357,5.0
39,1358,5.0
39,1367,5.0
39,1393,5.0
39,1399,3.0
39,1411,5.0
39,1416,4.0
39,1465,3.0
39,1487,4.0
40,16,4.0
40,17,5.0
40,110,5.0
40,150,3.0
40,194,5.0
40,213,5.0
40,265,4.0
40,296,5.0
40,306,4.0
40,307,4.0
40,345,4.0
40,475,5.0
40,501,3.0
40,509,4.0
40,527,5.0
40,562,5.0
40,593,4.0
40,608,5.0
40,713,1.0
40,800,4.0
40,858,5.0
40,866,4.0
40,902,5.0
40,908,5.0
40,909,4.0
40,912,5.0
40,919,5.0
40,920,4.0
40,923,5.0
40,946,5.0
40,953,5.0
40,971,5.0
40,994,5.0
40,1041,4.0
40,1051,4.0
40,1060,5.0
40,1084,4.0
40,1094,5.0
40,1095,5.0
40,1104,4.0
40,1179,5.0
40,1183,4.0
40,1193,4.0
40,1196,5.0
40,1203,3.0
40,1207,4.0
40,1213,4.0
40,1221,5.0
40,1233,5.0
40,1242,5.0
40,1244,5.0
40,1246,2.0
40,1247,5.0
40,1250,5.0
40,1263,4.0
40,1273,5.0
40,1276,4.0
40,1280,4.0
40,1287,5.0
40,1299,5.0
40,1358,4.0
40,1392,4.0
40,1393,4.0
40,1476,4.0
40,1589,3.0
40,1594,4.0
40,1639,4.0
40,1653,4.0
40,1673,4.0
40,1682,4.0
40,1693,3.0
40,1719,5.0
40,1721,5.0
40,1729,4.0
40,1784,4.0
40,1794,4.0
40,1834,4.0
40,1840,3.0
40,1873,4.0
40,1885,4.0
40,1914,4.0
40,1945,5.0
40,1954,4.0
40,1959,4.0
40,1961,4.0
40,1968,5.0
40,2000,4.0
40,2019,5.0
40,2065,5.0
40,2166,2.0
40,2245,3.0
40,2268,2.0
40,2282,4.0
40,2348,4.0
40,2357,4.0
40,2420,3.0
40,2712,4.0
40,2719,1.0
40,2723,2.0
40,2731,5.0
40,2858,5.0
41,32,4.0
41,180,4.0
41,327,3.0
41,743,2.0
41,1129,3.5
41,1479,3.5
41,2076,3.0
41,2485,1.5
41,2600,3.0
41,2826,3.0
41,3006,3.0
41,3113,2.5
41,3210,3.0
41,3256,3.5
41,3301,3.5
41,3704,3.0
41,3868,1.0
41,6383,1.5
41,6502,4.0
41,27266,3.0
41,51662,3.5
41,53000,2.5
41,55167,4.0
41,57502,4.0
41,58293,2.5
41,62849,3.5
41,66509,3.5
41,68358,3.5
41,68554,3.0
41,68791,3.5
41,68952,3.0
41,68954,4.0
41,69640,3.0
41,69844,3.0
41,70336,2.5
41,72378,2.0
41,72405,3.5
42,36,3.0
42,66,4.0
42,150,4.0
42,260,3.0
42,349,4.0
42,457,4.0
42,494,3.0
42,648,4.0
42,733,4.0
42,780,3.0
42,858,4.0
42,879,3.0
42,912,5.0
42,913,4.0
42,924,5.0
42,1059,4.0
42,1090,3.0
42,1101,5.0
42,1193,5.0
42,1196,3.0
42,1198,4.0
42,1201,4.0
42,1204,4.0
42,1208,5.0
42,1210,3.0
42,1213,3.0
42,1219,3.0
42,1221,5.0
42,1222,4.0
42,1231,4.0
42,1233,3.0
42,1240,4.0
42,1250,5.0
42,1253,4.0
42,1263,3.0
42,1270,3.0
42,1272,5.0
42,1275,3.0
42,1291,5.0
42,1302,4.0
42,1356,4.0
42,1371,5.0
42,1373,4.0
42,1374,4.0
42,1375,5.0
42,1376,5.0
42,1396,4.0
42,5060,5.0
43,1,5.0
43,10,3.0
43,13,2.0
43,17,5.0
43,19,2.0
43,20,2.0
43,21,4.0
43,22,3.0
43,25,4.0
43,32,5.0
43,34,5.0
43,39,5.0
43,47,5.0
43,50,5.0
43,121,4.0
43,125,4.0
43,141,4.0
43,150,5.0
43,153,3.0
43,158,3.0
43,160,2.0
43,161,3.0
43,162,5.0
43,163,3.0
43,165,3.0
43,171,3.0
43,172,2.0
43,173,2.0
43,176,3.0
43,177,3.0
43,185,3.0
43,193,1.0
43,196,1.0
43,204,3.0
43,206,5.0
43,207,3.0
43,208,3.0
43,222,3.0
43,224,3.0
43,225,1.0
43,232,3.0
43,236,3.0
43,246,5.0
43,247,4.0
43,252,3.0
43,253,3.0
43,256,3.0
43,257,3.0
43,259,3.0
43,266,3.0
43,281,3.0
43,288,3.0
43,292,3.0
43,293,4.0
43,296,5.0
43,300,4.0
43,315,2.0
43,316,3.0
43,317,3.0
43,318,5.0
43,319,4.0
43,322,3.0
43,329,2.0
43,338,1.0
43,339,4.0
43,342,3.0
43,348,3.0
43,349,3.0
43,355,1.0
43,356,3.0
43,357,3.0
43,358,2.0
43,361,3.0
43,364,3.0
43,367,3.0
43,368,3.0
43,370,2.0
43,371,3.0
43,372,3.0
43,376,3.0
43,377,3.0
43,380,3.0
43,410,3.0
43,413,1.0
43,419,1.0
43,420,1.0
43,431,3.0
43,433,2.0
43,434,3.0
43,440,3.0
43,442,3.0
43,450,2.0
43,454,3.0
43,457,5.0
43,460,2.0
43,464,3.0
43,466,3.0
43,468,3.0
43,471,4.0
43,474,4.0
43,477,3.0
43,480,3.0
43,481,3.0
43,485,3.0
43,489,3.0
43,490,3.0
43,493,4.0
43,497,4.0
43,500,3.0
43,505,3.0
43,508,3.0
43,509,3.0
43,514,4.0
43,519,2.0
43,520,3.0
43,521,3.0
43,527,5.0
43,529,5.0
43,533,3.0
43,535,3.0
43,539,3.0
43,540,2.0
43,543,3.0
43,544,2.0
43,551,3.0
43,555,3.0
43,569,3.0
43,581,5.0
43,585,3.0
43,586,3.0
43,587,3.0
43,588,5.0
43,589,5.0
43,590,3.0
43,592,2.0
43,593,5.0
43,594,3.0
43,595,5.0
43,597,2.0
43,608,5.0
43,648,3.0
43,653,3.0
43,661,3.0
43,671,3.0
43,707,2.0
43,708,3.0
43,720,5.0
43,724,3.0
43,733,5.0
43,745,5.0
44,293,5.0
44,2858,4.0
44,3000,5.0
44,3409,3.0
44,3578,4.0
44,3717,4.5
44,3752,2.0
44,3753,4.0
44,3755,3.0
44,3785,1.0
44,3793,4.0
44,3825,4.5
44,3949,4.5
44,3969,4.0
44,4014,4.5
44,4016,4.0
44,4022,3.0
44,4025,1.5
44,4148,5.0
44,4270,3.5
44,4299,5.0
44,4306,3.0
44,4310,3.5
44,4343,3.0
44,4344,4.0
44,4369,4.0
44,4370,4.5
44,4446,4.0
44,4447,2.0
44,4638,4.0
44,4643,4.0
44,4718,1.0
44,4720,5.0
44,4776,4.0
44,4886,4.5
44,4896,3.5
44,4963,4.0
44,4973,4.0
44,4993,4.0
44,4995,3.5
44,5010,4.0
44,5064,4.0
44,5218,4.0
44,5219,4.0
44,5349,3.0
44,5378,4.0
44,5444,3.5
44,5445,4.0
44,5459,3.0
44,5502,4.0
44,5507,3.0
44,5618,5.0
44,5630,4.5
44,5679,3.0
44,5816,3.5
44,5872,4.0
44,5952,5.0
44,5989,5.0
44,6218,3.0
44,6333,4.0
44,6365,4.0
44,6373,2.0
44,6377,4.0
44,6537,3.0
44,6539,4.0
44,6754,4.0
44,6863,3.0
44,6874,4.0
44,6934,4.0
44,7099,5.0
44,7147,5.0
44,7153,4.0
44,7361,3.0
44,8961,3.5
44,31658,5.0
44,42958,5.0
44,50601,5.0
44,62553,5.0
44,68358,4.5
44,68954,4.0
44,69757,3.5
44,72998,4.0
44,73266,3.5
44,79132,3.5
44,80586,5.0
44,91290,2.0
44,95567,4.0
44,96821,5.0
44,99114,5.0
44,103539,2.0
44,103606,4.0
44,104374,5.0
44,109189,3.0
44,109487,4.0
44,111443,5.0
44,114265,3.5
44,115667,4.0
44,122904,4.0
44,125661,3.0
44,134130,4.5
44,152081,4.0
44,163985,3.0
45,47,4.5
45,318,5.0
45,593,4.0
45,858,5.0
45,1136,4.0
45,1196,4.0
45,1200,4.0
45,1201,4.5
45,1214,4.5
45,1221,4.5
45,1232,3.5
45,1704,4.0
45,2019,4.0
45,2023,4.0
45,2571,4.0
45,3578,4.0
45,4993,5.0
45,5618,5.0
45,5952,5.0
45,7153,5.0
45,58559,3.5
45,79132,4.0
45,106489,2.0
45,122912,4.0
45,122916,4.0
46,1,4.0
46,47,4.0
46,50,4.0
46,318,4.0
46,356,4.5
46,750,4.0
46,953,3.0
46,1270,4.0
46,1968,4.0
46,2571,5.0
46,3535,4.5
46,3793,4.0
46,3949,3.0
46,4015,3.0
46,4022,3.0
46,4226,3.5
46,4366,4.0
46,4369,3.0
46,4643,3.5
46,4718,4.0
46,4734,3.0
46,4816,2.5
46,4874,4.0
46,4878,5.0
46,4886,3.5
46,4993,5.0
46,4995,3.5
46,5445,2.5
46,5459,4.0
46,5507,3.0
46,5810,3.5
46,5816,3.5
46,5952,5.0
46,5995,3.5
46,6333,3.5
46,6383,2.5
46,6711,2.5
46,7153,5.0
46,7347,4.5
46,7361,3.5
46,8368,4.0
46,8376,4.0
46,8784,4.0
46,8874,4.5
46,8914,4.5
46,33004,4.0
46,33794,4.0
46,34162,3.5
46,35836,3.5
46,36529,3.5
46,40815,4.0
46,44191,5.0
46,44665,4.0
46,45447,3.0
46,47610,4.0
46,48780,4.0
46,49530,3.5
46,50872,4.0
46,51540,4.5
46,52973,3.5
46,54503,4.0
46,55247,5.0
46,55820,3.5
46,56367,4.0
46,57669,3.5
46,58559,5.0
46,59315,4.5
46,60684,4.0
46,61024,4.0
46,62434,3.5
46,63131,4.0
46,64957,3.0
46,67734,4.0
46,68157,4.0
46,68237,5.0
46,68319,3.5
46,68358,4.0
46,69757,4.0
46,69844,4.0
46,70286,3.5
46,71535,3.5
46,72998,2.5
46,73266,4.0
46,73321,4.0
46,74458,4.5
46,74789,4.5
46,76251,3.0
46,77561,3.5
46,78499,3.5
46,79132,4.5
46,79357,3.5
46,79702,3.5
46,80463,4.0
46,80549,3.5
46,80693,5.0
46,81564,4.0
46,81845,2.5
46,84152,3.5
46,85774,5.0
46,86332,3.5
46,86882,3.5
46,87232,3.5
46,87234,5.0
46,87306,4.5
46,88125,4.5
46,88140,3.5
46,88163,3.5
46,88744,4.0
46,89745,3.5
46,89864,5.0
46,90746,3.5
46,91500,3.5
46,91529,4.5
46,92259,3.5
46,92439,5.0
46,96821,5.0
46,97752,4.5
46,97921,4.0
46,98809,4.0
46,99007,5.0
46,99114,3.5
46,100083,3.0
46,102125,3.5
46,102445,3.5
46,102903,4.5
46,102993,5.0
46,103539,4.0
46,104374,4.5
46,104636,5.0
46,104841,3.0
46,104863,4.5
46,104879,3.0
46,104913,5.0
46,104944,5.0
46,106072,4.0
46,106100,3.5
46,106487,3.0
46,106782,3.5
46,109374,0.5
46,109487,5.0
46,111362,3.5
46,112290,3.0
46,112552,4.0
46,112556,3.5
46,112623,4.5
46,112852,3.5
46,115569,3.5
46,115713,4.5
46,116797,4.5
46,116823,4.0
46,134853,3.0
47,6,4.0
47,43,4.0
47,162,5.0
47,180,1.0
47,198,4.0
47,246,5.0
47,300,5.0
47,373,4.0
47,436,3.0
47,532,2.0
47,541,4.0
47,549,5.0
47,562,3.0
47,913,5.0
47,922,4.0
47,928,5.0
47,930,5.0
47,931,4.0
47,942,4.0
47,1057,3.0
47,1103,4.0
47,1111,5.0
47,1147,5.0
47,1179,4.0
47,1189,5.0
47,1199,5.0
47,1248,4.0
47,1252,5.0
47,1267,4.0
47,1289,4.0
47,1344,3.0
47,1347,4.0
47,1394,5.0
47,1617,3.0
47,1693,3.0
47,1721,5.0
47,1748,4.0
47,1920,4.0
47,1923,4.0
47,1982,4.0
47,2066,4.0
47,2094,4.0
47,2186,5.0
47,2294,3.0
47,2351,5.0
47,2394,3.0
47,2396,2.0
47,2425,3.0
47,2439,3.0
47,2571,5.0
47,2575,5.0
47,2582,2.0
47,2617,4.0
47,2726,5.0
47,2731,5.0
47,2871,4.0
47,2872,4.0
47,2898,3.0
48,3,5.0
48,5,4.0
48,6,4.0
48,11,3.0
48,14,5.0
48,16,5.0
48,19,2.0
48,20,3.0
48,21,4.0
48,24,5.0
48,25,4.0
48,32,4.0
48,34,5.0
48,47,4.0
48,95,3.0
48,110,5.0
48,150,5.0
48,153,4.0
48,157,4.0
48,160,3.0
48,162,5.0
48,165,3.0
48,173,3.0
48,181,1.0
48,185,3.0
48,194,5.0
48,196,3.0
48,198,5.0
48,203,5.0
48,204,4.0
48,208,4.0
48,216,5.0
48,223,5.0
48,225,4.0
48,230,5.0
48,231,4.0
48,234,3.0
48,235,5.0
48,237,4.0
48,253,4.0
48,256,4.0
48,273,2.0
48,277,4.0
48,282,2.0
48,288,5.0
48,292,5.0
48,293,5.0
48,296,4.0
48,300,5.0
48,315,5.0
48,316,5.0
48,318,5.0
48,319,3.0
48,327,4.0
48,329,4.0
48,333,3.0
48,337,4.0
48,344,2.0
48,349,3.0
48,353,5.0
48,355,4.0
48,356,4.0
48,361,4.0
48,367,3.0
48,370,4.0
48,371,3.0
48,376,4.0
48,380,4.0
48,410,3.0
48,415,3.0
48,419,4.0
48,420,3.0
48,426,5.0
48,427,3.0
48,431,4.0
48,432,4.0
48,435,4.0
48,440,4.0
48,442,4.0
48,454,3.0
48,457,5.0
48,466,3.0
48,471,4.0
48,480,5.0
48,485,4.0
48,491,4.0
48,500,4.0
48,508,3.0
48,519,4.0
48,520,2.0
48,529,5.0
48,533,5.0
48,535,5.0
48,539,3.0
48,551,3.0
48,585,3.0
48,586,3.0
48,587,3.0
48,589,4.0
48,592,3.0
48,593,5.0
48,596,4.0
48,597,3.0
48,610,5.0
48,733,5.0
48,780,5.0
49,19,3.0
49,21,4.0
49,34,4.0
49,47,4.0
49,110,5.0
49,150,5.0
49,153,3.0
49,161,3.0
49,185,4.0
49,225,4.0
49,231,3.0
49,253,3.0
49,288,4.0
49,292,4.0
49,296,5.0
49,300,3.0
49,318,4.0
49,339,4.0
49,344,3.0
49,349,4.0
49,356,5.0
49,364,5.0
49,367,3.0
49,377,4.0
49,380,3.0
49,420,3.0
49,434,3.0
49,454,5.0
49,457,4.0
49,480,5.0
49,500,4.0
49,588,4.0
49,589,3.0
49,590,3.0
49,592,4.0
49,593,5.0
49,595,3.0
50,32,5.0
50,47,5.0
50,50,5.0
50,163,3.5
50,172,4.0
50,296,4.5
50,318,5.0
50,435,2.0
50,494,3.5
50,543,4.0
50,552,3.5
50,593,5.0
50,608,5.0
50,750,5.0
50,778,4.0
50,802,3.0
50,858,4.5
50,904,4.5
50,908,5.0
50,912,4.5
50,913,4.0
50,924,4.5
50,965,4.0
50,1019,4.0
50,1089,5.0
50,1136,5.0
50,1193,4.5
50,1196,5.0
50,1198,4.5
50,1201,5.0
50,1203,5.0
50,1206,4.0
50,1207,4.0
50,1208,5.0
50,1209,5.0
50,1213,4.0
50,1214,5.0
50,1219,4.5
50,1233,4.0
50,1234,5.0
50,1245,4.5
50,1247,4.0
50,1250,4.5
50,1258,4.5
50,1262,4.5
50,1263,4.0
50,1267,4.0
50,1276,4.5
50,1278,5.0
50,1288,5.0
50,1303,4.5
50,1376,2.5
50,1617,5.0
50,1732,5.0
50,1950,4.5
50,2019,5.0
50,2072,3.5
50,2085,4.5
50,2186,4.0
50,2302,3.5
50,2329,4.5
50,2395,4.0
50,2406,3.5
50,2572,4.0
50,2699,3.0
50,2819,4.0
50,2826,4.0
50,2959,5.0
50,3551,4.0
50,3683,4.0
50,3730,4.0
50,3949,4.0
50,3986,2.5
50,4011,4.5
50,4027,5.0
50,4167,3.5
50,4226,5.0
50,4327,3.5
50,4792,2.5
50,4878,4.0
50,4973,5.0
50,5049,3.5
50,5120,4.5
50,6016,5.0
50,6787,4.5
50,6953,4.0
50,6987,4.0
50,8169,3.5
50,8228,4.5
50,8340,4.0
50,26133,4.0
50,26172,3.5
50,31410,4.5
50,33794,4.0
50,35836,4.0
50,39292,4.0
50,48394,4.5
50,48516,4.5
50,48780,4.5
50,50068,3.5
50,51662,4.0
50,52435,5.0
50,53207,3.0
50,54997,4.5
50,55118,4.5
50,55814,4.5
50,55820,5.0
50,56782,4.5
50,56949,3.0
50,57669,4.5
50,58559,4.0
50,60069,3.5
50,63082,4.0
50,64614,4.0
50,68157,4.0
50,68358,4.0
50,68554,3.5
50,70286,3.5
51,1,3.5
51,48,0.5
51,163,2.5
51,172,1.0
51,260,5.0
51,356,4.5
51,370,1.0
51,434,2.5
51,457,2.5
51,520,2.5
51,590,2.0
51,736,3.0
51,784,3.5
51,1198,3.0
51,1250,2.5
51,1288,3.5
51,1307,3.5
51,1320,3.5
51,1333,2.0
51,1358,2.0
51,1380,1.0
51,1479,4.5
51,1608,1.5
51,1617,2.0
51,1722,3.0
51,1917,1.5
51,1918,3.5
51,2023,3.0
51,2081,1.0
51,2278,2.5
51,2294,3.0
51,2353,3.0
51,2455,2.5
51,2699,2.0
51,2762,4.5
51,2959,5.0
51,3033,1.5
51,3082,2.5
51,3253,3.0
51,3623,3.0
51,4034,3.5
51,4226,4.0
51,4993,4.0
51,5299,1.0
51,6365,2.0
51,7153,4.5
51,7361,0.5
51,8636,4.0
52,16,2.0
52,50,3.5
52,58,3.5
52,112,2.0
52,151,2.0
52,296,4.0
52,318,3.5
52,432,1.0
52,593,3.5
52,750,3.0
52,858,4.0
52,898,2.5
52,904,4.0
52,908,3.5
52,923,4.0
52,950,2.5
52,951,3.5
52,954,3.5
52,1089,3.5
52,1104,3.0
52,1136,3.5
52,1147,3.5
52,1148,3.0
52,1193,3.5
52,1197,2.5
52,1198,4.0
52,1213,4.5
52,1219,3.0
52,1222,2.5
52,1225,3.0
52,1230,3.5
52,1258,4.0
52,1262,3.0
52,1266,4.0
52,1278,3.0
52,1304,2.5
52,2019,4.5
52,2115,4.0
52,2174,2.0
52,2791,3.0
52,3000,2.5
52,3089,3.0
52,3134,4.0
52,3359,3.5
52,3551,3.0
52,3793,3.0
52,3801,2.0
52,3996,2.5
52,4306,2.5
52,4327,3.5
52,4432,4.0
52,4973,3.5
52,4993,4.0
52,5008,3.0
52,5291,3.0
52,5602,3.0
52,5618,4.0
52,5971,2.0
52,6377,2.0
52,6552,3.0
52,6663,3.5
52,6789,3.0
52,6985,3.0
52,6987,3.0
52,7070,2.5
52,7084,3.0
52,7090,2.0
52,7238,3.5
52,7361,3.0
52,7560,3.5
52,7766,4.0
52,7925,2.0
52,8125,3.5
52,8154,3.0
52,8167,3.0
52,8228,3.0
52,8337,3.0
52,8874,2.5
52,8961,4.0
52,26131,3.0
53,260,5.0
53,318,3.5
53,589,5.0
53,1036,5.0
53,1240,5.0
53,2571,5.0
53,3578,5.0
53,4993,5.0
53,5418,4.5
53,5952,5.0
53,7153,5.0
53,8368,5.0
53,8665,5.0
53,8874,4.0
53,33794,5.0
53,40815,5.0
53,54001,4.5
53,54286,5.0
53,58559,5.0
53,59315,5.0
53,68358,5.0
53,69844,5.0
53,73017,5.0
53,79132,5.0
53,81834,5.0
53,87232,5.0
53,88125,5.0
53,91529,5.0
53,92259,3.0
53,102445,5.0
53,106782,5.0
53,110102,5.0
53,111759,5.0
53,112852,5.0
53,122886,5.0
53,122904,5.0
53,122920,5.0
53,122922,5.0
53,134130,5.0
53,134853,1.0
54,1,4.0
54,6,4.0
54,14,4.0
54,25,5.0
54,32,5.0
54,36,5.0
54,62,4.0
54,95,3.0
54,141,1.0
54,164,5.0
54,218,5.0
54,260,5.0
54,296,5.0
54,425,4.0
54,444,3.0
54,494,5.0
54,608,5.0
54,647,5.0
54,648,4.0
54,733,5.0
54,736,1.0
54,780,3.0
54,798,4.0
54,800,5.0
54,805,4.0
54,832,5.0
54,858,5.0
54,908,5.0
54,994,3.0
54,1041,5.0
54,1047,5.0
54,1061,5.0
54,1120,5.0
54,1183,3.0
54,1210,4.0
54,1220,3.0
54,1356,4.0
54,1357,5.0
54,1358,5.0
54,1393,5.0
54,1416,3.0
54,1466,4.0
54,1479,3.0
54,1487,5.0
54,1544,3.0
55,22,5.0
55,186,4.0
55,204,3.5
55,246,5.0
55,315,4.0
55,342,3.5
55,661,4.0
55,724,3.5
55,1092,4.5
55,1242,5.0
55,1271,3.5
55,1597,5.0
55,1747,3.0
55,2058,4.0
55,2100,4.0
55,2278,4.0
55,3717,4.0
55,3755,3.5
55,3938,4.5
55,4085,5.0
55,5766,4.0
56,16,3.0
56,39,3.5
56,72,4.0
56,85,1.0
56,147,3.0
56,150,2.0
56,166,2.5
56,247,4.0
56,273,3.0
56,282,0.5
56,292,1.5
56,305,1.0
56,331,3.0
56,339,0.5
56,345,4.5
56,353,2.5
56,417,3.5
56,441,3.5
56,468,1.0
56,501,5.0
56,539,0.5
56,597,1.0
56,750,3.0
56,908,4.0
56,910,2.5
56,987,3.0
56,1041,4.5
56,1056,4.0
56,1060,2.5
56,1173,0.5
56,1183,4.0
56,1198,3.0
56,1230,5.0
56,1233,3.5
56,1246,3.0
56,1257,4.5
56,1263,4.0
56,1354,4.5
56,1394,1.5
56,1396,3.5
56,1417,4.0
56,1483,0.5
56,1500,3.5
56,1529,2.0
56,1586,0.5
56,1611,3.5
56,1648,4.5
56,1683,4.5
56,1719,5.0
56,1784,1.0
56,1829,3.0
56,1836,4.0
56,1885,2.5
56,2291,2.5
56,2330,4.0
56,2395,2.0
56,2437,4.0
56,2502,4.5
56,2577,4.0
56,2590,4.5
56,2599,3.5
56,2671,1.0
56,2712,1.0
56,2943,4.0
56,3006,4.0
56,3020,3.0
56,3127,4.5
56,3203,3.0
56,3421,3.0
56,3556,2.5
56,3683,4.0
56,3822,1.5
56,3859,3.5
56,3897,4.0
56,3911,4.0
56,3983,4.5
56,4014,3.5
56,4069,1.0
56,4308,1.0
56,4391,4.5
56,4641,4.0
56,5013,4.0
56,5461,4.5
56,5508,4.0
56,5617,4.5
56,5945,4.5
56,5995,5.0
56,6159,5.0
56,6187,3.0
56,6216,4.5
56,6218,4.0
56,6297,0.5
56,6299,5.0
56,6539,2.0
56,6711,5.0
56,6770,4.5
56,6791,3.5
57,1,4.0
57,6,3.0
57,7,3.0
57,17,3.0
57,18,3.0
57,25,3.0
57,32,3.0
57,36,3.0
57,43,4.0
57,62,3.0
57,94,4.0
57,100,2.0
57,101,3.0
57,112,1.0
57,156,3.0
57,376,3.0
57,494,1.0
57,608,4.0
57,628,3.0
57,648,2.0
57,650,4.0
57,653,3.0
57,661,5.0
57,708,4.0
57,719,3.0
57,724,2.0
57,725,3.0
57,728,4.0
57,736,3.0
57,762,1.0
57,766,3.0
57,780,3.0
57,784,3.0
57,786,3.0
57,788,3.0
57,799,4.0
57,839,1.0
57,852,3.0
57,1073,4.0
57,1391,5.0
58,260,4.0
58,1136,4.5
58,1196,4.0
58,1198,2.5
58,1210,5.0
58,1270,2.5
58,1291,2.5
58,1517,4.5
58,2273,4.5
58,2683,4.0
58,3535,4.5
58,4306,4.5
58,4701,5.0
58,4886,4.0
58,5481,4.5
58,5618,4.0
58,7451,0.5
58,8531,0.5
58,49272,4.5
58,54648,4.0
58,55820,5.0
58,59784,4.0
58,60069,4.5
58,61132,4.5
58,63113,3.5
58,68954,5.0
58,76093,4.0
58,96079,5.0
58,99114,4.5
58,109487,4.5
58,115617,4.5
58,136020,3.5
58,224280,4.5
58,228099,5.0
58,274053,3.0
59,1,4.0
59,11,3.0
59,17,4.0
59,28,4.0
59,32,3.0
59,34,4.0
59,36,5.0
59,50,4.0
59,105,2.0
59,164,4.0
59,194,3.0
59,206,4.0
59,224,3.0
59,232,3.0
59,260,4.0
59,265,2.0
59,296,1.0
59,356,2.0
59,364,3.0
59,367,3.0
59,440,4.0
59,448,3.0
59,457,3.0
59,471,2.0
59,474,3.0
59,477,3.0
59,497,3.0
59,515,3.0
59,527,4.0
59,529,4.0
59,538,3.0
59,541,5.0
59,551,3.0
59,589,4.0
59,590,4.0
59,592,3.0
59,593,3.0
59,628,3.0
59,670,3.0
59,741,3.0
59,805,2.0
59,858,3.0
59,898,5.0
59,903,4.0
59,904,4.0
59,905,4.0
59,906,4.0
59,908,4.0
59,910,4.0
59,912,5.0
59,919,3.0
59,920,3.0
59,922,4.0
59,923,5.0
59,924,4.0
59,926,3.0
59,927,3.0
59,928,4.0
59,930,4.0
59,931,4.0
59,933,4.0
59,936,3.0
59,938,3.0
59,943,3.0
59,946,4.0
59,950,4.0
59,951,4.0
59,953,3.0
59,955,4.0
59,965,3.0
59,994,3.0
59,1038,2.0
59,1041,4.0
59,1059,3.0
59,1077,3.0
59,1079,4.0
59,1080,4.0
59,1081,3.0
59,1084,2.0
59,1090,3.0
59,1094,5.0
59,1095,3.0
59,1096,3.0
59,1103,3.0
59,1104,4.0
59,1124,3.0
59,1125,3.0
59,1127,3.0
59,1150,4.0
59,1172,3.0
59,1183,4.0
59,1185,3.0
59,1186,4.0
59,1188,4.0
59,1189,4.0
59,1193,4.0
59,1196,4.0
59,1197,3.0
59,1198,3.0
59,1199,3.0
59,1200,2.0
59,1202,2.0
59,1204,3.0
59,1206,4.0
59,1208,4.0
59,1210,3.0
59,1214,2.0
59,1217,4.0
59,1219,4.0
59,1221,3.0
59,1225,4.0
59,1230,4.0
59,1231,3.0
59,1233,3.0
59,1234,3.0
59,1235,2.0
59,1237,4.0
59,1238,3.0
59,1240,3.0
59,1244,4.0
59,1246,2.0
59,1247,3.0
59,1248,3.0
59,1249,3.0
59,1252,4.0
59,1254,3.0
59,1256,3.0
59,1263,4.0
59,1264,4.0
59,1265,3.0
59,1269,3.0
59,1270,3.0
59,1275,3.0
59,1276,3.0
59,1281,4.0
59,1282,3.0
59,1283,4.0
59,1284,4.0
59,1285,2.0
59,1288,3.0
59,1289,3.0
59,1291,3.0
59,1292,4.0
59,1295,2.0
59,1296,3.0
59,1300,3.0
59,1303,4.0
59,1304,4.0
59,1307,3.0
59,1357,4.0
59,1358,4.0
59,1387,3.0
59,1394,2.0
59,1419,4.0
59,1527,2.0
59,1537,3.0
59,1584,2.0
59,1614,3.0
59,1617,3.0
59,1619,2.0
59,1641,4.0
59,1660,4.0
59,1669,4.0
59,1673,4.0
59,1674,4.0
59,1680,3.0
59,1682,4.0
59,1694,4.0
59,1704,4.0
59,1748,3.0
59,1810,3.0
59,1834,1.0
59,1907,4.0
59,1912,3.0
59,1913,3.0
59,1921,3.0
59,1931,4.0
59,1947,3.0
59,1949,3.0
59,1955,3.0
59,1956,4.0
59,1957,3.0
59,1959,4.0
59,1961,3.0
59,1963,2.0
59,1965,3.0
59,1997,1.0
59,2010,5.0
59,2020,4.0
59,2065,3.0
59,2068,3.0
59,2069,2.0
59,2070,4.0
59,2081,3.0
59,2087,4.0
59,2094,2.0
59,2108,3.0
59,2132,2.0
59,2160,2.0
59,2174,3.0
59,2186,4.0
59,2194,2.0
59,2238,2.0
59,2239,3.0
59,2248,5.0
59,2294,3.0
59,2302,2.0
59,2312,3.0
59,2313,4.0
59,2321,4.0
59,2349,4.0
59,2352,4.0
59,2355,3.0
59,2366,4.0
59,2369,3.0
59,2394,3.0
59,2396,4.0
59,2414,2.0
59,2424,3.0
59,2497,2.0
59,2539,3.0
59,2571,4.0
59,2573,3.0
59,2599,3.0
59,2633,5.0
59,2640,3.0
59,2657,5.0
59,2671,3.0
59,2677,4.0
59,2683,2.0
59,2690,4.0
59,2724,3.0
59,2728,4.0
59,2730,2.0
59,2739,3.0
59,2746,2.0
59,2762,4.0
59,2763,3.0
59,2797,3.0
59,2819,3.0
59,2858,4.0
59,2859,4.0
59,2883,4.0
59,2918,2.0
59,2946,2.0
59,2948,3.0
59,2971,3.0
59,2973,4.0
59,2985,2.0
59,2987,4.0
59,2991,3.0
59,2993,3.0
59,2997,4.0
59,3022,4.0
59,3039,2.0
59,3068,3.0
59,3069,2.0
59,3071,4.0
59,3072,4.0
59,3074,2.0
59,3088,3.0
59,3091,4.0
59,3093,2.0
59,3098,3.0
59,3101,2.0
59,3102,2.0
59,3104,4.0
59,3105,3.0
59,3107,2.0
59,3108,3.0
59,3114,4.0
59,3134,3.0
59,3152,3.0
59,3160,4.0
59,3176,4.0
59,3198,3.0
59,3201,3.0
59,3224,4.0
59,3244,3.0
59,3246,4.0
59,3253,3.0
59,3256,2.0
59,3259,2.0
59,3260,3.0
59,3296,3.0
59,3309,3.0
59,3317,3.0
59,3342,3.0
59,3358,2.0
59,3359,4.0
59,3361,4.0
59,3362,4.0
59,3371,3.0
59,3379,3.0
59,3386,3.0
59,3418,3.0
59,3422,3.0
59,3424,4.0
59,3451,3.0
59,3471,3.0
59,3481,4.0
59,3494,2.0
59,3503,3.0
59,3507,3.0
59,3510,3.0
59,3521,4.0
59,3545,4.0
59,3546,2.0
59,3559,3.0
59,3608,2.0
59,3623,3.0
59,3649,3.0
59,3653,3.0
59,3671,2.0
59,3685,3.0
59,3699,3.0
59,3700,3.0
59,3723,3.0
59,3724,3.0
59,3730,4.0
59,3733,3.0
59,3747,4.0
59,3751,3.0
59,3783,4.0
59,3793,4.0
59,3809,2.0
59,3814,3.0
59,3844,2.0
59,3852,3.0
59,3873,2.0
59,3897,3.0
59,3929,2.0
59,3952,3.0
59,3967,4.0
59,3994,3.0
59,3996,5.0
59,4002,2.0
59,4007,3.0
59,4009,2.0
59,4014,3.0
59,4019,4.0
59,4022,5.0
59,4029,4.0
59,4034,5.0
59,4037,4.0
59,4056,4.0
59,4062,2.0
59,4086,4.0
59,4103,4.0
59,4175,4.0
59,4179,3.0
59,4183,4.0
59,4216,3.0
59,4226,5.0
59,4242,4.0
59,4246,4.0
59,4273,4.0
59,4292,3.0
59,4296,3.0
59,4306,3.0
59,4321,2.0
59,4349,3.0
59,4359,3.0
59,4361,4.0
59,4370,3.0
59,4407,3.0
59,4410,4.0
59,4427,4.0
59,4447,3.0
59,4467,2.0
59,4479,4.0
59,4486,4.0
59,4523,3.0
59,4555,3.0
59,4558,2.0
59,4590,4.0
59,4628,3.0
59,4661,2.0
59,4705,3.0
59,4784,3.0
59,4787,2.0
59,4799,2.0
59,4800,3.0
59,4803,4.0
59,4835,3.0
59,4844,4.0
59,4848,5.0
59,4886,4.0
59,4912,3.0
59,4914,4.0
59,4928,3.0
59,4973,5.0
59,4993,3.0
59,4995,4.0
59,5013,4.0
59,5023,3.0
59,5033,2.0
59,5034,3.0
59,5060,3.0
59,5105,4.0
59,5120,3.0
59,5135,5.0
59,5238,3.0
59,5291,4.0
59,5339,3.0
59,5349,4.0
59,5367,5.0
59,5377,4.0
59,5385,4.0
59,5391,3.0
59,5418,3.0
59,5481,3.0
59,5497,2.0
59,5499,2.0
59,5502,1.0
59,5527,4.0
59,5553,3.0
60,1,3.0
60,110,4.0
60,223,4.0
60,296,4.0
60,318,5.0
60,356,4.5
60,480,3.0
60,593,4.5
60,608,5.0
60,1089,4.0
60,1183,3.5
60,1193,5.0
60,1197,4.0
60,1199,3.5
60,1219,2.5
60,1222,4.5
60,1247,4.5
60,1258,4.5
60,1278,4.0
60,1732,4.5
60,2028,4.0
60,2329,3.0
60,2502,4.5
60,2858,4.0
60,2959,4.0
60,3052,3.5
60,3578,4.5
60,3949,4.5
60,4878,2.0
60,4973,5.0
60,6016,5.0
60,6807,3.5
60,6957,3.0
60,30810,5.0
60,44195,3.5
60,48394,4.5
60,58559,4.0
60,61323,3.0
60,74152,4.0
60,79132,4.5
60,91529,4.0
60,99114,4.0
60,131724,3.5
61,2,5.0
61,10,4.0
61,14,3.0
61,21,4.0
61,26,4.0
61,32,5.0
61,44,3.0
61,45,3.0
61,46,3.0
61,47,3.0
61,70,3.0
61,79,2.0
61,150,4.0
61,151,3.0
61,153,3.0
61,161,5.0
61,165,3.0
61,196,3.0
61,204,4.0
61,208,3.0
61,215,3.0
61,228,2.0
61,230,3.0
61,233,3.0
61,234,2.0
61,252,3.0
61,253,4.0
61,273,4.0
61,296,4.0
61,300,3.0
61,318,5.0
61,329,4.0
61,349,4.0
61,350,3.0
61,355,3.0
61,364,3.0
61,380,5.0
61,416,3.0
61,440,4.0
61,457,5.0
61,554,3.0
61,555,5.0
61,588,3.0
61,590,3.0
61,592,4.0
61,593,5.0
61,595,3.0
61,608,4.0
61,610,5.0
61,662,3.0
61,724,3.0
61,736,5.0
62,1,5.0
62,2,5.0
62,7,4.0
62,10,4.0
62,11,3.0
62,17,4.0
62,23,4.0
62,24,5.0
62,32,3.0
62,34,4.0
62,39,2.0
62,47,4.0
62,60,4.0
62,62,3.0
62,66,3.0
62,105,5.0
62,110,5.0
62,150,5.0
62,151,4.0
62,160,2.0
62,161,4.0
62,172,4.0
62,173,2.0
62,185,4.0
62,196,4.0
62,224,4.0
62,253,5.0
62,262,4.0
62,265,3.0
62,266,4.0
62,277,3.0
62,292,3.0
62,293,4.0
62,296,3.0
62,303,4.0
62,329,4.0
62,337,4.0
62,338,3.0
62,339,4.0
62,345,2.0
62,349,4.0
62,350,5.0
62,353,4.0
62,356,4.0
62,361,4.0
62,362,2.0
62,364,4.0
62,367,4.0
62,368,3.0
62,377,5.0
62,380,5.0
62,382,4.0
62,383,3.0
62,405,3.0
62,416,2.0
62,426,5.0
62,432,2.0
62,435,3.0
62,440,4.0
62,442,3.0
62,457,5.0
62,465,4.0
62,466,4.0
62,471,3.0
62,475,3.0
62,480,5.0
62,487,2.0
62,491,5.0
62,516,4.0
62,517,5.0
62,519,2.0
62,529,4.0
62,531,3.0
62,551,4.0
62,558,3.0
62,589,4.0
62,590,5.0
62,593,5.0
62,608,4.0
62,647,4.0
62,648,4.0
62,653,4.0
62,708,3.0
62,724,2.0
62,733,5.0
62,780,5.0
62,802,4.0
62,805,3.0
62,832,5.0
62,849,2.0
62,852,4.0
62,879,3.0
62,991,4.0
62,1027,5.0
62,1037,4.0
62,1059,4.0
62,1094,5.0
62,1183,4.0
62,1188,5.0
62,1210,5.0
62,1233,5.0
62,1249,5.0
62,1265,3.0
62,1266,4.0
62,1320,5.0
62,1339,5.0
62,1356,4.0
62,1372,4.0
62,1393,4.0
62,1396,5.0
62,1408,5.0
62,1411,4.0
62,1441,5.0
62,1446,3.0
62,1459,4.0
62,1479,4.0
62,1488,4.0
62,1525,3.0
62,1527,4.0
62,1544,4.0
62,1552,5.0
62,1573,4.0
62,1580,5.0
62,1583,3.0
62,1584,4.0
62,1586,5.0
62,1590,1.0
62,1597,5.0
62,1608,4.0
62,1610,5.0
62,1616,4.0
62,1619,3.0
62,1625,4.0
62,1645,4.0
62,1655,3.0
62,1676,5.0
62,1678,5.0
62,1682,4.0
62,1690,5.0
62,1704,4.0
62,1721,4.0
62,1762,2.0
62,1784,5.0
62,1801,5.0
62,1831,3.0
62,1862,3.0
62,1876,4.0
62,1882,3.0
62,1892,5.0
62,1917,4.0
62,1918,4.0
62,1920,4.0
62,1923,2.0
62,1999,2.0
62,2002,4.0
62,2004,3.0
62,2006,5.0
62,2012,3.0
62,2028,5.0
62,2046,4.0
62,2053,2.0
62,2084,4.0
62,2094,2.0
62,2120,3.0
62,2125,3.0
62,2162,2.0
62,2253,3.0
62,2268,4.0
62,2291,4.0
62,2302,3.0
62,2328,3.0
62,2334,4.0
62,2340,5.0
62,2353,5.0
62,2359,5.0
62,2393,4.0
62,2429,4.0
62,2431,3.0
63,150,4.5
63,165,4.0
63,292,4.5
63,377,4.5
63,380,3.5
63,457,4.5
63,480,4.0
63,527,5.0
63,592,4.0
63,593,4.0
63,673,3.0
63,733,5.0
63,780,4.0
63,832,4.5
63,1036,4.0
63,1090,4.5
63,1101,4.0
63,1370,4.0
63,1515,4.0
63,1552,4.0
63,1573,5.0
63,1580,3.5
63,1608,4.5
63,1610,4.0
63,1616,5.0
63,1717,3.5
63,1721,4.0
63,1792,4.0
63,1833,4.5
63,1912,3.5
63,1917,4.5
63,1954,4.0
63,2011,4.5
63,2028,4.5
63,2058,5.0
63,2126,4.0
63,2273,4.0
63,2278,4.5
63,2324,4.5
63,2329,5.0
63,2353,4.5
63,2409,4.0
63,2410,4.0
63,2411,4.0
63,2412,3.0
63,2490,4.5
63,2571,4.0
63,2605,4.5
63,2706,4.0
63,2707,4.5
63,2803,4.5
63,2860,4.0
63,3005,4.5
63,3178,3.5
63,3510,4.5
63,3513,4.5
63,3555,4.5
63,3825,4.0
63,3879,4.5
63,3949,4.0
63,4226,3.5
63,4310,4.0
63,4874,4.0
63,4963,4.5
63,4975,4.0
63,5009,3.5
63,5010,4.5
63,5108,4.5
63,5418,4.5
63,5445,3.0
63,5574,4.0
63,5810,4.0
63,5824,4.0
63,5954,4.0
63,6016,4.5
63,6281,4.0
63,6322,4.0
63,6378,4.5
63,6548,4.0
63,6595,4.0
63,6870,4.0
63,7346,4.0
63,7445,4.5
63,8361,4.0
63,8529,2.0
63,8665,4.5
63,8781,3.5
63,8972,4.0
63,8984,4.0
63,31685,4.0
63,32029,4.0
63,36519,4.0
63,41997,4.5
63,43921,5.0
63,45186,4.0
64,1,5.0
64,32,3.0
64,34,3.0
64,260,3.5
64,296,5.0
64,318,4.0
64,356,3.0
64,367,2.0
64,377,3.0
64,541,5.0
64,589,5.0
64,593,4.0
64,780,3.0
64,858,4.5
64,1036,3.5
64,1196,3.5
64,1198,3.5
64,1200,4.5
64,1210,3.0
64,1213,5.0
64,1214,4.5
64,1215,3.0
64,1240,4.0
64,1258,3.0
64,1261,3.0
64,1270,3.5
64,1320,4.0
64,1345,3.0
64,1377,3.0
64,1387,3.0
64,1527,2.5
64,1544,4.0
64,1580,3.0
64,1653,3.0
64,1676,3.0
64,1682,4.0
64,1690,3.0
64,1721,4.0
64,1876,2.5
64,1882,2.0
64,1968,4.0
64,1997,3.0
64,2011,3.0
64,2012,3.0
64,2028,4.5
64,2118,4.0
64,2167,3.5
64,2232,3.0
64,2273,3.0
64,2288,5.0
64,2389,3.0
64,2455,5.0
64,2529,3.0
64,2571,4.5
64,2617,2.0
64,2692,4.0
64,2699,3.5
64,2710,3.5
64,2791,3.0
64,2858,4.0
64,2918,4.0
64,2959,4.0
64,2985,3.5
64,2986,3.0
64,3114,4.5
64,3147,4.5
64,3300,3.0
64,3578,3.0
64,3703,4.0
64,3751,3.0
64,3793,2.5
64,3868,4.0
64,4105,3.0
64,4246,3.0
64,4306,3.0
64,4310,3.0
64,4876,1.5
64,4878,4.5
64,4975,4.0
64,4993,4.0
64,5219,2.0
64,5349,3.5
64,5445,3.0
64,5459,3.0
64,5630,4.0
64,5679,3.0
64,5784,2.0
64,5952,4.0
64,6016,4.5
64,6333,3.0
64,6365,3.5
64,6502,4.0
64,6564,1.5
64,6863,3.5
64,6870,4.0
64,6874,4.0
64,7153,4.0
64,7254,3.5
64,7361,3.5
64,7387,4.0
64,7438,4.0
64,8360,3.0
64,8361,3.0
64,8464,3.0
64,8529,3.0
64,8644,2.0
64,8798,3.0
64,8870,3.0
64,8961,4.0
64,8981,3.0
64,30707,4.0
64,31696,3.0
64,33004,3.0
64,33493,3.0
64,34162,3.0
64,34319,3.0
64,35836,3.5
64,39446,3.5
64,40732,3.0
64,44191,3.0
64,44397,3.5
64,45081,3.0
64,45499,2.5
64,46530,1.0
64,48385,4.0
64,48774,3.0
64,48877,3.0
64,51662,4.0
64,51937,3.0
64,52328,3.0
64,52973,3.5
64,53000,3.5
64,53953,3.0
64,54503,4.0
64,55232,1.5
64,55282,4.0
64,55768,3.0
64,56145,5.0
64,56367,4.0
64,57274,4.0
64,57368,4.0
64,59784,3.0
64,60069,4.0
64,60684,3.0
64,60756,4.0
64,61132,2.5
64,61323,4.0
64,62434,3.0
64,63082,3.5
64,64034,3.0
64,66509,3.0
64,68237,3.5
64,68319,3.0
64,68791,3.0
64,68954,5.0
64,69122,3.0
64,69275,2.0
64,70286,4.0
64,71057,2.0
64,71135,3.0
64,71379,3.0
64,71535,3.0
64,72998,3.5
64,73017,3.0
64,73321,3.0
64,74458,3.0
64,76175,1.0
64,78209,3.5
64,78499,5.0
64,79132,4.0
64,80363,2.0
64,81562,4.0
64,84152,3.0
64,85342,4.0
64,85414,3.0
64,87306,3.5
64,87869,3.0
64,88744,3.0
64,89864,4.0
64,90345,4.0
64,90376,4.0
64,90405,2.0
64,91529,3.5
64,91658,3.5
64,91976,4.0
64,92259,4.5
64,93510,3.0
64,93838,4.0
64,93840,3.0
64,94864,3.0
64,96610,2.5
64,96815,2.0
64,97304,3.5
64,97752,3.0
64,99114,3.5
64,101142,1.0
64,101864,2.5
64,102445,3.0
64,103042,4.0
64,103228,3.0
64,103249,3.0
64,103253,2.0
64,103335,2.5
64,103688,3.0
64,104841,4.0
64,104879,3.5
64,106002,3.0
64,106782,4.0
64,106920,4.0
64,107406,3.0
64,108729,3.0
64,109374,3.5
64,109487,4.0
64,110102,4.0
64,110882,3.0
64,111360,2.0
64,111364,3.5
64,112183,3.0
64,112623,3.0
64,112852,4.5
64,113573,3.5
64,113780,2.0
64,114180,2.5
64,114935,3.0
64,115713,4.5
64,116797,5.0
64,117176,4.0
64,117529,2.5
64,117895,3.0
64,119145,3.0
64,120466,3.0
64,120799,1.0
64,121231,3.0
64,122882,5.0
64,122886,3.5
64,122892,2.5
64,122900,4.0
64,122904,4.0
64,122920,3.5
64,134130,3.0
64,134853,4.5
64,152077,3.0
64,152081,3.5
65,1,2.0
65,2,0.5
65,3,1.0
65,5,2.0
65,6,2.0
65,7,2.0
65,10,2.0
65,11,3.0
65,16,4.0
65,19,0.5
65,21,4.0
65,25,3.5
65,32,2.0
65,34,3.0
65,36,3.5
65,47,5.0
65,48,1.5
65,50,4.0
65,58,5.0
65,62,3.0
65,70,1.0
65,95,1.0
65,104,0.5
65,105,3.0
65,110,4.0
65,111,3.0
65,112,1.0
65,141,1.0
65,150,3.0
65,151,2.0
65,153,2.0
65,158,1.0
65,161,3.0
65,163,0.5
65,165,1.0
65,169,0.5
65,172,0.5
65,185,2.0
65,196,0.5
65,208,2.0
65,225,4.0
65,231,1.0
65,235,1.0
65,246,2.0
65,253,2.0
65,260,4.0
65,265,2.0
65,280,3.0
65,288,2.0
65,292,2.0
65,293,3.0
65,296,4.5
65,300,3.0
65,306,3.5
65,307,3.0
65,315,1.0
65,316,1.5
65,318,4.5
65,328,2.0
65,329,1.0
65,344,1.0
65,349,3.5
65,350,2.0
65,353,0.5
65,356,5.0
65,357,2.0
65,364,3.0
65,367,2.0
65,370,2.0
65,376,2.0
65,377,2.5
65,380,3.5
65,381,2.0
65,410,0.5
65,420,0.5
65,428,3.5
65,431,2.5
65,432,1.0
65,434,1.0
65,435,0.5
65,440,4.0
65,454,4.0
65,457,2.5
65,466,1.0
65,474,3.0
65,475,3.5
65,477,2.0
65,480,2.0
65,485,1.0
65,492,3.0
65,493,3.0
65,494,2.0
65,500,4.0
65,508,4.0
65,509,5.0
65,515,5.0
65,527,4.5
65,529,2.0
65,531,3.0
65,539,4.0
65,552,1.5
65,585,1.0
65,586,3.0
65,587,3.0
65,588,1.0
65,589,3.5
65,590,3.0
65,592,2.0
65,593,5.0
65,594,1.0
65,595,1.0
65,597,1.5
65,608,4.5
65,647,2.0
65,648,3.0
65,733,1.0
65,736,2.0
65,778,2.0
65,780,2.0
65,784,0.5
65,786,2.0
65,788,1.0
65,802,1.0
65,805,2.0
65,832,1.0
65,858,5.0
65,912,4.5
65,919,0.5
65,920,3.0
65,923,4.0
65,924,2.0
65,968,3.0
65,1021,1.0
65,1036,4.0
65,1073,1.5
65,1079,4.0
65,1089,4.0
65,1090,4.5
65,1094,2.0
65,1095,2.5
65,1097,2.0
65,1101,1.5
65,1127,1.0
65,1147,2.5
65,1183,3.0
65,1185,3.5
65,1186,2.0
65,1193,4.0
65,1196,2.0
65,1198,4.0
65,1200,1.0
65,1204,2.0
65,1206,3.0
65,1208,5.0
65,1210,2.0
65,1213,4.0
65,1214,3.0
65,1219,2.0
65,1220,1.0
65,1221,4.5
65,1222,4.0
65,1225,3.0
65,1227,5.0
65,1228,2.5
65,1233,2.0
65,1234,4.0
65,1240,4.0
65,1245,2.5
65,1246,3.5
65,1249,4.5
65,1252,4.5
65,1258,3.0
65,1259,4.0
65,1265,4.0
65,1266,4.0
65,1270,4.0
65,1271,3.0
65,1278,0.5
65,1280,4.5
65,1287,2.0
65,1291,2.0
65,1293,5.0
65,1299,4.5
65,1304,3.0
65,1307,2.0
65,1320,1.0
65,1323,0.5
65,1326,0.5
65,1327,1.5
65,1343,2.0
65,1350,2.5
65,1356,1.0
65,1358,0.5
65,1370,1.5
65,1372,0.5
65,1374,0.5
65,1376,0.5
65,1377,1.0
65,1380,3.0
65,1387,3.0
65,1391,0.5
65,1393,2.0
65,1394,1.0
65,1396,3.0
65,1407,1.0
65,1408,2.5
65,1466,4.0
65,1485,3.0
65,1517,0.5
65,1527,2.0
65,1544,1.0
65,1552,1.0
65,1569,2.0
65,1573,2.0
65,1580,3.0
65,1584,2.0
65,1608,2.0
65,1610,3.0
65,1617,4.0
65,1625,2.0
65,1641,3.0
65,1653,0.5
65,1673,2.0
65,1674,3.5
65,1682,2.5
65,1693,3.0
65,1704,3.0
65,1721,4.5
65,1732,1.0
65,1777,1.0
65,1784,3.0
65,1909,1.0
65,1917,1.0
65,1923,3.5
65,1953,3.5
65,1954,3.0
65,1957,2.5
65,1960,4.5
65,1961,2.0
65,1962,4.0
65,1968,3.0
65,1997,4.5
65,2000,1.0
65,2001,1.0
65,2006,1.0
65,2011,1.5
65,2012,1.0
65,2022,1.5
65,2023,4.0
65,2028,4.5
65,2053,1.0
65,2054,1.0
65,2081,1.0
65,2100,1.5
65,2114,2.5
65,2115,2.0
65,2124,0.5
65,2150,3.0
65,2161,1.5
65,2174,1.0
65,2194,4.0
65,2247,1.5
65,2268,3.0
65,2288,1.0
65,2291,0.5
65,2302,2.0
65,2313,3.0
65,2321,1.5
65,2324,3.5
65,2329,3.5
65,2336,4.5
65,2353,1.5
65,2355,2.0
65,2357,3.5
65,2359,3.0
65,2379,1.5
65,2406,2.0
65,2421,1.5
65,2423,2.0
65,2427,2.0
65,2467,3.5
65,2529,2.0
65,2530,1.5
65,2571,3.0
65,2617,2.0
65,2628,1.0
65,2640,2.0
65,2643,1.5
65,2683,1.0
65,2686,4.0
65,2692,2.0
65,2699,0.5
65,2700,1.0
65,2706,2.0
65,2710,2.0
65,2712,4.0
65,2716,1.0
65,2728,2.0
65,2739,2.0
65,2746,1.0
65,2762,4.5
65,2763,2.0
65,2791,3.0
65,2797,4.0
65,2803,4.0
65,2819,4.0
65,2852,4.5
65,2858,4.0
65,2916,2.0
65,2918,1.0
65,2953,2.0
65,2959,3.0
65,2985,1.0
65,2987,1.0
65,2989,3.0
65,2997,1.0
65,3006,4.5
65,3044,2.0
65,3053,3.0
65,3082,1.5
65,3098,3.0
65,3100,2.5
65,3101,2.0
65,3104,4.0
65,3114,0.5
65,3147,4.0
65,3148,3.0
65,3160,2.0
65,3176,4.0
65,3210,3.0
65,3246,3.0
65,3252,3.5
65,3255,1.5
65,3264,1.0
65,3271,4.0
65,3296,3.0
65,3360,2.5
65,3361,1.5
65,3362,2.0
65,3384,1.0
65,3386,4.0
65,3408,3.0
65,3418,3.0
65,3421,1.0
65,3424,3.0
65,3448,2.0
65,3471,2.0
65,3498,3.5
65,3499,2.5
65,3505,4.5
65,3578,3.0
65,3623,2.0
65,3683,2.0
65,3717,2.0
65,3733,3.5
65,3735,3.0
65,3751,1.0
65,3755,3.5
65,3793,1.0
65,3910,2.0
65,3977,1.0
65,3983,3.5
65,3996,4.0
65,4007,4.5
65,4011,4.0
65,4014,1.5
65,4021,2.0
65,4022,3.0
65,4027,2.0
65,4033,2.5
65,4034,3.5
65,4061,4.0
65,4103,4.0
65,4223,3.5
65,4226,3.5
65,4235,3.5
65,4262,4.5
65,4270,2.0
65,4285,3.0
65,4306,2.5
65,4326,3.0
65,4407,3.5
65,4465,3.0
65,4546,5.0
65,4616,3.5
65,4621,3.0
65,4643,1.5
65,4686,1.0
65,4720,3.0
65,4776,3.0
65,4809,3.0
65,4881,3.0
65,4886,3.0
65,4903,3.0
65,4963,2.5
65,4967,4.0
65,4973,4.0
65,4978,3.0
65,4993,3.0
65,4995,3.0
65,5010,3.0
65,5016,2.0
65,5292,2.0
65,5299,3.0
65,5303,1.0
65,5313,1.5
65,5319,3.0
65,5349,2.0
65,5388,3.0
65,5391,2.0
65,5418,3.5
65,5445,1.0
65,5452,1.5
65,5464,3.5
65,5608,2.0
65,5630,0.5
65,5669,2.5
65,5679,2.0
65,5785,1.5
65,5791,2.0
65,5878,3.5
65,5902,3.0
65,5944,1.0
65,5952,3.0
65,5989,3.0
65,5991,1.0
65,5995,4.5
65,6016,4.5
65,6235,4.5
65,6377,3.0
65,6539,2.0
65,6565,2.5
65,6700,5.0
65,6711,2.5
65,6787,3.5
65,6796,4.0
65,6807,3.0
65,6870,4.0
65,6874,4.0
65,6888,1.0
65,6947,2.5
65,6953,3.0
65,6977,2.5
65,7046,1.0
65,7090,4.0
65,7143,2.0
65,7147,4.0
65,7153,3.0
65,7158,2.5
65,7160,3.0
65,7162,3.0
65,7254,2.0
65,7361,3.0
65,7420,2.5
65,7438,3.5
65,7459,3.0
65,7480,4.0
65,7802,2.0
65,8128,4.0
65,8207,4.0
65,8340,3.5
65,8368,2.0
65,8464,3.0
65,8493,2.0
65,8528,0.5
65,8638,4.5
65,8645,3.5
65,8665,3.0
65,8798,3.5
65,8810,0.5
65,8827,5.0
65,8873,1.5
65,8949,4.0
65,8958,3.0
65,8961,2.5
65,8966,2.0
65,8970,4.0
65,8977,2.0
65,8981,3.5
65,8983,4.0
65,26694,4.0
65,26746,3.0
65,26782,1.0
65,27721,3.0
65,27803,4.0
65,27808,1.0
65,27838,3.5
65,27846,2.5
65,30707,3.5
65,30749,3.0
65,30812,3.0
65,31410,3.0
65,31427,2.0
65,31696,1.5
65,32019,1.5
65,32587,4.0
65,33154,3.5
65,33166,3.5
65,33660,3.5
65,37741,3.5
65,39292,3.5
65,40414,3.5
65,41285,3.0
65,44555,4.0
65,45210,2.5
65,45950,2.5
65,46578,3.5
65,46723,3.5
65,46965,0.5
65,46972,1.0
65,47610,3.5
65,47629,3.0
65,48304,3.5
65,48385,3.5
65,48394,4.5
65,48516,4.0
65,48518,0.5
65,48591,0.5
65,48696,3.5
65,48738,3.0
65,48780,3.0
65,48877,1.5
65,49272,2.0
65,49278,3.0
65,49280,2.0
65,49530,4.0
65,49822,3.0
65,49910,1.5
65,49961,3.5
65,50068,3.5
65,50442,2.5
65,50601,3.0
65,50798,0.5
65,50851,2.0
65,51077,2.0
65,51080,3.0
65,51084,2.0
65,51086,2.0
65,51088,1.0
65,51540,3.0
65,51575,1.5
65,51662,3.5
65,51935,2.0
65,52458,3.0
65,52604,3.0
65,53519,4.0
65,54001,2.5
65,54997,3.0
65,55276,4.0
65,55820,4.5
65,56801,0.5
65,57528,0.5
66,356,3.5
66,1197,4.0
66,1198,3.0
66,1230,3.0
66,1246,5.0
66,2918,4.5
66,3483,4.0
66,3751,4.0
66,3988,4.0
66,4016,4.0
66,4232,5.0
66,4306,4.0
66,4366,3.5
66,4367,3.5
66,4447,4.0
66,4649,4.5
66,4719,3.5
66,4816,4.0
66,4886,4.0
66,4896,4.0
66,4993,3.0
66,5218,4.5
66,5419,3.5
66,5444,4.5
66,5504,3.0
66,5618,5.0
66,5816,3.0
66,5882,4.0
66,5952,3.0
66,5971,5.0
66,6297,4.0
66,6350,4.0
66,6377,4.5
66,6539,3.0
66,6564,4.0
66,6773,4.0
66,6863,4.0
66,6889,4.0
66,6936,4.5
66,7147,4.5
66,7153,3.5
66,7373,3.5
66,7380,4.0
66,7451,4.5
66,8360,4.0
66,8368,3.5
66,8464,3.0
66,8644,3.5
66,8974,4.0
66,27706,4.0
66,30793,3.5
66,30810,4.5
66,30816,1.5
66,31658,4.5
66,32031,2.0
66,34332,4.0
66,37729,4.0
66,40815,4.0
66,44193,4.5
66,44709,4.0
66,45666,4.0
66,45720,4.0
66,45722,3.5
66,46972,4.0
66,48394,5.0
66,49649,2.0
66,50601,4.5
66,50872,4.5
66,52975,2.5
66,53121,3.0
66,53123,4.5
66,53125,4.0
66,53993,3.5
66,54272,3.5
66,55247,5.0
66,55269,4.5
66,55768,2.0
66,55872,4.0
66,56152,4.5
66,56171,4.0
66,56757,4.0
66,58299,3.0
66,58559,4.0
66,59315,4.0
66,59725,4.0
66,59784,4.0
66,60069,3.0
66,63859,3.0
66,65230,3.5
66,66097,4.5
66,66934,4.0
66,67408,2.0
66,67734,5.0
66,68793,4.0
66,69844,5.0
66,70183,4.0
66,70293,3.5
66,71057,4.0
66,71264,4.0
66,71282,4.0
66,71379,0.5
66,71535,4.5
66,71745,5.0
66,72226,4.0
66,72737,4.0
66,73017,4.0
66,73321,4.0
66,74789,3.5
66,76093,4.0
66,76175,3.0
66,77561,4.0
66,78499,4.5
66,79091,3.5
66,79132,3.5
66,80549,4.0
66,81834,3.5
66,81847,3.5
66,82459,4.5
66,82461,3.0
66,85056,3.0
66,85438,5.0
66,85510,4.0
66,86332,4.5
66,86833,4.0
66,87306,4.5
66,88125,3.5
66,88140,4.0
66,88810,4.0
66,90866,3.5
66,91529,4.5
66,93721,3.0
66,94959,5.0
66,95088,5.0
66,95167,4.0
66,96079,3.5
66,96588,4.5
66,96821,4.0
66,97913,4.0
66,98491,3.5
66,99764,4.0
66,102407,4.0
66,102445,4.0
66,103137,5.0
66,103249,4.0
66,103306,4.0
66,103335,3.5
66,106195,5.0
66,106487,4.0
66,106696,3.5
66,106918,5.0
66,109374,4.0
66,109487,4.5
66,110328,5.0
66,111387,5.0
66,111659,4.0
66,112175,5.0
66,112552,5.0
66,112852,5.0
66,114678,5.0
66,116823,3.5
66,119141,4.0
66,122892,4.5
66,128838,4.5
66,134853,4.0
66,135133,3.5
67,1,4.0
67,6,4.0
67,21,4.0
67,34,4.0
67,47,4.5
67,50,4.5
67,110,4.0
67,153,5.0
67,253,4.0
67,260,4.5
67,296,5.0
67,316,4.0
67,318,5.0
67,344,2.5
67,356,3.5
67,364,4.5
67,480,3.5
67,527,5.0
67,586,2.5
67,587,3.5
67,588,4.5
67,589,2.0
67,593,4.0
67,597,3.5
67,608,4.0
67,736,2.5
67,780,3.5
67,858,5.0
67,912,4.5
67,919,4.0
67,1073,4.5
67,1089,4.0
67,1097,5.0
67,1183,4.0
67,1196,4.5
67,1197,4.0
67,1198,4.0
67,1210,5.0
67,1213,4.0
67,1219,3.5
67,1221,4.0
67,1258,3.5
67,1270,3.5
67,1291,5.0
67,1393,4.0
67,1485,2.5
67,1500,3.5
67,1573,4.0
67,1580,2.5
67,1617,4.0
67,1704,4.0
67,1917,3.5
67,1923,3.5
67,2028,4.0
67,2174,4.0
67,2291,4.5
67,2301,4.5
67,2302,3.5
67,2353,2.5
67,2355,4.0
67,2502,3.0
67,2571,3.5
67,2617,3.5
67,2628,3.0
67,2640,3.5
67,2683,3.0
67,2706,3.0
67,2712,1.0
67,2762,3.5
67,2791,4.0
67,2858,5.0
67,2918,4.0
67,2959,3.5
67,2987,4.0
67,2997,4.0
67,3114,4.5
67,3147,4.5
67,3408,4.0
67,3481,3.5
67,3578,5.0
67,3751,3.5
67,3793,3.5
67,3911,4.0
67,3948,4.0
67,3996,4.5
67,4011,4.0
67,4016,4.0
67,4022,3.5
67,4027,4.5
67,4034,4.0
67,4226,3.0
67,4246,3.5
67,4306,4.5
67,4644,2.5
67,4846,4.5
67,4886,4.0
67,4963,3.5
67,4979,3.5
67,4993,4.5
67,5218,4.0
67,5349,4.0
67,5418,4.0
67,5445,3.5
67,5459,1.5
67,5679,1.5
67,5902,4.5
67,5952,4.0
67,5991,4.5
67,6003,3.0
67,6188,4.0
67,6286,3.5
67,6297,3.5
67,6333,3.5
67,6377,4.5
67,6378,3.5
67,6537,1.0
67,6539,4.5
67,6711,4.5
67,6863,3.0
67,6874,5.0
67,6942,4.0
67,7027,4.5
67,7137,3.5
67,7147,4.5
67,7153,4.0
67,7438,5.0
67,8360,4.5
67,8636,4.0
67,8644,3.0
67,8665,3.5
67,8798,4.5
67,8949,4.0
67,8961,4.0
67,8970,4.0
67,30707,4.5
67,30810,3.5
67,33166,4.0
67,33493,3.5
67,33679,3.0
67,34048,3.5
67,34162,4.0
67,35836,4.5
67,37729,4.0
67,38061,4.5
67,45431,3.0
67,45517,3.5
67,45722,4.5
67,45728,3.5
67,49647,4.0
68,97,3.0
68,110,4.0
68,165,5.0
68,260,5.0
68,293,3.0
68,296,4.0
68,377,3.5
68,380,3.0
68,457,4.0
68,593,4.0
68,608,5.0
68,858,5.0
68,912,5.0
68,1036,5.0
68,1089,5.0
68,1196,5.0
68,1198,5.0
68,1208,3.0
68,1210,5.0
68,1213,4.0
68,1221,5.0
68,1247,3.0
68,1291,5.0
68,1370,5.0
68,1537,2.0
68,1608,4.0
68,1704,5.0
68,2023,4.5
68,2028,3.5
68,2329,3.5
68,2571,4.0
68,2683,1.5
68,2858,2.0
68,2918,4.0
68,2959,2.0
68,2997,2.0
68,3083,5.0
68,3481,4.0
68,3535,4.0
68,3578,4.0
68,3793,4.0
68,3863,1.5
68,3897,1.5
68,3949,3.0
68,3996,2.5
68,4014,4.0
68,4226,2.5
68,4306,5.0
68,4643,3.5
68,4886,1.5
68,4963,3.5
68,4973,4.0
68,4993,5.0
68,4995,4.0
68,5445,2.5
68,5878,5.0
68,5952,5.0
68,5989,3.5
68,5991,1.5
68,6016,4.0
68,6377,4.0
68,6539,0.5
68,6870,3.5
68,6874,5.0
68,7147,2.5
68,7153,5.0
68,7361,2.0
68,7438,5.0
68,7669,4.0
68,8636,3.5
68,33493,4.0
68,33679,1.5
68,34162,3.5
68,36276,4.5
68,40629,2.0
68,44191,2.0
68,44694,5.0
68,45722,1.5
68,48394,2.5
68,52435,2.0
68,55247,2.0
68,55442,4.0
68,55820,4.0
68,56367,2.0
68,58559,4.0
68,64614,4.0
68,68157,4.0
68,69122,4.0
68,69524,4.5
68,73017,4.0
68,81591,2.0
68,81845,3.0
68,89745,4.0
68,92259,4.0
68,98809,5.0
68,99114,4.0
68,106489,5.0
68,109374,2.5
68,109487,2.0
68,112556,2.5
68,116797,2.0
68,116897,5.0
68,118696,5.0
68,122886,5.0
68,127108,4.5
68,133645,2.0
68,136864,2.0
68,142488,2.5
68,148956,3.5
68,157232,4.0
69,111,4.5
69,293,4.0
69,318,5.0
69,356,5.0
69,527,5.0
69,593,3.0
69,858,3.5
69,1111,5.0
69,1175,2.5
69,1232,5.0
69,1258,4.5
69,2324,4.0
69,2571,1.0
69,2959,4.5
69,3677,5.0
69,4278,5.0
69,4973,5.0
69,4993,4.5
69,5952,4.5
69,5995,5.0
69,6016,4.5
69,6502,3.5
69,7153,5.0
69,34072,4.0
69,48774,4.0
69,53000,5.0
69,56174,4.5
69,59315,0.5
69,60069,4.5
69,63072,4.5
69,68954,4.0
69,69529,5.0
69,71535,4.0
69,79132,3.5
69,92259,4.5
69,109487,4.5
69,116797,4.0
69,117529,1.5
69,120799,4.0
69,122882,5.0
69,131439,3.5
69,134130,2.0
69,134853,5.0
70,1,4.0
70,2,3.0
70,7,3.0
70,10,4.0
70,11,2.0
70,22,2.0
70,29,1.0
70,32,5.0
70,34,2.0
70,39,4.5
70,47,5.0
70,48,2.5
70,62,3.0
70,88,1.0
70,95,4.0
70,104,3.0
70,110,5.0
70,141,3.5
70,153,2.0
70,158,2.0
70,165,4.0
70,186,3.0
70,195,2.0
70,207,2.5
70,222,3.0
70,223,3.0
70,231,3.0
70,253,4.0
70,256,2.0
70,260,5.0
70,265,3.5
70,266,3.5
70,288,4.5
70,293,4.0
70,296,3.0
70,300,4.0
70,316,4.0
70,317,3.5
70,318,5.0
70,344,3.0
70,353,4.0
70,355,1.0
70,357,4.5
70,364,4.0
70,367,3.0
70,370,3.5
70,377,3.5
70,378,4.0
70,380,2.0
70,412,2.0
70,413,2.0
70,432,1.0
70,435,2.0
70,440,3.0
70,454,3.5
70,457,4.0
70,466,3.0
70,471,2.5
70,477,2.5
70,480,5.0
70,485,2.0
70,497,4.0
70,500,4.0
70,508,4.0
70,520,3.5
70,527,5.0
70,538,3.5
70,539,2.0
70,543,2.0
70,546,2.0
70,552,5.0
70,553,4.0
70,585,3.0
70,586,2.5
70,587,4.0
70,588,4.0
70,590,3.0
70,592,4.0
70,593,4.0
70,594,4.0
70,595,3.0
70,596,3.0
70,597,5.0
70,608,2.0
70,627,5.0
70,648,4.5
70,708,3.5
70,724,4.0
70,733,3.0
70,736,3.0
70,745,2.0
70,750,2.0
70,762,1.0
70,778,4.0
70,780,5.0
70,858,4.5
70,899,5.0
70,903,3.0
70,904,5.0
70,914,4.0
70,919,4.0
70,920,4.0
70,924,2.0
70,953,4.0
70,1015,3.0
70,1016,3.0
70,1021,3.0
70,1022,4.0
70,1027,3.5
70,1028,3.5
70,1032,4.0
70,1036,5.0
70,1042,3.0
70,1059,3.0
70,1060,3.0
70,1073,4.0
70,1079,4.0
70,1080,4.0
70,1088,5.0
70,1091,3.5
70,1097,2.0
70,1100,3.0
70,1101,5.0
70,1127,4.5
70,1136,3.5
70,1148,2.0
70,1183,2.0
70,1185,3.0
70,1188,2.5
70,1196,5.0
70,1197,5.0
70,1198,5.0
70,1208,3.0
70,1210,5.0
70,1213,2.5
70,1220,4.5
70,1222,4.5
70,1230,3.0
70,1246,4.0
70,1257,5.0
70,1258,4.0
70,1265,4.0
70,1266,1.0
70,1268,4.0
70,1270,4.0
70,1276,4.0
70,1278,2.0
70,1285,5.0
70,1291,5.0
70,1297,5.0
70,1302,3.0
70,1307,4.0
70,1342,3.0
70,1358,3.0
70,1363,2.5
70,1370,4.5
70,1377,3.0
70,1378,4.0
70,1380,4.0
70,1391,2.0
70,1393,2.0
70,1394,4.0
70,1396,5.0
70,1405,2.0
70,1407,4.0
70,1408,3.0
70,1409,2.0
70,1466,1.0
70,1468,2.5
70,1479,4.0
70,1484,3.0
70,1485,3.0
70,1490,3.0
70,1500,5.0
70,1513,3.0
70,1517,3.0
70,1527,4.5
70,1544,2.0
70,1552,4.0
70,1569,3.0
70,1573,4.0
70,1580,5.0
70,1584,4.0
70,1608,4.0
70,1610,3.0
70,1617,4.0
70,1619,3.0
70,1625,4.5
70,1639,2.0
70,1641,2.0
70,1644,2.0
70,1653,3.0
70,1673,1.0
70,1676,4.0
70,1680,2.0
70,1682,4.0
70,1688,4.0
70,1704,3.0
70,1711,4.0
70,1717,2.0
70,1721,4.0
70,1732,3.0
70,1747,2.0
70,1777,4.0
70,1779,4.0
70,1784,3.0
70,1792,4.0
70,1801,3.0
70,1810,5.0
70,1845,4.0
70,1883,5.0
70,1885,4.0
70,1892,3.0
70,1907,4.0
70,1909,4.0
70,1912,3.5
70,1917,4.0
70,1918,3.0
70,1923,1.0
70,1947,3.5
70,1954,3.5
70,1962,1.0
70,1968,5.0
70,1992,2.0
70,1993,2.0
70,1994,4.0
70,1997,5.0
70,2000,5.0
70,2001,5.0
70,2002,4.0
70,2003,4.0
70,2004,2.0
70,2005,5.0
70,2006,3.0
70,2007,2.0
70,2011,2.5
70,2012,3.0
70,2026,3.0
70,2054,3.0
70,2081,3.5
70,2083,4.0
70,2095,4.0
70,2096,4.0
70,2105,5.0
70,2115,3.5
70,2123,2.0
70,2124,4.0
70,2125,4.0
70,2133,4.0
70,2137,3.0
70,2139,4.0
70,2141,3.0
70,2144,4.5
70,2145,4.0
70,2167,4.0
70,2174,4.0
70,2231,3.0
70,2248,5.0
70,2249,4.0
70,2253,4.0
70,2261,4.0
70,2263,5.0
70,2266,3.0
70,2268,3.0
70,2273,4.0
70,2278,3.0
70,2291,3.5
70,2297,3.0
70,2302,3.0
70,2316,4.0
70,2324,5.0
70,2325,3.5
70,2336,3.0
70,2346,4.5
70,2352,4.0
70,2355,4.0
70,2359,2.0
70,2385,3.0
70,2392,1.0
70,2396,5.0
70,2407,3.0
70,2413,5.0
70,2423,5.0
70,2469,4.0
70,2492,1.0
70,2502,4.0
70,2539,3.0
70,2550,4.0
70,2571,5.0
70,2572,3.0
70,2574,2.5
70,2581,3.0
70,2599,1.0
70,2615,1.0
70,2616,4.0
70,2617,4.5
70,2628,4.0
70,2633,4.0
70,2657,5.0
70,2671,4.0
70,2683,2.0
70,2690,3.0
70,2691,3.0
70,2693,3.0
70,2699,2.0
70,2700,2.0
70,2706,2.0
70,2709,2.0
70,2710,2.0
70,2712,2.0
70,2713,3.0
70,2716,5.0
70,2717,3.0
70,2719,3.0
70,2724,4.0
70,2739,3.0
70,2746,4.0
70,2761,3.5
70,2762,5.0
70,2763,4.5
70,2770,3.0
70,2791,4.0
70,2792,3.0
70,2797,3.0
70,2826,4.0
70,2827,2.0
70,2829,2.0
70,2841,4.0
70,2857,3.5
70,2858,3.0
70,2863,4.0
70,2881,3.0
70,2888,4.0
70,2890,4.0
70,2918,5.0
70,2929,4.0
70,2946,4.5
70,2947,3.5
70,2948,3.0
70,2949,4.0
70,2953,2.0
70,2959,3.5
70,2987,4.0
70,2993,4.0
70,2997,3.0
70,3000,4.5
70,3020,4.0
70,3033,3.0
70,3039,2.0
70,3052,4.0
70,3072,3.5
70,3081,4.0
70,3087,4.5
70,3088,5.0
70,3098,3.0
70,3100,3.0
70,3105,3.0
70,3114,3.0
70,3145,2.5
70,3147,4.0
70,3175,2.0
70,3176,3.0
70,3178,4.0
70,3186,3.0
70,3247,3.0
70,3248,2.0
70,3249,3.5
70,3253,3.0
70,3254,2.0
70,3255,4.0
70,3257,3.0
70,3258,3.0
70,3264,3.0
70,3269,2.0
70,3270,2.0
70,3274,4.0
70,3328,2.0
70,3358,3.0
70,3361,5.0
70,3386,5.0
70,3396,3.5
70,3397,4.0
70,3408,4.5
70,3418,4.0
70,3421,2.0
70,3447,1.0
70,3448,5.0
70,3452,2.0
70,3471,4.0
70,3477,3.0
70,3481,4.0
70,3489,4.0
70,3499,5.0
70,3554,4.0
70,3578,4.5
70,3623,2.5
70,3668,2.0
70,3669,2.0
70,3686,5.0
70,3702,4.0
70,3705,4.0
70,3712,3.0
70,3744,2.0
70,3745,1.0
70,3751,2.0
70,3760,5.0
70,3784,3.0
70,3791,4.5
70,3793,4.0
70,3798,4.0
70,3809,2.0
70,3844,4.0
70,3857,4.0
70,3868,3.0
70,3869,3.0
70,3882,3.0
70,3897,3.5
70,3911,1.0
70,3948,3.0
70,3952,2.0
70,3969,3.0
70,3972,4.0
70,3977,5.0
70,3987,3.0
70,3988,3.0
70,3994,3.0
70,3996,2.0
70,4014,4.0
70,4015,1.0
70,4018,2.0
70,4020,3.0
70,4025,4.5
70,4027,5.0
70,4039,4.0
70,4040,3.0
70,4054,2.0
70,4063,1.0
70,4221,3.5
70,4225,4.5
70,4226,4.5
70,4231,3.0
70,4238,3.5
70,4246,4.5
70,4274,4.5
70,4291,4.0
70,4306,3.0
70,4308,5.0
70,4317,2.0
70,4321,2.0
70,4344,3.5
70,4354,3.0
70,4361,4.0
70,4372,3.0
70,4396,3.5
70,4447,3.5
70,4462,3.0
70,4499,3.5
70,4571,4.0
70,4597,4.0
70,4616,2.0
70,4621,1.0
70,4635,4.5
70,4639,4.0
70,4654,3.0
70,4678,2.0
70,4679,2.0
70,4681,4.0
70,4701,2.0
70,4720,4.0
70,4745,3.0
70,4757,2.5
70,4776,4.0
70,4823,4.0
70,4886,4.0
70,4890,3.5
70,4896,4.5
70,4899,3.0
70,4901,3.5
70,4929,3.0
70,4963,5.0
70,4973,4.0
70,4979,3.0
70,4992,3.0
70,4993,4.0
70,5060,5.0
70,5064,4.0
70,5065,4.5
70,5077,3.5
70,5110,3.0
70,5159,2.5
70,5218,3.0
70,5254,4.0
70,5266,4.0
70,5283,4.0
70,5284,3.0
70,5296,2.0
70,5299,3.5
70,5303,2.5
70,5337,2.5
70,5349,4.0
70,5378,4.0
70,5380,4.0
70,5415,4.0
70,5418,4.5
70,5445,3.5
70,5459,4.5
70,5463,1.5
70,5502,4.0
70,5507,2.5
70,5541,3.5
70,5563,3.5
70,5610,3.0
70,5620,4.0
70,5669,4.0
70,5679,4.5
70,5803,2.5
70,5810,4.0
70,5816,4.0
70,5941,3.0
70,5943,4.0
70,5952,4.5
70,5970,3.0
70,5989,3.5
70,5991,4.0
70,6155,4.0
70,6188,4.0
70,6212,4.0
70,6218,4.0
70,6238,3.0
70,6250,2.5
70,6252,2.5
70,6266,3.0
70,6281,3.5
70,6323,4.0
70,6333,3.5
70,6365,4.5
70,6367,4.0
70,6377,4.0
70,6378,4.5
70,6476,5.0
70,6483,1.0
70,6503,4.5
70,6539,4.0
70,6541,3.0
70,6587,2.5
70,6595,4.0
70,6711,3.5
70,6765,4.0
70,6863,4.5
70,6873,2.5
70,6874,3.5
70,6879,4.0
70,6934,3.0
70,6936,4.5
70,6942,4.5
70,6951,1.0
70,6952,3.0
70,6957,3.5
70,7004,3.5
70,7046,4.0
70,7060,4.0
70,7101,3.5
70,7137,3.0
70,7147,4.0
70,7153,4.0
70,7156,4.0
70,7160,3.5
70,7254,4.0
70,7255,4.0
70,7257,3.0
70,7259,4.0
70,7263,4.0
70,7293,5.0
70,7316,3.0
70,7318,4.5
70,7321,3.0
70,7325,4.0
70,7347,3.5
70,7359,3.0
70,7361,3.5
70,7362,3.5
70,7373,3.0
70,7375,4.5
70,7438,3.0
70,7449,2.5
70,7451,4.0
70,7453,2.5
70,7458,4.5
70,7570,3.5
70,7647,5.0
70,8360,4.5
70,8366,3.0
70,8368,5.0
70,8373,1.5
70,8464,4.0
70,8529,3.0
70,8622,4.0
70,8636,4.0
70,8639,4.0
70,8640,3.5
70,8644,4.5
70,8665,4.5
70,8709,5.0
70,8783,4.0
70,8798,4.0
70,8807,2.5
70,8815,4.0
70,8866,4.0
70,8870,3.5
70,8874,4.0
70,8937,5.0
70,8947,3.0
70,8948,1.5
70,8949,4.0
70,8957,4.0
70,8958,3.5
70,8961,3.0
70,8969,4.0
70,8972,4.0
70,8981,3.5
70,8983,4.0
70,8984,4.0
70,9018,4.5
70,27808,4.0
70,30793,3.5
70,30816,2.5
70,30822,3.5
70,30825,4.0
70,31427,4.0
70,31431,3.5
70,31433,2.5
70,31685,4.0
70,32296,1.5
70,32596,1.5
70,33004,3.5
70,33085,3.5
70,33145,2.0
70,33162,3.0
70,33166,3.0
70,33493,4.0
70,33499,2.5
70,33679,3.5
70,33794,4.5
70,33836,3.5
70,34048,4.0
70,34162,4.0
70,34336,3.0
70,34520,3.5
70,35836,3.5
70,36401,3.5
70,37720,3.5
70,37727,3.5
70,40815,4.5
70,41285,3.0
70,41566,3.5
70,41573,3.5
70,42007,4.0
70,43871,3.0
70,44004,2.5
70,46578,4.5
70,46965,2.5
70,47610,4.0
71,5,3.0
71,6,3.0
71,11,5.0
71,21,4.0
71,34,5.0
71,47,3.0
71,70,3.0
71,110,5.0
71,150,3.0
71,153,3.0
71,161,5.0
71,165,4.0
71,185,3.0
71,231,2.0
71,266,3.0
71,282,5.0
71,292,3.0
71,296,5.0
71,316,3.0
71,318,4.0
71,344,3.0
71,364,4.0
71,380,3.0
71,420,3.0
71,457,4.0
71,509,5.0
71,590,4.0
71,592,3.0
71,638,4.0
72,6,5.0
72,16,3.0
72,20,4.0
72,21,2.0
72,31,4.0
72,47,5.0
72,110,5.0
72,147,4.0
72,150,4.0
72,151,4.0
72,153,4.0
72,160,3.0
72,161,4.0
72,163,3.0
72,165,4.0
72,170,5.0
72,172,4.0
72,173,3.0
72,177,3.0
72,185,5.0
72,196,4.0
72,198,5.0
72,204,4.0
72,208,3.0
72,219,5.0
72,225,5.0
72,253,4.0
72,267,3.0
72,276,5.0
72,288,5.0
72,292,3.0
72,293,4.0
72,296,5.0
72,299,3.0
72,303,3.0
72,312,3.0
72,315,4.0
72,316,4.0
72,327,3.0
72,329,4.0
72,332,3.0
72,333,3.0
72,337,4.0
72,338,5.0
72,339,4.0
72,340,4.0
72,349,4.0
72,350,4.0
72,352,4.0
72,353,4.0
72,355,3.0
72,356,3.0
72,358,4.0
72,366,4.0
72,367,4.0
72,376,4.0
72,377,5.0
72,380,5.0
72,410,4.0
72,421,4.0
72,434,4.0
72,435,3.0
72,442,4.0
72,454,5.0
72,457,4.0
72,474,4.0
72,480,5.0
72,491,5.0
72,500,5.0
72,514,3.0
72,527,5.0
72,529,5.0
72,539,4.0
72,540,5.0
72,550,4.0
72,551,3.0
72,585,3.0
72,586,4.0
72,589,5.0
72,592,5.0
72,593,5.0
72,606,4.0
72,608,3.0
72,648,5.0
73,13,3.0
73,60,3.0
73,110,4.0
73,169,3.5
73,260,1.0
73,296,3.5
73,356,3.5
73,480,4.0
73,593,4.5
73,631,3.0
73,662,4.5
73,733,4.5
73,780,4.0
73,801,3.0
73,832,4.5
73,1005,3.0
73,1210,2.0
73,1293,1.0
73,1407,3.5
73,1453,1.5
73,1537,4.0
73,1592,4.0
73,1717,3.5
73,1721,4.5
73,2082,4.0
73,2094,3.0
73,2712,1.5
73,2860,4.0
73,2881,4.0
73,3668,4.5
73,3825,4.0
73,4247,3.0
73,4386,2.0
73,4995,3.0
73,5679,4.0
73,6565,4.0
73,6863,0.5
73,6934,3.0
73,7153,2.0
73,7259,4.0
73,7320,4.0
73,7458,4.0
73,8643,3.5
73,8783,3.0
73,8799,3.0
73,8835,4.0
73,8950,1.0
73,8957,4.5
73,31867,2.0
73,33166,3.0
73,33836,3.0
73,38992,3.5
73,39400,1.5
73,45221,4.0
73,45361,3.5
73,45726,3.5
73,47952,4.0
73,49793,5.0
74,1,4.5
74,48,5.0
74,260,5.0
74,296,4.0
74,356,4.0
74,364,5.0
74,527,3.0
74,551,3.0
74,588,3.0
74,594,5.0
74,595,5.0
74,596,3.5
74,597,5.0
74,648,0.5
74,783,4.5
74,858,4.0
74,899,2.0
74,902,5.0
74,912,5.0
74,914,4.5
74,919,4.0
74,920,4.5
74,1022,5.0
74,1028,4.0
74,1032,4.0
74,1035,5.0
74,1088,4.5
74,1097,4.0
74,1270,5.0
74,1307,1.5
74,1569,4.0
74,1721,5.0
74,1907,4.0
74,2011,5.0
74,2012,5.0
74,2081,4.0
74,2085,4.0
74,2324,4.0
74,2432,5.0
74,2571,0.5
74,2671,5.0
74,2724,5.0
74,2858,2.0
74,3114,4.5
74,3408,5.0
74,4014,4.0
74,4016,1.0
74,4306,3.0
74,4886,5.0
74,4993,0.5
74,5066,1.0
74,5378,4.5
74,5481,0.5
74,5618,5.0
74,5816,4.5
74,5952,0.5
74,5957,4.0
74,5991,3.5
74,6006,2.0
74,6155,4.0
74,6371,0.5
74,6377,5.0
74,6503,2.5
74,6539,4.0
74,6541,4.0
74,6564,4.0
74,6586,0.5
74,6754,0.5
74,6873,4.0
74,6888,0.5
74,6942,5.0
74,7153,0.5
74,7154,5.0
74,7293,3.0
74,7380,1.5
74,7451,2.0
74,8360,3.0
74,8368,4.5
74,8373,2.0
74,8529,4.0
74,8636,3.0
74,8638,3.5
74,8644,2.0
74,8808,1.5
74,8861,0.5
74,8866,3.0
74,8916,4.0
74,8957,1.0
74,8961,5.0
74,8984,4.0
74,30707,2.5
74,30793,0.5
74,31685,1.0
74,32296,3.0
74,33493,4.5
74,33615,3.0
74,33679,4.0
74,33794,4.0
74,33830,0.5
74,37727,3.0
74,37729,3.0
74,39435,2.5
74,39446,1.0
74,40339,0.5
74,40629,4.0
74,40815,4.5
74,41566,3.0
74,43560,1.0
74,44191,4.5
74,45517,4.0
74,49286,5.0
74,50872,5.0
74,52973,4.0
74,54001,4.0
74,56941,3.0
74,59315,5.0
74,59784,4.0
74,60069,5.0
74,63082,3.0
74,63859,1.5
74,66203,5.0
74,68954,5.0
74,69122,4.0
74,69406,4.0
74,69844,4.0
74,70183,5.0
74,71668,3.0
74,72641,4.5
74,72737,3.0
74,72998,5.0
74,76093,5.0
74,78316,5.0
74,78499,4.0
74,79091,5.0
74,79132,5.0
74,79293,3.5
74,80463,1.0
74,81834,5.0
74,81845,4.0
74,81847,3.5
74,82202,5.0
74,84374,2.5
74,85774,3.5
74,86880,5.0
74,87876,3.0
74,88125,5.0
74,88405,2.0
74,88810,5.0
74,89745,5.0
74,91529,4.0
74,93272,1.0
74,95167,3.0
74,96821,5.0
74,97913,3.5
74,102125,5.0
74,102407,4.5
74,103141,5.0
74,103335,5.0
74,104211,4.0
74,104374,5.0
74,106696,3.0
74,106782,5.0
74,106916,4.0
74,108190,4.5
74,109374,4.0
74,109487,3.0
74,111362,4.0
74,111921,5.0
74,112175,5.0
74,112852,2.5
74,115617,3.5
74,116797,4.0
74,118696,0.5
74,134853,5.0
74,140110,4.0
75,110,5.0
75,318,5.0
75,356,5.0
75,377,5.0
75,500,0.5
75,1036,4.0
75,1101,5.0
75,1127,4.0
75,1197,4.0
75,1682,1.0
75,1954,5.0
75,2028,5.0
75,2403,5.0
75,2420,5.0
75,2571,2.0
75,3578,5.0
75,4016,0.5
75,4963,4.0
75,4993,5.0
75,5502,4.5
75,5618,0.5
75,5952,5.0
75,7143,5.0
75,7153,5.0
75,7458,5.0
75,33493,4.0
75,33794,5.0
75,45186,5.0
75,48780,5.0
75,50872,5.0
75,56174,1.0
75,58559,5.0
75,68954,5.0
75,74458,4.0
75,76093,1.0
75,79132,5.0
75,80463,4.0
75,91529,5.0
75,91630,5.0
75,94864,4.0
75,98809,5.0
75,106489,5.0
75,106782,5.0
75,108932,1.0
75,109487,4.0
75,110102,5.0
75,111781,5.0
75,114180,4.0
75,115149,5.0
75,122882,5.0
75,122912,3.5
75,139385,5.0
75,152081,1.0
75,166534,4.5
75,168248,5.0
75,185029,4.0
75,189333,4.5
75,192389,4.0
75,195159,5.0
75,196889,5.0
75,200818,5.0
75,255335,0.5
76,1,4.5
76,223,3.5
76,260,4.5
76,318,5.0
76,344,4.0
76,356,4.5
76,457,2.0
76,586,3.0
76,593,2.5
76,750,5.0
76,858,3.0
76,1080,4.5
76,1136,4.5
76,1196,4.5
76,1198,4.5
76,1265,4.5
76,1517,3.0
76,1682,4.0
76,1704,4.0
76,1884,4.0
76,2011,4.0
76,2028,3.0
76,2378,4.5
76,2395,5.0
76,2571,3.5
76,2706,2.5
76,2716,4.5
76,2959,3.5
76,3114,4.0
76,3273,2.0
76,3301,3.0
76,3408,4.0
76,3534,2.5
76,3535,4.5
76,3578,2.5
76,3617,3.5
76,3623,2.5
76,3717,2.5
76,3752,3.5
76,3753,2.5
76,3785,3.0
76,3793,3.0
76,3948,2.5
76,3968,3.0
76,3977,2.0
76,3988,3.5
76,3994,3.5
76,4011,4.5
76,4015,2.5
76,4018,1.0
76,4022,4.0
76,4025,3.5
76,4027,4.0
76,4161,2.5
76,4223,3.0
76,4232,1.5
76,4246,2.5
76,4270,4.0
76,4306,2.5
76,4310,2.5
76,4344,2.5
76,4370,3.5
76,4447,3.0
76,4643,2.0
76,4701,1.5
76,4718,2.0
76,4734,4.0
76,4816,3.0
76,4886,4.5
76,4890,2.0
76,4896,4.0
76,4963,4.0
76,4975,3.5
76,4979,4.5
76,4993,3.0
76,4995,4.0
76,5110,3.5
76,5266,2.0
76,5299,1.5
76,5349,4.0
76,5377,2.0
76,5378,3.0
76,5418,2.0
76,5444,3.5
76,5445,3.0
76,5459,3.0
76,5481,2.5
76,5502,2.0
76,5507,2.0
76,5528,4.0
76,5574,2.0
76,5620,2.0
76,5679,2.5
76,5810,3.5
76,5816,4.0
76,5872,1.5
76,5952,3.0
76,5956,3.0
76,5989,4.5
76,5991,2.0
76,5995,3.5
76,6155,2.0
76,6157,1.5
76,6188,5.0
76,6218,2.5
76,6281,2.0
76,6287,3.5
76,6333,2.5
76,6365,3.0
76,6373,3.5
76,6377,4.5
76,6378,3.5
76,6502,3.0
76,6503,1.5
76,6534,2.0
76,6539,1.0
76,6863,3.5
76,6874,3.0
76,6934,3.0
76,6936,4.5
76,6942,3.0
76,7147,4.0
76,7153,3.0
76,7293,3.5
76,7317,2.5
76,7451,3.5
76,7458,3.0
76,8360,2.5
76,8361,4.0
76,8368,4.5
76,8376,4.5
76,8464,4.5
76,8528,4.5
76,8533,3.5
76,8636,3.0
76,8641,5.0
76,8644,3.0
76,8665,2.5
76,8784,3.5
76,8807,3.5
76,8874,4.5
76,8917,4.0
76,8957,2.5
76,8961,4.0
76,8972,4.0
76,8984,2.5
76,30793,3.0
76,30810,4.5
76,30812,3.5
76,31410,4.5
76,31685,3.0
76,32587,3.0
76,33004,5.0
76,33493,2.5
76,33615,2.5
76,33646,2.5
76,33679,2.5
76,33794,4.0
76,34048,2.5
76,34150,2.0
76,34162,4.0
76,34437,3.5
76,35836,5.0
76,36529,3.0
76,37729,4.0
76,40815,4.0
76,41569,2.0
76,42725,3.5
76,44191,4.5
76,44195,4.0
76,44665,3.0
76,45499,3.0
76,45501,2.5
76,45517,3.0
76,45666,3.0
76,45672,2.0
76,45720,3.5
76,45722,2.0
76,45726,2.5
76,46530,2.5
76,46578,4.5
76,46970,4.5
76,46972,4.0
76,46976,4.5
76,47640,2.5
76,48385,4.0
76,49272,4.5
76,49286,3.5
76,49396,3.5
76,49530,3.5
76,50872,4.0
76,51255,5.0
76,51662,2.0
76,51939,3.0
76,52245,4.0
76,52694,3.0
76,52722,2.5
76,52973,3.5
76,53322,2.5
76,53996,2.5
76,54001,4.0
76,54256,3.5
76,54259,4.0
76,54272,4.5
76,54286,1.5
76,54503,5.0
76,55241,2.5
76,55247,4.5
76,55269,4.0
76,56152,3.5
76,56367,3.5
76,56805,4.5
76,57669,3.0
76,58156,4.5
76,58559,4.5
76,58998,3.5
76,59022,3.0
76,59315,5.0
76,59421,2.0
76,59615,2.5
76,59784,4.0
76,59900,1.5
76,60040,4.0
76,60074,4.5
76,60126,4.0
76,60397,2.5
76,60756,5.0
76,61024,4.0
76,61132,4.5
76,61255,3.5
76,61323,4.5
76,62999,3.5
76,63113,4.0
76,63131,4.0
76,63992,0.5
76,64957,4.0
76,64969,4.0
76,67087,4.0
76,67255,4.0
76,67734,4.0
76,68157,4.5
76,68237,4.5
76,68358,4.5
76,68954,4.5
76,69122,2.5
76,69406,2.5
76,69436,3.5
76,69757,4.0
76,69844,4.5
76,71535,5.0
76,72226,3.5
76,72378,2.0
76,72641,4.0
76,72998,3.0
76,73017,4.0
76,74458,4.0
76,74789,2.0
76,74946,2.5
76,76093,3.5
76,76251,4.5
76,76293,3.5
76,77561,4.5
76,78209,3.0
76,78499,4.5
76,79132,5.0
76,79134,2.5
76,79139,3.0
76,79185,2.5
76,79428,3.5
76,79592,3.5
76,79702,4.0
76,80166,3.0
76,80463,5.0
76,80549,3.5
76,81537,3.5
76,81562,3.5
76,81591,3.5
76,81834,4.5
76,81845,4.5
76,81847,4.0
76,82461,3.0
76,83134,3.5
76,83349,2.0
76,84152,4.0
76,84374,3.0
76,84615,5.0
76,84772,4.0
76,85022,4.0
76,86332,4.0
76,86644,2.5
76,86882,5.0
76,86911,3.0
76,87232,3.5
76,87483,2.0
76,87529,3.5
76,87869,4.0
76,88125,4.5
76,88129,4.0
76,88140,4.5
76,88163,3.0
76,88405,3.0
76,88672,4.0
76,88744,1.5
76,89492,4.5
76,89745,5.0
76,89864,4.5
76,90717,3.0
76,91077,3.0
76,91500,3.0
76,91529,5.0
76,91542,4.0
76,92259,3.0
76,93270,3.0
76,93510,4.0
76,93840,2.0
76,94777,2.0
76,94864,4.0
76,94959,4.5
76,95441,3.5
76,95510,3.5
76,95720,4.0
76,96079,5.0
76,96588,3.5
76,96610,3.5
76,96829,5.0
76,97304,4.5
76,97752,3.0
76,97836,2.5
76,97913,4.0
76,97921,3.5
76,97938,2.5
76,98491,5.0
76,98809,3.0
76,99112,3.5
76,99114,4.0
76,99117,3.5
76,100390,2.5
76,101283,3.5
76,101612,3.5
76,102123,4.5
76,102125,4.0
76,102445,4.0
76,102481,3.5
76,102686,2.5
76,102903,3.5
76,103228,2.5
76,103335,3.5
76,103341,4.5
76,104211,3.5
76,104374,4.0
76,104841,3.0
76,104913,3.5
76,105504,3.5
76,106072,4.5
76,106487,3.0
76,106489,3.0
76,106540,3.0
76,106696,3.0
76,106782,5.0
76,106918,4.0
76,107348,4.0
76,108932,4.0
76,109374,5.0
76,109487,5.0
76,110102,4.5
76,111362,4.0
76,111443,4.0
76,111622,3.0
76,111759,5.0
76,111781,4.0
76,112138,3.0
76,112183,4.0
76,112552,5.0
76,112623,2.0
76,112852,4.5
76,115569,4.5
76,115617,4.5
76,115713,3.0
76,116797,4.5
76,116823,3.0
76,116977,3.0
76,117176,4.5
76,117529,4.5
76,118696,3.0
76,119141,3.0
76,119145,4.0
76,119155,3.0
76,122882,3.0
76,122886,4.5
76,122892,4.5
76,122900,4.5
76,122904,5.0
76,122906,4.5
76,122912,5.0
76,122914,5.0
76,122916,5.0
76,122918,4.5
76,122920,5.0
76,122922,5.0
76,122926,4.5
76,128360,4.0
76,131013,4.0
76,131439,3.0
76,134130,5.0
76,134368,3.0
76,134853,4.0
76,135143,4.0
76,135426,4.0
76,135436,3.0
76,135569,4.0
76,135861,3.0
76,135885,3.5
76,135887,4.0
76,136020,4.0
76,139385,4.5
76,140956,4.0
76,142488,5.0
76,143347,3.5
76,143355,4.0
76,148626,5.0
76,148888,2.5
76,149352,3.5
76,149406,2.0
76,152081,4.0
76,157296,4.0
76,157699,4.5
76,159093,3.5
76,160080,2.0
76,160271,3.5
76,162478,3.0
76,164179,4.5
76,166492,3.5
76,166528,3.5
76,166635,4.0
76,166946,5.0
76,167746,4.0
76,168252,4.5
76,170813,2.5
76,171763,3.5
76,172547,3.0
76,173209,4.0
76,174815,3.5
76,176101,4.0
76,177593,5.0
76,177765,3.0
76,178061,4.5
76,179401,4.5
76,179819,4.5
76,180231,3.5
76,183611,5.0
76,187541,3.5
76,187593,4.5
76,187595,4.0
76,188301,4.5
76,188797,4.0
76,189333,4.0
76,189363,3.0
76,192579,3.0
76,197697,3.5
77,6,4.0
77,10,4.0
77,11,4.0
77,19,3.0
77,21,4.0
77,25,5.0
77,32,3.0
77,36,4.0
77,44,3.0
77,47,4.0
77,48,4.0
77,105,4.0
77,110,5.0
77,150,4.0
77,153,3.0
77,158,4.0
77,165,4.0
77,172,4.0
77,173,3.0
77,185,5.0
77,186,3.0
77,208,3.0
77,224,4.0
77,231,3.0
77,235,4.0
77,282,5.0
77,288,4.0
77,293,3.0
77,296,5.0
77,300,4.0
77,315,3.0
77,316,4.0
77,317,3.0
77,339,3.0
77,344,3.0
77,350,4.0
77,355,3.0
77,356,5.0
77,357,4.0
77,364,4.0
77,367,4.0
77,377,4.0
77,420,3.0
77,432,4.0
77,434,3.0
77,435,3.0
77,442,3.0
77,454,4.0
77,457,4.0
77,480,4.0
77,485,3.0
77,500,3.0
77,508,5.0
77,509,4.0
77,527,5.0
77,539,4.0
77,553,3.0
77,555,5.0
77,586,4.0
77,588,4.0
77,589,3.0
77,590,4.0
77,592,3.0
77,593,4.0
77,595,3.0
77,597,3.0
77,648,4.0
78,1,4.0
78,2,3.0
78,7,3.0
78,11,3.0
78,17,5.0
78,25,2.0
78,26,3.0
78,34,5.0
78,36,4.0
78,48,4.0
78,58,4.0
78,60,3.0
78,62,4.0
78,105,3.0
78,110,5.0
78,111,4.0
78,126,2.0
78,150,5.0
78,151,3.0
78,158,3.0
78,161,4.0
78,168,5.0
78,185,4.0
78,196,3.0
78,199,2.0
78,208,3.0
78,229,3.0
78,238,4.0
78,242,3.0
78,249,5.0
78,260,3.0
78,262,2.0
78,265,5.0
78,273,4.0
78,282,5.0
78,293,5.0
78,296,2.0
78,316,4.0
78,318,4.0
78,328,3.0
78,329,4.0
78,349,3.0
78,356,5.0
78,357,3.0
78,364,5.0
78,373,5.0
78,374,2.0
78,377,4.0
78,380,3.0
78,382,2.0
78,431,3.0
78,434,3.0
78,455,3.0
78,457,5.0
78,471,5.0
78,480,4.0
78,484,3.0
78,497,5.0
78,506,5.0
78,508,4.0
78,509,4.0
78,515,5.0
78,527,5.0
78,529,3.0
78,531,2.0
78,534,5.0
78,539,4.0
78,552,2.0
78,558,3.0
78,565,1.0
78,587,4.0
78,590,4.0
78,592,1.0
78,593,5.0
78,594,4.0
78,595,4.0
78,596,3.0
78,597,4.0
78,608,5.0
78,628,5.0
78,661,4.0
78,733,4.0
78,736,4.0
78,742,2.0
78,780,4.0
78,832,4.0
78,849,2.0
78,858,2.0
78,879,2.0
78,897,3.0
78,898,5.0
78,899,4.0
78,900,3.0
78,902,4.0
78,903,4.0
78,904,5.0
78,906,5.0
78,908,3.0
78,909,2.0
78,910,3.0
78,911,4.0
78,912,4.0
78,914,5.0
78,915,4.0
78,916,2.0
78,919,3.0
78,920,4.0
78,924,5.0
78,930,3.0
78,932,4.0
78,933,4.0
78,938,4.0
78,940,3.0
78,942,3.0
78,945,3.0
78,948,2.0
78,952,3.0
78,953,2.0
78,965,5.0
78,968,2.0
78,969,3.0
78,976,3.0
78,1009,3.0
78,1015,4.0
78,1017,3.0
78,1019,3.0
78,1025,3.0
78,1028,4.0
78,1031,3.0
78,1035,5.0
78,1037,4.0
78,1041,4.0
78,1073,4.0
78,1081,3.0
78,1084,5.0
78,1085,5.0
78,1086,4.0
78,1087,4.0
78,1088,5.0
78,1090,5.0
78,1094,4.0
78,1097,4.0
78,1099,3.0
78,1127,4.0
78,1132,5.0
78,1172,5.0
78,1179,3.0
78,1183,5.0
78,1191,4.0
78,1193,3.0
78,1196,3.0
78,1198,2.0
78,1200,5.0
78,1203,5.0
78,1204,3.0
78,1207,4.0
78,1208,5.0
78,1210,3.0
78,1212,5.0
78,1214,5.0
78,1217,1.0
78,1219,5.0
78,1224,2.0
78,1225,5.0
78,1228,2.0
78,1230,3.0
78,1233,5.0
78,1234,3.0
78,1237,1.0
78,1240,4.0
78,1242,2.0
78,1244,2.0
78,1246,4.0
78,1247,4.0
78,1250,5.0
78,1253,3.0
78,1260,4.0
78,1263,5.0
78,1265,2.0
78,1269,4.0
78,1272,4.0
78,1276,4.0
78,1282,5.0
78,1287,2.0
78,1291,3.0
78,1296,3.0
78,1298,5.0
78,1299,5.0
78,1300,4.0
78,1320,5.0
78,1327,3.0
78,1333,4.0
78,1334,1.0
78,1339,3.0
78,1342,1.0
78,1344,4.0
78,1350,3.0
78,1357,3.0
78,1366,4.0
78,1367,4.0
78,1380,3.0
78,1387,2.0
78,1388,2.0
78,1407,1.0
78,1408,3.0
78,1411,3.0
78,1441,4.0
78,1466,5.0
78,1544,5.0
78,1552,4.0
78,1562,1.0
78,1580,3.0
78,1584,4.0
78,1608,5.0
78,1610,4.0
78,1619,4.0
78,1623,2.0
78,1653,3.0
78,1674,3.0
78,1686,3.0
78,1687,4.0
78,1688,3.0
78,1690,5.0
78,1692,5.0
78,1693,5.0
78,1711,4.0
78,1713,3.0
78,1779,3.0
78,1797,5.0
78,1848,2.0
78,1931,4.0
78,1939,2.0
78,1944,3.0
78,1945,3.0
78,1947,5.0
78,1951,5.0
78,1952,4.0
78,1953,4.0
78,1954,2.0
78,1955,2.0
78,1957,3.0
78,1959,5.0
78,1960,5.0
78,1961,4.0
78,1967,3.0
78,1982,1.0
78,1994,2.0
78,1997,3.0
78,2003,2.0
78,2012,1.0
78,2013,3.0
78,2018,4.0
78,2019,2.0
78,2020,5.0
78,2021,1.0
78,2053,1.0
78,2054,1.0
78,2057,4.0
78,2067,5.0
78,2080,4.0
78,2081,5.0
78,2083,3.0
78,2085,4.0
78,2087,3.0
78,2097,2.0
78,2112,3.0
78,2115,3.0
78,2120,3.0
78,2121,4.0
78,2130,3.0
78,2135,3.0
78,2137,5.0
78,2140,3.0
78,2145,2.0
79,296,2.5
79,356,3.5
79,593,4.0
79,858,3.5
79,1036,3.0
79,1653,4.5
79,1682,5.0
79,1704,3.0
79,2959,4.5
79,3751,4.0
79,4025,3.5
79,4226,4.5
79,4993,3.5
79,5445,4.5
79,5952,4.0
79,5989,3.5
79,6502,3.5
79,7153,4.0
79,41566,3.0
79,48516,3.5
79,48774,5.0
79,48780,5.0
79,49530,4.0
79,55247,3.0
79,58559,4.0
79,60684,4.0
79,61132,3.0
79,68954,3.0
79,69122,2.0
79,72998,3.0
79,74458,5.0
79,79132,5.0
79,96610,5.0
79,99114,4.0
79,109374,3.0
79,109487,4.5
79,111759,5.0
79,112556,3.5
79,112852,3.0
79,116797,3.5
79,134130,5.0
79,164179,4.0
79,171763,3.0
79,207313,4.5
79,217465,3.5
79,221576,3.5
79,277856,4.0
79,281864,3.5
79,287699,4.5
79,288513,4.5
80,32,5.0
80,34,1.5
80,47,4.0
80,110,3.5
80,111,4.5
80,150,4.5
80,165,2.5
80,170,4.0
80,172,5.0
80,173,4.0
80,185,3.5
80,196,3.5
80,260,3.5
80,293,3.5
80,296,4.5
80,316,3.5
80,329,5.0
80,353,3.0
80,356,2.0
80,442,3.5
80,480,3.5
80,519,4.0
80,527,3.0
80,541,5.0
80,589,4.5
80,593,4.5
80,608,4.5
80,733,3.0
80,750,3.5
80,778,4.0
80,780,3.5
80,849,3.0
80,924,4.5
80,1036,4.0
80,1037,4.5
80,1090,4.5
80,1092,4.0
80,1127,3.5
80,1129,4.0
80,1193,3.0
80,1196,3.5
80,1198,3.5
80,1199,4.5
80,1200,5.0
80,1204,3.5
80,1206,5.0
80,1208,5.0
80,1210,3.0
80,1214,5.0
80,1220,2.0
80,1222,4.0
80,1233,5.0
80,1240,5.0
80,1252,4.0
80,1258,5.0
80,1263,5.0
80,1265,2.0
80,1270,3.5
80,1275,4.0
80,1291,3.0
80,1320,4.5
80,1356,5.0
80,1370,3.5
80,1371,5.0
80,1372,5.0
80,1373,3.0
80,1374,5.0
80,1375,3.5
80,1376,3.5
80,1377,3.5
80,1387,3.5
80,1391,2.0
80,1527,4.0
80,1544,3.0
80,1580,2.5
80,1584,4.0
80,1587,4.0
80,1590,4.0
80,1591,3.5
80,1610,4.0
80,1617,4.5
80,1625,4.0
80,1645,3.5
80,1653,4.5
80,1676,4.5
80,1681,1.5
80,1682,4.0
80,1690,4.0
80,1704,3.0
80,1732,4.5
80,1779,4.5
80,1831,3.5
80,1862,3.0
80,1882,3.0
80,1884,5.0
80,1917,3.5
80,1954,3.5
80,2011,3.5
80,2012,3.5
80,2021,4.5
80,2028,3.5
80,2076,4.0
80,2105,5.0
80,2167,4.0
80,2193,2.0
80,2288,5.0
80,2311,5.0
80,2322,4.5
80,2393,4.5
80,2448,4.0
80,2455,4.0
80,2456,4.0
80,2528,4.0
80,2529,4.0
80,2549,3.0
80,2571,5.0
80,2628,3.5
80,2640,3.0
80,2712,4.5
80,2716,2.5
80,2762,3.0
80,2807,3.5
80,2808,4.5
80,2858,3.5
80,2916,5.0
80,2959,4.0
80,2985,4.5
80,2986,4.5
80,3033,4.0
80,3081,3.5
80,3156,3.0
80,3175,3.5
80,3190,4.0
80,3300,4.5
80,3438,2.0
80,3471,3.0
80,3527,4.5
80,3578,4.0
80,3638,3.0
80,3697,4.0
80,3702,3.5
80,3703,4.0
80,3704,3.5
80,3793,4.0
80,3949,3.5
80,3986,3.0
80,4011,3.5
80,4226,4.5
80,4262,3.0
80,4343,2.5
80,4370,3.0
80,4446,3.5
80,4480,4.0
80,4618,3.5
80,4720,4.0
80,4855,3.5
80,4865,4.0
80,4874,3.5
80,4878,4.5
80,4973,2.5
80,4975,3.5
80,4993,4.0
80,4995,4.0
80,5219,3.5
80,5254,3.5
80,5378,3.0
80,5388,4.0
80,5418,2.5
80,5445,4.5
80,5459,2.5
80,5481,1.5
80,5502,3.0
80,5903,4.5
80,5944,4.5
80,5952,4.0
80,5995,2.5
80,6323,3.5
80,6333,4.0
80,6365,4.5
80,6502,3.5
80,6534,3.0
80,6537,3.5
80,6539,3.5
80,6541,3.5
80,6664,2.5
80,6874,3.5
80,6934,4.5
80,7143,3.0
80,7147,2.5
80,7153,4.5
80,7163,3.5
80,7254,3.5
80,7347,4.0
80,7361,4.0
80,7438,3.5
80,8361,3.5
80,8368,3.0
80,8371,2.5
80,8644,4.0
80,8783,4.0
80,8810,3.0
80,8861,2.5
80,8950,4.5
80,8985,2.5
80,27660,4.5
80,27788,4.0
80,27904,5.0
80,31696,3.5
80,33794,3.5
80,34048,3.5
80,34319,4.0
80,34405,4.0
80,37386,4.0
80,42738,3.0
80,44191,4.0
80,44195,4.0
80,45499,4.0
80,47610,5.0
80,48043,4.5
80,48394,3.0
80,48516,3.0
80,48774,4.5
80,48780,5.0
80,51086,3.0
80,51540,4.5
80,52328,4.0
80,52604,4.0
80,53000,3.5
80,53996,2.0
80,54001,3.0
80,54286,2.5
80,55232,3.0
80,56174,4.0
80,58559,3.5
80,59315,4.0
80,60040,3.5
80,60069,3.0
80,60684,5.0
80,61350,4.0
80,63072,3.5
80,65682,3.0
80,67197,3.5
80,68157,3.0
80,68237,4.5
80,68319,4.0
80,68358,3.5
80,68791,4.0
80,69526,2.0
80,70286,3.5
80,71135,3.5
80,71254,4.5
80,71530,5.0
80,71535,2.5
80,72998,3.5
80,73017,4.0
80,73321,4.0
80,74458,4.0
80,75985,4.5
80,76093,2.5
80,77561,3.5
80,78266,3.0
80,79057,3.5
80,79132,5.0
80,80363,3.0
80,80463,3.5
80,81591,4.5
80,82461,5.0
80,84152,4.0
80,85414,3.5
80,86835,3.5
80,87232,4.0
80,87306,3.5
80,88140,4.0
80,88744,3.5
80,89745,4.0
80,90249,3.0
80,90345,4.0
80,91500,3.5
80,91529,3.5
80,91542,4.0
80,91658,4.0
80,92259,2.0
80,93363,3.0
80,93563,4.0
80,94864,4.5
80,95875,4.5
80,96610,3.5
80,96691,3.0
80,96737,4.5
80,97752,3.5
80,97938,2.5
80,99114,3.0
80,101577,3.5
80,101864,4.0
80,102125,3.0
80,102445,3.0
80,102903,2.0
80,103042,3.0
80,103228,3.5
80,103253,3.5
80,103772,4.5
80,104374,4.0
80,104841,5.0
80,104879,4.0
80,106002,3.0
80,106487,3.5
80,106782,4.0
80,106920,4.0
80,109374,2.5
80,109487,5.0
80,110102,4.0
80,110730,3.5
80,111362,4.0
80,111759,3.5
80,112183,4.5
80,112552,4.0
80,112556,3.5
80,112623,3.5
80,112804,4.0
80,112852,3.5
80,113378,3.5
80,114180,3.5
80,114935,4.5
80,115569,5.0
80,115713,4.5
80,116797,3.5
80,116823,3.5
80,117529,2.5
80,120799,3.0
80,122882,4.0
80,122886,2.0
80,122892,3.5
80,122900,4.0
80,122904,4.5
80,122920,4.0
80,122924,3.5
80,134130,5.0
80,135133,3.0
80,139385,4.0
80,142488,4.0
80,148626,4.5
80,152081,4.0
80,161175,3.5
81,50,4.0
81,260,1.0
81,318,5.0
81,356,4.0
81,1196,1.0
81,4226,5.0
81,4241,3.0
81,4638,4.0
81,4886,3.0
81,4963,5.0
81,4993,5.0
81,5218,2.5
81,5349,4.0
81,5378,1.0
81,5785,1.0
81,5816,4.0
81,5952,5.0
81,6373,4.0
81,6377,4.0
81,6378,5.0
81,6539,4.0
81,6863,5.0
81,7153,5.0
81,8368,4.0
81,8533,2.0
81,8636,4.0
81,8815,1.0
81,8961,1.5
81,8984,5.0
81,33493,1.0
81,33615,2.5
81,39446,1.0
81,40732,4.5
81,40815,4.0
81,41566,4.0
81,46972,4.0
81,48322,1.0
81,48877,0.5
81,49396,5.0
81,52722,5.0
81,53125,4.0
81,53322,5.0
81,53996,2.0
81,54001,4.0
81,55247,5.0
81,55577,0.5
81,55765,4.0
81,57274,5.0
81,60074,4.0
81,63436,0.5
81,63992,1.5
81,69844,4.0
81,71282,4.0
81,72129,0.5
81,72378,3.5
81,73290,5.0
81,74750,3.5
81,79091,1.0
81,81591,1.0
81,81834,4.5
81,86332,3.0
81,88125,4.0
81,91104,1.5
81,93270,3.0
81,93510,4.5
81,95105,1.0
81,95510,4.0
81,96821,3.5
81,97188,5.0
81,97913,4.0
81,98809,4.0
81,103075,3.0
81,103141,3.5
81,103335,2.0
81,103688,3.0
81,106489,4.0
81,106696,4.0
81,106782,3.5
81,110553,4.0
81,112138,5.0
81,112852,4.0
81,118696,4.0
81,119155,4.0
81,122886,1.0
81,122918,4.0
81,135143,3.5
81,135426,2.5
81,135887,1.0
81,141890,4.0
81,143347,4.5
81,157296,4.0
81,159817,4.5
81,159858,2.0
81,179819,1.0
81,182715,1.0
81,187595,0.5
81,189805,5.0
81,192389,4.5
81,192803,5.0
81,194951,1.0
82,50,5.0
82,260,4.0
82,318,5.0
82,541,2.0
82,605,4.0
82,608,4.0
82,858,5.0
82,1136,4.0
82,1198,5.0
82,1210,4.0
82,1221,5.0
82,1228,4.0
82,1231,4.0
82,1394,4.0
82,1617,5.0
82,1772,5.0
82,2468,3.0
82,2716,4.0
82,2779,3.0
82,2901,3.0
82,3114,3.0
82,3186,4.0
82,3712,3.0
82,3786,2.0
82,4117,4.0
82,4559,3.0
82,4654,3.0
82,4799,5.0
83,1,3.0
83,2,5.0
83,17,5.0
83,34,1.0
83,39,3.0
83,47,4.0
83,48,2.0
83,50,5.0
83,70,2.0
83,110,3.0
83,145,3.5
83,150,5.0
83,158,2.0
83,162,3.0
83,231,2.0
83,260,5.0
83,266,4.5
83,292,5.0
83,296,5.0
83,318,5.0
83,356,5.0
83,357,1.5
83,370,4.0
83,457,5.0
83,480,5.0
83,527,5.0
83,586,5.0
83,588,3.5
83,589,3.0
83,590,4.0
83,592,5.0
83,593,5.0
83,594,3.0
83,595,5.0
83,597,5.0
83,736,3.0
83,780,5.0
83,802,4.0
83,832,3.0
83,858,5.0
83,903,2.0
83,912,3.5
83,914,4.5
83,920,5.0
83,924,5.0
83,1032,5.0
83,1035,2.0
83,1073,5.0
83,1097,5.0
83,1147,3.0
83,1196,5.0
83,1203,2.5
83,1204,5.0
83,1206,5.0
83,1208,3.0
83,1210,5.0
83,1214,5.0
83,1222,5.0
83,1240,5.0
83,1242,5.0
83,1246,5.0
83,1263,5.0
83,1265,5.0
83,1270,5.0
83,1289,4.0
83,1291,3.0
83,1307,3.0
83,1387,2.0
83,1485,4.0
83,1517,2.0
83,1608,4.0
83,1617,3.0
83,1682,5.0
83,1704,5.0
83,1777,5.0
83,1784,5.0
83,1917,4.0
83,1961,5.0
83,2012,4.5
83,2028,5.0
83,2064,5.0
83,2081,2.0
83,2174,3.0
83,2302,4.0
83,2324,5.0
83,2355,2.0
83,2470,5.0
83,2571,5.0
83,2617,4.0
83,2628,5.0
83,2671,5.0
83,2677,5.0
83,2699,2.5
83,2712,5.0
83,2746,3.0
83,2858,5.0
83,2859,3.0
83,2959,5.0
83,2997,3.0
83,3007,3.0
83,3081,4.0
83,3176,5.0
83,3253,2.0
83,3408,5.0
83,3418,3.5
83,3753,5.0
83,3897,5.0
83,4246,5.0
83,4886,2.0
83,4963,5.0
83,4973,5.0
83,4993,5.0
83,5218,3.0
83,5378,5.0
83,5618,5.0
83,5816,5.0
83,5952,5.0
83,5989,3.0
83,6016,5.0
83,6331,4.5
83,6365,5.0
83,6377,4.0
83,6863,3.0
83,6874,5.0
83,7147,5.0
83,7361,5.0
83,8360,4.0
83,8368,5.0
83,8464,5.0
83,8622,3.5
83,8636,5.0
83,44191,4.0
83,45950,4.0
83,48394,3.0
83,53894,4.5
83,56367,4.0
83,59315,3.0
83,60069,4.0
83,63082,5.0
83,68954,5.0
83,72998,3.0
83,79132,5.0
83,86332,4.0
83,88140,4.0
83,89745,4.0
83,106072,4.0
83,109487,5.0
83,119145,4.0
83,122904,4.0
83,162590,5.0
84,1,4.0
84,36,4.0
84,47,4.5
84,50,4.0
84,214,5.0
84,215,3.5
84,265,3.5
84,290,3.5
84,293,5.0
84,296,4.0
84,306,5.0
84,307,4.5
84,308,5.0
84,318,4.0
84,356,4.0
84,457,4.0
84,475,4.0
84,492,4.0
84,527,3.5
84,538,4.5
84,541,3.5
84,551,4.0
84,593,5.0
84,750,4.5
84,903,4.0
84,904,5.0
84,909,4.0
84,912,4.0
84,1036,3.5
84,1172,4.0
84,1176,4.5
84,1193,5.0
84,1208,3.0
84,1214,3.0
84,1219,5.0
84,1230,4.5
84,1244,5.0
84,1247,5.0
84,1249,4.5
84,1252,5.0
84,1258,5.0
84,1271,3.5
84,1367,4.0
84,1569,3.5
84,1610,4.0
84,1674,5.0
84,1680,3.5
84,1704,4.5
84,1732,3.5
84,1784,4.0
84,1913,3.5
84,1942,4.0
84,1953,5.0
84,1961,4.5
84,1963,4.0
84,2020,4.0
84,2065,4.0
84,2194,4.0
84,2268,3.5
84,2324,5.0
84,2329,4.0
84,2336,5.0
84,2353,3.5
84,2357,4.0
84,2396,3.5
84,2467,5.0
84,2571,4.0
84,2594,4.0
84,2677,4.0
84,2692,4.5
84,2696,4.0
84,2729,4.0
84,2762,5.0
84,2840,4.0
84,2843,5.0
84,2858,4.0
84,2908,4.0
84,2931,5.0
84,2950,2.0
84,2959,3.5
84,2973,4.0
84,2997,4.0
84,3006,4.0
84,3038,3.5
84,3083,4.0
84,3147,4.0
84,3198,4.0
84,3451,4.5
84,3481,4.0
84,3499,4.0
84,3545,3.5
84,3551,4.5
84,3556,4.0
84,3730,4.5
84,3788,4.0
84,3822,4.0
84,3844,4.0
84,3910,2.0
84,3925,4.5
84,3949,2.0
84,4008,2.5
84,4027,4.0
84,4034,3.5
84,4144,4.0
84,4226,4.5
84,4235,4.5
84,4306,5.0
84,4326,4.5
84,4351,4.0
84,4720,5.0
84,4848,2.0
84,4901,4.0
84,4963,4.0
84,4967,4.5
84,4973,5.0
84,4979,5.0
84,4993,4.0
84,4995,4.0
84,5073,4.0
84,5120,4.0
84,5225,4.0
84,5319,5.0
84,5388,4.0
84,5418,4.0
84,5445,4.0
84,5525,4.0
84,5570,3.0
84,5574,0.5
84,5608,4.0
84,5630,1.5
84,5669,3.5
84,5791,4.0
84,5816,4.0
84,5876,4.0
84,5878,3.5
84,5954,4.0
84,5989,4.0
84,5995,4.5
84,6016,4.0
84,6101,4.0
84,6214,4.0
84,6370,2.5
84,6377,4.0
84,6502,3.0
84,6539,3.5
84,6711,4.0
84,6773,4.0
84,6787,4.0
84,6791,4.0
84,6870,5.0
84,6954,4.0
84,6975,4.0
84,6993,4.0
84,7018,4.0
84,7153,4.5
84,7160,3.5
84,7256,3.0
84,7323,5.0
84,7361,4.0
84,7371,3.5
84,7438,3.5
84,7767,4.5
84,7934,4.0
84,8340,4.0
84,8645,4.0
84,8665,5.0
84,8798,4.5
84,8873,3.0
84,8973,4.0
84,8983,3.5
84,27592,4.0
84,27727,5.0
84,27773,5.0
84,27803,3.5
84,27815,3.5
84,30749,5.0
84,34162,3.5
84,36517,5.0
84,36529,4.0
84,36535,4.0
84,37741,4.0
84,39292,4.0
84,40583,3.0
84,40629,4.0
84,40819,3.5
84,41285,4.0
84,41527,4.0
84,41997,4.0
84,42632,4.0
84,44191,3.5
84,44199,4.0
84,44555,5.0
84,44974,4.5
84,45186,3.5
84,47610,3.0
84,47629,4.0
84,48394,2.0
84,48516,3.5
84,48738,5.0
84,48872,4.0
84,49272,5.0
84,49278,4.0
84,49530,4.5
84,49822,4.0
84,50912,4.5
84,52319,4.5
84,54286,4.5
84,55052,4.0
84,55094,4.0
84,55118,5.0
84,55247,2.0
84,55269,3.0
84,55276,4.5
84,55290,4.5
84,55442,4.0
84,55555,5.0
84,55721,3.5
84,55765,4.0
84,55814,3.5
84,55820,4.0
84,56367,4.0
84,57669,4.0
84,59387,5.0
84,60766,4.5
84,62644,4.0
84,63062,4.0
84,63113,4.0
84,63876,3.5
84,64575,4.0
84,64622,5.0
84,64957,3.0
84,65130,4.0
84,65216,3.0
84,67255,4.0
84,67508,4.0
84,68157,4.0
84,68159,4.0
84,68237,4.0
84,69481,3.5
84,69757,3.5
84,71033,5.0
84,71108,4.0
84,71282,4.5
84,72386,4.0
84,72720,4.0
84,73017,4.0
84,73323,4.0
84,74458,3.5
84,74510,4.0
84,74545,4.5
84,78039,3.5
84,79132,4.0
84,79293,2.5
84,80906,4.0
84,81229,4.0
84,81788,4.0
84,81845,4.5
84,84392,4.0
84,84601,4.0
84,85414,4.0
84,87304,4.0
84,88163,4.0
84,88810,4.0
84,89118,3.0
84,89753,4.0
84,90439,4.0
84,90600,4.0
84,90866,3.0
84,91500,3.0
84,91542,4.0
84,91658,3.5
84,92259,5.0
84,93840,0.5
84,96020,4.0
84,96079,4.0
84,96610,4.0
84,97304,5.0
84,98961,3.5
84,99114,4.0
84,100383,4.0
84,101973,3.5
84,106782,4.0
84,106916,3.5
84,109374,4.5
84,112183,2.5
84,112556,5.0
84,114935,3.0
84,116797,4.0
84,117176,5.0
85,1,4.0
85,50,3.0
85,70,2.0
85,86,2.0
85,377,3.0
85,538,5.0
85,805,4.0
85,1041,3.0
85,1513,4.0
85,1721,3.5
85,1834,4.0
85,1885,3.5
85,2028,2.0
85,2333,4.0
85,2433,3.0
85,2485,3.0
85,2490,3.0
85,2541,5.0
85,2572,3.0
85,2581,4.0
85,2605,4.0
85,2694,3.0
85,2706,4.0
85,2707,5.0
85,2710,1.0
85,2713,1.0
85,2720,2.0
85,2762,3.0
85,2763,4.0
85,2841,3.0
85,2858,3.0
85,2881,3.0
85,2908,4.0
85,2993,4.0
85,3005,3.0
85,3051,2.0
85,3081,1.0
85,3113,2.0
85,3176,4.0
85,3219,4.0
85,3273,2.0
85,3298,3.5
85,3325,2.0
85,3408,4.0
85,3513,2.0
85,3578,3.0
85,3617,4.0
85,3753,4.0
85,3793,4.0
85,3798,3.0
85,3857,2.0
85,3893,3.0
85,3908,3.0
85,3911,4.0
85,3952,4.0
85,3977,2.0
85,3986,2.0
85,4022,2.0
85,4226,4.0
85,4229,3.0
85,4232,1.0
85,4234,3.0
85,4238,4.0
85,4270,2.0
85,4299,3.0
85,4369,2.0
85,4370,2.0
85,4381,3.0
85,4447,4.0
85,4448,4.0
85,4718,2.0
85,4957,4.0
85,4975,3.0
85,4993,3.0
85,5010,2.0
85,5266,4.0
85,5299,4.0
85,5349,3.0
85,5388,4.0
85,5400,2.0
85,5445,3.0
85,5506,4.0
85,5507,3.0
85,5574,4.5
85,5630,4.0
85,6333,4.5
85,6534,3.0
85,6539,3.5
85,7149,4.0
85,7153,4.0
85,7439,3.5
85,8984,2.0
85,33166,3.0
85,36519,3.0
85,46723,3.0
85,53996,3.0
85,56367,3.0
85,58103,4.0
85,58559,4.5
85,59369,4.5
85,61248,3.0
85,61350,2.0
85,61465,4.0
85,61705,3.0
85,63113,3.5
85,64231,3.5
85,65682,3.5
86,6,4.0
86,11,4.0
86,16,5.0
86,17,4.0
86,21,3.0
86,24,4.0
86,32,5.0
86,34,4.0
86,41,2.0
86,43,2.0
86,62,4.0
86,85,3.0
86,105,3.0
86,110,4.0
86,140,3.0
86,150,5.0
86,151,5.0
86,154,3.0
86,161,4.0
86,207,4.0
86,208,1.0
86,249,4.0
86,260,5.0
86,261,4.0
86,266,3.0
86,282,3.0
86,296,4.0
86,300,4.0
86,316,2.0
86,318,4.0
86,329,3.0
86,333,5.0
86,348,2.0
86,349,4.0
86,350,4.0
86,356,5.0
86,357,5.0
86,361,3.0
86,367,2.0
86,368,2.0
86,377,5.0
86,380,3.0
86,422,4.0
86,431,5.0
86,440,4.0
86,441,3.0
86,450,4.0
86,454,4.0
86,457,4.0
86,465,3.0
86,474,4.0
86,475,4.0
86,511,3.0
86,515,4.0
86,517,4.0
86,524,4.0
86,527,5.0
86,534,4.0
86,553,3.0
86,589,4.0
86,590,5.0
86,592,3.0
86,593,3.0
86,597,3.0
86,608,4.0
86,628,4.0
86,647,4.0
86,648,3.0
86,708,2.0
86,736,2.0
86,750,3.0
86,778,2.0
86,780,4.0
86,805,4.0
86,832,4.0
86,858,4.0
86,899,4.0
86,902,4.0
86,903,5.0
86,909,5.0
86,912,3.0
86,919,5.0
86,920,4.0
86,923,5.0
86,924,4.0
86,926,4.0
86,953,5.0
86,954,4.0
86,971,4.0
86,991,4.0
86,994,2.0
86,1012,4.0
86,1049,4.0
86,1082,4.0
86,1084,4.0
86,1085,4.0
86,1090,5.0
86,1092,4.0
86,1094,3.0
86,1097,4.0
86,1124,4.0
86,1178,4.0
86,1183,4.0
86,1185,4.0
86,1193,4.0
86,1196,4.0
86,1204,5.0
86,1208,5.0
86,1210,4.0
86,1213,4.0
86,1214,4.0
86,1216,1.0
86,1221,3.0
86,1222,4.0
86,1224,4.0
86,1225,4.0
86,1231,4.0
86,1233,4.0
86,1242,5.0
86,1243,3.0
86,1246,5.0
86,1247,5.0
86,1249,5.0
86,1250,4.0
86,1252,3.0
86,1253,4.0
86,1259,4.0
86,1263,2.0
86,1265,5.0
86,1267,4.0
86,1271,3.0
86,1272,5.0
86,1276,5.0
86,1293,4.0
86,1298,4.0
86,1356,3.0
86,1357,4.0
86,1372,4.0
86,1393,3.0
86,1398,3.0
86,1404,3.0
86,1408,3.0
86,1437,3.0
86,1459,4.0
86,1466,4.0
86,1500,4.0
86,1517,5.0
86,1527,2.0
86,1552,3.0
86,1573,2.0
86,1580,2.0
86,1584,5.0
86,1586,3.0
86,1594,4.0
86,1597,3.0
86,1608,4.0
86,1610,4.0
86,1615,4.0
86,1616,1.0
86,1617,4.0
86,1619,4.0
86,1625,4.0
86,1631,3.0
86,1643,3.0
86,1645,4.0
86,1653,3.0
86,1674,4.0
86,1676,4.0
86,1678,4.0
86,1682,3.0
86,1689,4.0
86,1693,4.0
86,1701,5.0
86,1704,4.0
86,1711,4.0
86,1721,4.0
86,1729,5.0
86,1732,3.0
86,1779,1.0
86,1784,4.0
86,1801,2.0
86,1834,3.0
86,1873,4.0
86,1892,4.0
86,1917,4.0
86,1923,5.0
86,1939,4.0
86,1944,3.0
86,1947,5.0
86,1949,5.0
86,1952,3.0
86,1954,4.0
86,1956,3.0
86,1957,5.0
86,1958,3.0
86,1960,4.0
86,1961,3.0
86,1962,4.0
86,1964,3.0
86,2001,2.0
86,2020,3.0
86,2021,2.0
86,2022,4.0
86,2028,5.0
86,2043,3.0
86,2067,5.0
86,2100,4.0
86,2101,4.0
86,2105,4.0
86,2106,3.0
86,2112,5.0
86,2126,4.0
86,2132,5.0
86,2145,3.0
86,2193,4.0
86,2194,3.0
86,2245,3.0
86,2248,4.0
86,2266,3.0
86,2267,4.0
86,2268,4.0
86,2269,4.0
86,2278,3.0
86,2297,2.0
86,2311,5.0
86,2336,4.0
86,2344,4.0
86,2374,3.0
86,2395,2.0
86,2396,2.0
86,2397,4.0
86,2414,5.0
86,2420,3.0
86,2424,4.0
86,2427,1.0
86,2467,5.0
86,2520,5.0
86,2563,4.0
86,2571,4.0
86,2617,2.0
86,2662,4.0
86,2728,5.0
86,2739,4.0
86,2745,5.0
86,2797,4.0
86,2803,2.0
86,2822,2.0
86,2852,4.0
86,2871,4.0
86,2872,5.0
86,2875,3.0
86,2916,4.0
86,2941,4.0
86,2944,4.0
86,3044,4.0
86,3066,4.0
86,3095,4.0
86,5060,4.0
87,1,3.5
87,2,2.0
87,16,4.0
87,18,4.0
87,22,3.5
87,24,2.5
87,31,3.5
87,32,3.5
87,36,4.0
87,47,4.5
87,50,4.0
87,59,2.5
87,65,3.0
87,70,4.0
87,97,4.0
87,104,3.5
87,110,3.0
87,147,4.0
87,163,3.0
87,165,3.0
87,173,2.5
87,196,3.0
87,203,3.0
87,208,2.5
87,223,3.5
87,231,3.5
87,237,4.0
87,249,4.0
87,252,3.5
87,253,3.5
87,260,2.5
87,267,3.0
87,288,4.0
87,290,4.0
87,293,3.5
87,296,4.0
87,315,3.0
87,318,3.5
87,319,4.5
87,353,4.0
87,355,2.5
87,356,3.0
87,364,2.5
87,367,3.0
87,370,3.0
87,377,2.5
87,379,2.5
87,380,3.0
87,410,3.0
87,426,3.5
87,431,3.5
87,434,2.5
87,442,3.0
87,454,3.0
87,455,1.5
87,466,2.5
87,480,3.0
87,481,4.0
87,482,4.0
87,485,2.5
87,493,3.5
87,500,2.5
87,508,2.5
87,520,3.0
87,527,3.5
87,540,3.5
87,541,3.5
87,546,1.5
87,551,3.5
87,589,3.5
87,590,3.0
87,592,3.5
87,593,4.5
87,608,4.5
87,640,3.5
87,648,3.0
87,778,4.5
87,780,3.0
87,785,3.5
87,836,2.0
87,839,3.0
87,858,4.0
87,866,4.0
87,903,3.5
87,923,3.5
87,924,3.5
87,1020,2.5
87,1027,3.0
87,1036,3.5
87,1037,3.0
87,1042,2.5
87,1059,4.0
87,1088,2.5
87,1089,5.0
87,1090,3.5
87,1092,3.5
87,1093,4.0
87,1094,4.0
87,1101,3.0
87,1103,2.5
87,1120,3.5
87,1136,4.0
87,1175,4.0
87,1183,3.0
87,1193,4.0
87,1198,3.0
87,1199,4.0
87,1200,4.0
87,1201,3.0
87,1206,5.0
87,1208,4.5
87,1210,2.5
87,1214,4.0
87,1215,4.0
87,1219,3.5
87,1222,5.0
87,1225,4.0
87,1235,4.0
87,1240,3.5
87,1246,3.0
87,1249,3.5
87,1258,5.0
87,1261,3.5
87,1265,3.5
87,1266,3.5
87,1270,3.0
87,1277,4.0
87,1281,3.0
87,1288,4.0
87,1298,4.0
87,1307,3.5
87,1320,3.5
87,1333,3.0
87,1339,4.0
87,1342,4.0
87,1343,3.5
87,1344,3.5
87,1345,3.0
87,1347,4.0
87,1348,3.5
87,1350,3.0
87,1370,3.0
87,1377,3.5
87,1380,2.5
87,1391,3.5
87,1393,2.5
87,1405,3.0
87,1438,2.0
87,1464,4.5
87,1466,3.5
87,1517,3.0
87,1527,3.5
87,1544,3.0
87,1569,2.5
87,1580,3.0
87,1590,3.0
87,1625,4.0
87,1641,3.5
87,1653,4.0
87,1673,4.5
87,1682,4.0
87,1693,3.0
87,1721,2.5
87,1729,3.5
87,1732,4.5
87,1747,4.0
87,1748,4.0
87,1777,4.0
87,1784,2.0
87,1884,4.0
87,1916,4.0
87,1923,4.0
87,1954,3.0
87,1961,3.0
87,1967,3.0
87,1968,2.5
87,1970,3.5
87,1981,2.5
87,1982,3.0
87,1991,3.5
87,1993,3.0
87,1994,3.5
87,1995,3.0
87,1997,3.5
87,2003,3.5
87,2004,3.0
87,2006,3.0
87,2012,2.0
87,2020,4.5
87,2028,3.0
87,2053,2.0
87,2054,1.5
87,2076,4.0
87,2081,2.5
87,2082,2.5
87,2114,2.5
87,2124,3.5
87,2140,3.5
87,2160,3.5
87,2161,3.0
87,2167,3.5
87,2174,4.0
87,2193,3.0
87,2232,4.0
87,2278,3.0
87,2288,3.5
87,2291,4.0
87,2318,4.5
87,2324,4.0
87,2329,3.5
87,2360,4.5
87,2375,4.0
87,2389,3.5
87,2403,3.5
87,2409,3.0
87,2411,3.0
87,2420,2.5
87,2422,2.0
87,2454,4.0
87,2470,3.0
87,2471,2.0
87,2513,3.5
87,2539,2.5
87,2542,4.0
87,2571,4.0
87,2594,3.5
87,2600,4.0
87,2616,3.0
87,2617,2.5
87,2657,2.5
87,2683,4.0
87,2686,4.0
87,2692,3.5
87,2696,4.5
87,2699,3.0
87,2700,4.0
87,2701,1.5
87,2706,3.0
87,2710,3.5
87,2712,4.5
87,2762,4.0
87,2803,2.5
87,2858,3.5
87,2871,4.0
87,2916,3.0
87,2918,3.5
87,2953,2.5
87,2959,4.0
87,2985,2.5
87,2997,4.5
87,3020,4.0
87,3033,3.0
87,3081,3.0
87,3101,3.5
87,3107,2.5
87,3108,3.5
87,3146,2.5
87,3160,4.0
87,3168,4.0
87,3198,3.5
87,3243,3.0
87,3246,3.5
87,3247,3.0
87,3253,4.0
87,3254,3.5
87,3257,2.5
87,3263,3.0
87,3285,3.5
87,3328,4.0
87,3418,3.0
87,3438,2.5
87,3450,3.0
87,3471,3.0
87,3476,4.0
87,3489,2.5
87,3499,4.0
87,3524,3.0
87,3527,3.5
87,3535,3.5
87,3578,2.0
87,3623,3.0
87,3697,3.5
87,3698,3.5
87,3702,4.0
87,3703,3.5
87,3706,3.0
87,3717,2.5
87,3785,3.5
87,3809,3.5
87,3868,3.5
87,3869,2.0
87,3917,3.5
87,3918,3.5
87,3948,4.5
87,3949,4.5
87,3977,3.5
87,3993,3.5
87,3996,3.0
87,4002,4.0
87,4008,3.5
87,4011,4.0
87,4016,3.0
87,4018,3.5
87,4034,3.5
87,4102,4.5
87,4105,4.0
87,4148,3.5
87,4226,4.0
87,4235,4.0
87,4239,4.0
87,4280,3.0
87,4308,4.0
87,4370,3.5
87,4378,3.5
87,4467,4.0
87,4545,3.0
87,4679,3.0
87,4701,3.5
87,4718,3.5
87,4848,4.5
87,4886,3.5
87,4902,3.5
87,4954,3.5
87,4963,3.5
87,4973,4.5
87,4975,4.0
87,4979,4.5
87,4993,2.0
87,5071,4.0
87,5151,2.5
87,5218,3.0
87,5225,4.0
87,5292,3.0
87,5481,3.5
87,5608,4.0
87,5630,3.0
87,5669,3.5
87,5673,4.0
87,5679,4.0
87,5900,1.5
87,5902,4.0
87,5945,2.5
87,5952,2.0
87,5954,3.0
87,5995,4.0
87,6016,4.0
87,6193,3.5
87,6197,4.0
87,6287,4.0
87,6365,3.0
87,6377,2.5
87,6440,4.0
87,6502,3.5
87,6537,3.5
87,6565,3.0
87,6615,3.5
87,6708,3.5
87,6711,4.0
87,6763,3.5
87,6807,4.0
87,6874,5.0
87,6909,3.0
87,6934,3.0
87,7001,3.5
87,7046,3.5
87,7060,3.0
87,7153,2.0
87,7254,3.5
87,7318,3.0
87,7323,3.5
87,7360,4.0
87,7361,3.5
87,7373,3.5
87,7438,3.5
87,8270,4.0
87,8360,3.5
87,8373,3.0
87,8636,2.5
87,8644,3.5
87,8861,3.5
87,8950,4.5
87,8961,2.5
87,8966,3.5
87,8973,3.5
87,8974,3.0
87,27773,4.0
87,27839,3.0
87,30793,3.5
87,30825,3.0
87,31724,1.5
87,32587,3.5
87,33166,3.0
87,33794,3.0
87,34162,3.5
87,34437,3.5
88,1,4.0
88,6,5.0
88,21,3.0
88,25,4.0
88,34,4.0
88,48,4.0
88,70,3.0
88,95,2.0
88,110,1.0
88,165,3.0
88,176,4.0
88,199,4.0
88,214,4.0
88,232,5.0
88,239,3.0
88,260,5.0
88,266,3.0
88,306,5.0
88,307,5.0
88,349,4.0
88,356,2.0
88,364,4.0
88,366,4.0
88,373,5.0
88,377,4.0
88,380,4.0
88,457,5.0
88,480,5.0
88,485,4.0
88,494,4.0
88,507,3.0
88,533,2.0
88,551,5.0
88,586,2.0
88,588,4.0
88,589,5.0
88,592,4.0
88,594,4.0
88,595,5.0
88,596,3.0
88,648,4.0
88,653,3.0
88,661,4.0
88,720,5.0
88,733,5.0
88,736,3.0
88,741,5.0
88,745,5.0
88,748,5.0
88,783,4.0
88,786,4.0
88,800,5.0
88,858,5.0
88,914,4.0
88,919,5.0
88,1022,4.0
88,1023,5.0
88,1025,4.0
88,1028,5.0
88,1029,3.0
88,1030,4.0
88,1035,5.0
88,1036,5.0
88,1037,2.0
88,1057,4.0
88,1088,3.0
88,1093,4.0
88,1127,4.0
88,1148,5.0
88,1190,5.0
88,1196,4.0
88,1197,5.0
88,1198,5.0
88,1200,5.0
88,1210,5.0
88,1214,5.0
88,1216,4.0
88,1223,5.0
88,1233,5.0
88,1240,5.0
88,1242,4.0
88,1249,5.0
88,1250,5.0
88,1259,5.0
88,1265,5.0
88,1274,5.0
88,1277,3.0
88,1280,5.0
88,1282,4.0
88,1287,4.0
88,1291,4.0
88,1295,5.0
88,1304,4.0
88,1320,4.0
88,1370,4.0
88,1377,3.0
88,1387,5.0
88,1391,2.0
88,1416,4.0
88,1479,5.0
88,1480,3.0
88,1487,4.0
88,1518,2.0
88,1527,5.0
88,1544,3.0
88,1552,3.0
88,1566,5.0
88,1573,4.0
88,1580,4.0
88,1591,4.0
88,1610,4.0
88,1641,4.0
88,1673,3.0
88,1676,3.0
88,1687,1.0
88,1688,4.0
88,1690,4.0
88,1707,4.0
88,1752,3.0
88,1769,5.0
88,1831,1.0
88,1881,4.0
88,1882,3.0
88,1907,4.0
88,1912,3.0
88,1917,3.0
88,1918,2.0
88,1920,3.0
88,1947,5.0
88,1956,5.0
88,2000,4.0
88,2001,2.0
88,2028,2.0
88,2076,3.0
88,2078,4.0
88,2081,4.0
88,2084,4.0
88,2085,3.0
88,2087,3.0
88,2089,4.0
88,2090,3.0
88,2096,3.0
88,2115,3.0
88,2137,4.0
88,2139,4.0
88,2141,3.0
88,2142,2.0
88,2153,2.0
88,2160,4.0
88,2253,1.0
88,2291,4.0
88,2294,5.0
88,2353,3.0
88,2355,5.0
88,2394,4.0
88,2395,5.0
88,2396,5.0
88,2427,3.0
88,2571,5.0
88,2616,4.0
88,2617,3.0
88,2624,4.0
88,2640,4.0
88,2641,2.0
88,2686,4.0
88,2687,5.0
88,2692,5.0
88,2700,5.0
88,2701,1.0
88,2722,2.0
88,2746,5.0
88,2761,5.0
88,2791,4.0
88,2800,3.0
88,2802,4.0
88,2808,2.0
88,2858,5.0
88,2872,4.0
88,2912,4.0
88,2916,4.0
88,2929,5.0
88,2987,3.0
88,2989,4.0
88,2997,5.0
88,3000,5.0
88,3034,4.0
88,3082,4.0
88,3113,3.0
88,3114,5.0
88,3160,3.0
88,3185,3.0
88,3197,3.0
88,3213,4.0
88,3256,4.0
88,3274,3.0
88,3287,4.0
88,3404,5.0
88,3408,4.0
88,3418,5.0
88,3429,5.0
88,3457,4.0
88,3481,4.0
88,3483,4.0
88,3510,3.0
88,3515,4.0
88,3545,5.0
88,3578,4.0
88,3580,4.0
88,3594,3.0
88,3615,4.0
88,3623,4.0
88,3654,4.0
88,3698,4.0
88,3728,4.0
88,3745,5.0
88,3751,5.0
88,3753,2.0
88,3755,2.0
88,3793,5.0
88,3809,3.0
88,3821,1.0
88,3863,5.0
88,3893,2.0
88,3897,5.0
88,3911,4.0
88,3917,3.0
88,3949,4.0
88,3979,1.0
88,3990,4.0
88,4002,2.0
88,4008,4.0
89,2,3.0
89,6,3.0
89,10,3.0
89,16,4.0
89,18,3.0
89,21,3.0
89,32,3.0
89,39,2.0
89,47,3.0
89,50,4.0
89,58,5.0
89,104,3.0
89,132,2.0
89,150,3.0
89,157,3.0
89,165,2.0
89,172,2.0
89,175,4.0
89,188,2.0
89,208,1.0
89,231,3.0
89,237,3.0
89,246,4.0
89,253,2.0
89,259,2.0
89,288,3.0
89,293,3.0
89,296,4.0
89,300,3.0
89,315,3.0
89,318,3.0
89,325,2.0
89,329,3.0
89,337,3.0
89,344,3.0
89,350,3.0
89,353,2.0
89,356,4.0
89,377,3.0
89,413,3.0
89,420,2.0
89,431,3.0
89,434,3.0
89,454,3.0
89,457,3.0
89,475,3.0
89,527,5.0
89,529,3.0
89,553,3.0
89,555,3.0
89,586,3.0
89,587,3.0
89,589,2.0
89,592,3.0
89,593,4.0
89,594,4.0
89,595,3.0
89,596,4.0
89,597,3.0
89,648,3.0
89,780,3.0
90,62,2.0
90,150,4.0
90,223,3.0
90,260,3.0
90,296,2.0
90,318,3.0
90,356,4.0
90,480,3.0
90,486,3.0
90,508,2.0
90,529,2.0
90,541,2.0
90,553,4.0
90,590,3.0
90,595,4.0
90,608,2.0
90,733,4.0
90,858,3.0
90,875,2.0
90,919,4.0
90,1012,3.0
90,1036,2.0
90,1080,1.0
90,1089,3.0
90,1090,2.0
90,1193,2.0
90,1196,3.0
90,1197,4.0
90,1198,4.0
90,1201,1.0
90,1207,4.0
90,1210,2.0
90,1213,4.0
90,1214,2.0
90,1219,2.0
90,1225,3.0
90,1234,4.0
90,1240,2.0
90,1246,4.0
90,1265,2.0
90,1291,3.0
90,1304,1.0
90,1307,2.0
90,1387,2.0
90,1663,3.0
90,1954,2.0
90,1961,3.0
90,1968,5.0
90,2028,2.0
90,2078,3.0
90,2080,3.0
90,2134,2.0
90,2144,5.0
90,2146,5.0
90,2194,3.0
90,2398,2.0
90,2443,4.0
90,2596,2.0
90,2649,3.0
90,2716,4.0
90,2761,1.0
90,2797,4.0
90,2944,3.0
90,2947,3.0
90,2975,2.0
90,2987,3.0
90,3210,3.0
90,3255,5.0
90,3363,4.0
90,3536,4.0
90,3753,4.0
90,3861,2.0
90,4052,4.0
90,4084,2.0
90,5060,1.0
91,34,3.0
91,50,2.0
91,111,4.0
91,162,4.0
91,199,4.0
91,260,4.0
91,293,4.0
91,296,3.0
91,541,4.0
91,549,1.0
91,608,5.0
91,702,5.0
91,750,5.0
91,800,3.0
91,838,1.0
91,858,5.0
91,903,3.0
91,912,3.0
91,920,4.0
91,923,4.0
91,924,5.0
91,969,5.0
91,1089,3.0
91,1120,4.0
91,1123,3.0
91,1125,4.0
91,1172,2.0
91,1183,3.0
91,1193,3.0
91,1196,5.0
91,1197,4.0
91,1198,4.0
91,1199,4.0
91,1200,4.0
91,1201,4.0
91,1213,4.0
91,1214,4.0
91,1218,5.0
91,1221,5.0
91,1225,4.0
91,1228,5.0
91,1230,4.0
91,1231,5.0
91,1235,4.0
91,1236,5.0
91,1240,2.0
91,1249,5.0
91,1267,4.0
91,1269,4.0
91,1273,2.0
91,1280,2.0
91,1303,4.0
91,1408,3.0
91,1617,4.0
91,1639,4.0
91,1704,2.0
91,1721,3.0
91,1897,2.0
91,1913,4.0
91,1916,5.0
91,1954,3.0
91,1957,4.0
91,1964,3.0
91,2019,5.0
91,2065,3.0
91,2070,2.0
91,2150,4.0
91,2243,4.0
91,2248,1.0
91,2312,3.0
91,2528,4.0
91,2599,3.0
91,2657,4.0
91,2702,3.0
91,2712,3.0
91,2723,2.0
91,2724,1.0
91,2771,1.0
91,2797,2.0
91,2828,1.0
91,2857,4.0
91,2858,4.0
91,2861,1.0
92,6,5.0
92,293,5.0
92,356,5.0
92,1124,3.5
92,1240,4.0
92,1249,5.0
92,1307,4.0
92,1393,4.0
92,1704,5.0
92,1784,5.0
92,2571,5.0
92,3252,5.0
92,4226,3.5
92,4447,4.0
92,4993,0.5
92,5418,5.0
92,6155,4.0
92,6378,4.5
92,7149,3.5
92,7445,4.0
92,8798,5.0
92,8961,1.0
92,31685,5.0
92,33679,5.0
92,45732,4.0
92,48516,4.0
92,49278,5.0
92,49530,4.0
92,54001,1.0
92,54286,5.0
92,55276,5.0
92,55820,5.0
92,58025,5.0
92,58103,4.0
92,59369,5.0
92,60074,4.0
92,72011,5.0
92,79132,5.0
92,79185,4.0
92,79293,4.0
92,80219,5.0
92,81229,4.0
92,81784,4.0
92,81847,1.0
92,83613,5.0
92,84954,5.0
92,86190,5.0
92,86882,5.0
92,89470,5.0
92,91077,3.0
92,91535,4.5
92,91658,4.5
92,92507,5.0
92,94018,3.0
92,96588,4.0
92,96610,4.5
92,97921,5.0
92,99112,5.0
92,101864,3.5
92,106920,4.5
92,111759,5.0
92,134130,4.5
92,139644,5.0
92,140110,5.0
92,162606,5.0
92,164179,4.5
92,176751,4.0
92,189331,4.0
92,189333,4.0
92,202934,3.5
92,207313,3.5
92,210271,3.5
92,212587,4.0
92,214776,2.5
93,1,4.0
93,6,3.0
93,21,3.0
93,32,3.0
93,50,4.0
93,58,4.0
93,260,2.0
93,296,5.0
93,307,4.0
93,342,4.0
93,350,4.0
93,364,4.0
93,377,5.0
93,426,4.0
93,431,4.0
93,442,2.0
93,480,4.0
93,508,4.0
93,529,5.0
93,541,2.0
93,588,4.0
93,589,4.0
93,592,3.0
93,593,4.0
93,595,4.0
93,608,5.0
93,648,3.0
93,670,5.0
93,671,4.0
93,695,3.0
93,745,4.0
93,750,3.0
93,858,5.0
93,866,4.0
93,899,4.0
93,904,4.0
93,905,4.0
93,908,3.0
93,910,5.0
93,912,3.0
93,913,4.0
93,914,4.0
93,923,4.0
93,924,5.0
93,945,4.0
93,953,5.0
93,1018,4.0
93,1028,3.0
93,1035,3.0
93,1036,3.0
93,1079,5.0
93,1080,4.0
93,1086,5.0
93,1089,5.0
93,1092,2.0
93,1095,4.0
93,1097,5.0
93,1127,3.0
93,1136,4.0
93,1148,4.0
93,1172,4.0
93,1196,2.0
93,1198,4.0
93,1199,3.0
93,1200,4.0
93,1201,3.0
93,1203,5.0
93,1206,4.0
93,1210,1.0
93,1212,4.0
93,1213,4.0
93,1214,3.0
93,1219,4.0
93,1221,5.0
93,1222,4.0
93,1223,4.0
93,1228,4.0
93,1230,5.0
93,1233,4.0
93,1234,5.0
93,1240,3.0
93,1244,5.0
93,1247,2.0
93,1251,5.0
93,1252,4.0
93,1260,4.0
93,1265,5.0
93,1275,1.0
93,1284,3.0
93,1287,3.0
93,1288,4.0
93,1291,3.0
93,1293,4.0
93,1298,5.0
93,1302,4.0
93,1304,4.0
93,1320,3.0
93,1387,3.0
93,1396,4.0
93,1459,1.0
93,1466,4.0
93,1617,3.0
93,1682,3.0
93,1711,3.0
93,1719,4.0
93,1729,3.0
93,1784,3.0
93,1805,3.0
93,1892,3.0
93,1913,5.0
93,1945,4.0
93,1947,2.0
93,1952,3.0
93,1953,1.0
93,1963,4.0
93,1994,2.0
93,1997,5.0
93,2000,3.0
93,2003,3.0
93,2028,4.0
93,2054,3.0
93,2065,3.0
93,2081,4.0
93,2160,5.0
93,2194,4.0
93,2268,4.0
93,2289,3.0
93,2300,1.0
93,2324,3.0
93,2338,1.0
93,2355,4.0
93,2359,4.0
93,2396,4.0
93,2427,4.0
93,2455,2.0
93,2529,3.0
93,2571,4.0
93,2640,1.0
93,2686,4.0
93,2692,5.0
93,2699,2.0
93,2716,3.0
93,2788,4.0
93,2791,4.0
93,2949,2.0
93,2971,4.0
93,2985,1.0
93,2997,4.0
93,3019,4.0
93,3044,4.0
93,3072,3.0
93,3104,5.0
93,3114,5.0
93,3196,1.0
93,3198,2.0
93,3307,5.0
93,3362,4.0
93,3418,3.0
93,3435,2.0
93,3462,5.0
93,3471,3.0
93,3481,4.0
93,3545,4.0
93,3559,4.0
93,3629,5.0
93,3698,1.0
93,3702,3.0
93,3735,3.0
93,3801,4.0
93,3814,4.0
93,4039,4.0
93,4085,3.0
93,4121,2.0
93,5060,3.0
93,6918,4.0
94,39,3.5
94,92,4.5
94,107,4.0
94,111,3.0
94,162,4.0
94,223,4.0
94,235,4.0
94,293,2.0
94,356,2.5
94,410,4.0
94,562,5.0
94,608,5.0
94,708,4.0
94,714,4.5
94,724,3.0
94,750,4.5
94,788,0.5
94,802,1.5
94,830,3.0
94,837,4.0
94,838,4.0
94,899,5.0
94,905,5.0
94,909,5.0
94,913,5.0
94,916,3.5
94,928,5.0
94,947,5.0
94,951,5.0
94,955,5.0
94,1061,3.0
94,1089,4.0
94,1183,3.5
94,1197,4.0
94,1201,3.5
94,1202,4.5
94,1206,3.0
94,1207,3.5
94,1212,5.0
94,1235,5.0
94,1243,5.0
94,1245,4.0
94,1248,4.0
94,1260,5.0
94,1269,4.0
94,1270,4.0
94,1279,4.0
94,1284,5.0
94,1354,4.0
94,1356,3.5
94,1361,3.5
94,1391,3.5
94,1393,2.0
94,1407,3.5
94,1441,4.0
94,1449,4.5
94,1485,3.0
94,1513,3.0
94,1542,4.0
94,1562,3.5
94,1566,3.0
94,1573,3.5
94,1590,3.5
94,1614,3.5
94,1639,3.0
94,1643,3.5
94,1653,3.5
94,1676,3.5
94,1729,3.5
94,1732,5.0
94,1784,3.5
94,1801,2.5
94,1894,3.0
94,1907,4.0
94,1909,3.0
94,1916,4.0
94,1917,1.0
94,1921,3.5
94,1966,4.0
94,2066,5.0
94,2076,4.0
94,2124,4.0
94,2167,4.0
94,2203,5.0
94,2208,5.0
94,2232,3.5
94,2273,2.5
94,2282,3.5
94,2315,4.0
94,2318,3.5
94,2328,3.5
94,2333,4.0
94,2340,2.0
94,2391,3.0
94,2395,3.5
94,2396,3.0
94,2413,5.0
94,2424,2.0
94,2428,3.0
94,2431,2.0
94,2542,4.5
94,2560,4.5
94,2599,4.0
94,2605,2.5
94,2617,4.0
94,2657,5.0
94,2690,3.5
94,2692,3.5
94,2710,4.0
94,2712,3.5
94,2718,4.0
94,2723,4.0
94,2724,3.0
94,2729,2.0
94,2810,4.0
94,2843,5.0
94,2908,3.5
94,2959,3.0
94,2966,5.0
94,2997,4.0
94,3052,3.0
94,3079,3.5
94,3081,4.0
94,3097,5.0
94,3148,3.5
94,3160,5.0
94,3174,4.0
94,3176,3.5
94,3328,4.0
94,3435,5.0
94,3481,3.5
94,3535,4.0
94,3556,3.5
94,3801,5.0
94,4011,3.5
94,4144,4.5
94,4432,5.0
94,4546,4.0
94,4641,5.0
94,4642,3.5
94,4833,4.5
94,4878,5.0
94,4979,4.0
94,5225,4.0
94,5617,5.0
94,5669,3.0
94,5673,5.0
94,5902,4.0
94,6273,5.0
94,6440,4.0
94,6502,4.0
94,6874,2.5
94,7013,5.0
94,7116,5.0
94,7147,3.5
94,7361,4.0
94,7460,4.0
94,7834,4.0
94,8264,5.0
94,27773,2.5
94,30793,3.0
94,30810,5.0
94,33004,3.5
94,33493,2.0
94,33615,3.0
94,33794,2.0
94,33880,4.5
94,34405,3.0
94,34437,3.5
94,35836,2.5
94,37729,3.5
94,38038,4.0
94,38061,5.0
94,39183,3.5
94,39446,1.0
94,40732,4.5
94,41285,2.0
94,41566,2.5
94,42723,1.0
94,43679,2.5
94,44195,3.0
94,44199,3.5
94,44761,4.0
94,45447,1.0
94,45728,3.5
94,46062,1.5
94,46972,2.0
94,46976,3.5
94,48082,3.0
94,48385,2.0
94,48738,3.5
94,49274,2.0
94,49286,3.0
94,51255,4.5
94,51834,3.5
94,51927,3.0
94,53953,2.5
94,54001,3.0
94,55052,3.0
94,55820,3.5
94,56145,3.5
94,56152,3.0
94,56367,3.0
94,56757,3.5
94,56782,2.5
94,57274,4.0
94,57640,3.0
94,57669,4.5
94,58998,2.0
94,59369,1.5
94,60069,2.0
94,60397,3.5
94,61132,2.0
94,61240,5.0
94,61323,3.0
94,63826,4.0
94,64034,1.0
94,64716,2.5
94,64969,3.0
94,66934,3.5
94,68073,3.5
94,71500,4.0
94,73017,4.0
94,86882,2.5
94,87234,5.0
94,92309,4.5
94,94959,3.5
94,97306,4.0
94,98809,2.5
94,103315,3.5
94,118880,4.0
94,128838,4.5
94,130684,3.5
94,142598,3.5
94,152970,3.5
94,156605,3.5
94,159415,3.5
94,165603,3.5
94,177593,4.0
94,198185,5.0
94,200306,4.0
94,200938,3.5
94,201340,4.0
94,212373,4.0
94,221244,4.0
94,271917,4.0
95,1,4.5
95,22,3.0
95,50,4.0
95,150,4.0
95,158,3.0
95,186,3.0
95,231,0.5
95,236,3.5
95,296,2.5
95,318,4.0
95,342,3.5
95,344,1.5
95,356,5.0
95,377,4.0
95,380,1.0
95,457,3.0
95,480,3.0
95,500,4.0
95,520,1.0
95,527,3.0
95,588,3.0
95,589,1.0
95,590,2.0
95,592,3.0
95,593,3.0
95,597,4.5
95,608,4.0
95,648,1.0
95,736,3.5
95,780,2.5
95,1552,3.0
95,1777,4.0
95,2081,4.0
95,2302,3.5
95,2321,4.0
95,3448,3.0
95,3753,2.5
95,4995,5.0
95,6377,4.5
96,3,4.0
96,5,4.0
96,6,4.0
96,7,4.0
96,9,5.0
96,10,4.0
96,11,5.0
96,16,4.0
96,19,4.0
96,23,5.0
96,31,4.0
96,32,3.0
96,34,3.0
96,39,5.0
96,45,5.0
96,47,3.0
96,79,1.0
96,95,5.0
96,122,4.0
96,132,4.0
96,135,4.0
96,150,5.0
96,153,3.0
96,160,3.0
96,161,4.0
96,163,5.0
96,165,5.0
96,168,4.0
96,173,3.0
96,179,5.0
96,185,4.0
96,186,4.0
96,193,5.0
96,204,4.0
96,207,5.0
96,208,4.0
96,225,4.0
96,227,4.0
96,231,5.0
96,236,4.0
96,237,4.0
96,248,4.0
96,249,3.0
96,252,4.0
96,253,3.0
96,256,4.0
96,257,4.0
96,260,4.0
96,266,3.0
96,276,4.0
96,280,4.0
96,282,4.0
96,292,4.0
96,296,5.0
96,303,3.0
96,305,4.0
96,315,5.0
96,318,3.0
96,327,3.0
96,329,4.0
96,339,5.0
96,344,4.0
96,345,2.0
96,349,5.0
96,350,4.0
96,356,4.0
96,357,4.0
96,364,3.0
96,367,4.0
96,368,4.0
96,370,5.0
96,374,4.0
96,377,5.0
96,378,5.0
96,380,5.0
96,381,4.0
96,413,4.0
96,415,3.0
96,420,4.0
96,434,5.0
96,445,5.0
96,454,4.0
96,457,5.0
96,464,4.0
96,466,5.0
96,474,5.0
96,480,5.0
96,485,4.0
96,489,4.0
96,494,5.0
96,500,4.0
96,508,4.0
96,519,3.0
96,520,5.0
96,527,4.0
96,532,3.0
96,539,5.0
96,540,5.0
96,542,4.0
96,548,5.0
96,550,4.0
96,552,4.0
96,586,5.0
96,587,5.0
96,588,4.0
96,589,5.0
96,590,4.0
96,592,4.0
96,593,5.0
96,595,3.0
96,597,5.0
96,648,4.0
96,719,5.0
96,733,5.0
96,736,3.0
96,761,4.0
96,762,5.0
96,780,5.0
96,786,5.0
96,802,4.0
97,17,4.0
97,150,3.5
97,207,3.5
97,208,3.0
97,231,3.0
97,356,5.0
97,364,5.0
97,380,5.0
97,480,5.0
97,548,4.0
97,590,5.0
97,593,5.0
97,858,5.0
97,1247,4.5
97,1281,3.5
97,1527,2.0
97,1713,5.0
97,1801,4.0
97,2167,2.5
97,2273,3.5
97,2355,4.0
97,2367,3.0
97,2687,5.0
97,2858,4.0
97,3155,3.0
97,3751,3.5
97,3753,4.0
97,3999,4.0
97,4007,5.0
97,4270,4.0
97,4306,4.5
97,4387,3.5
97,4444,4.0
97,4699,3.5
97,4759,3.0
97,4776,4.0
97,5218,4.0
97,5445,4.0
97,5872,3.5
97,6539,4.5
97,6566,3.0
97,6874,2.5
97,7164,4.0
97,8879,3.5
97,8912,3.5
97,26694,4.0
97,45499,4.0
98,2,3.0
98,593,5.0
98,904,4.0
98,908,4.0
98,920,4.0
98,1097,4.0
98,1193,5.0
98,1911,3.0
98,2120,4.0
98,2355,4.0
98,2496,3.0
98,2599,4.0
98,2683,4.0
98,2699,2.0
98,2706,4.0
98,2707,4.0
98,2770,1.0
98,2771,3.0
98,2858,5.0
98,2881,3.0
98,2908,4.0
98,2997,3.0
98,3408,4.0
98,3977,4.0
98,4022,4.0
98,4886,4.0
98,5810,4.0
98,5816,4.0
98,5952,5.0
99,50,4.0
99,111,4.0
99,293,4.0
99,296,3.5
99,318,4.0
99,541,4.5
99,593,4.5
99,608,4.0
99,750,5.0
99,899,4.5
99,1089,4.0
99,1136,4.5
99,1193,4.5
99,1203,5.0
99,1208,4.0
99,1233,4.5
99,1259,4.0
99,1278,5.0
99,2502,4.0
99,2571,4.0
99,2858,3.5
99,2959,4.0
99,6787,4.5
99,60069,5.0
99,79132,3.0
100,1,5.0
100,2,4.0
100,5,3.0
100,31,3.5
100,34,2.0
100,47,5.0
100,50,4.5
100,104,3.5
100,150,3.0
100,165,3.5
100,260,4.0
100,293,4.5
100,296,4.0
100,318,4.0
100,356,3.0
100,357,5.0
100,364,3.5
100,377,3.5
100,480,3.0
100,500,5.0
100,508,4.0
100,509,3.0
100,527,5.0
100,586,3.0
100,587,5.0
100,589,5.0
100,593,5.0
100,595,3.0
100,608,2.5
100,778,3.5
100,953,3.5
100,1036,4.0
100,1073,3.5
100,1079,3.0
100,1080,5.0
100,1090,3.5
100,1097,4.0
100,1101,4.0
100,1127,2.0
100,1136,5.0
100,1148,4.0
100,1183,2.5
100,1196,5.0
100,1198,2.0
100,1210,5.0
100,1214,4.0
100,1222,3.0
100,1240,4.0
100,1246,4.0
100,1265,4.0
100,1270,3.5
100,1288,3.5
100,1291,2.0
100,1356,2.0
100,1370,4.0
100,1380,4.5
100,1387,4.0
100,1580,2.0
100,1617,3.5
100,1641,4.0
100,1682,4.0
100,1721,3.0
100,1909,3.0
100,1961,3.5
100,2011,3.5
100,2028,3.0
100,2054,3.0
100,2087,3.0
100,2109,4.5
100,2115,4.0
100,2174,4.0
100,2268,3.0
100,2291,3.0
100,2355,4.0
100,2403,2.0
100,2529,2.0
100,2617,2.5
100,2628,4.0
100,2640,4.0
100,2671,3.5
100,2710,4.0
100,2712,3.5
100,2716,3.0
100,2762,5.0
100,2791,4.0
100,2795,2.0
100,2797,2.0
100,2858,4.0
100,2959,4.5
100,3039,3.0
100,3114,5.0
100,3147,5.0
100,3471,4.0
100,3552,4.0
100,3578,2.0
100,3702,2.0
100,3751,3.0
100,3948,4.0
100,3967,3.0
100,3996,2.0
100,4002,5.0
100,4022,4.0
100,4226,4.5
100,4246,3.0
100,4270,2.5
100,4306,4.0
100,4848,5.0
100,4878,4.0
100,4886,5.0
100,4896,5.0
100,4963,3.0
100,4975,3.0
100,4993,4.0
100,4995,5.0
100,5218,3.5
100,5266,4.5
100,5377,3.0
100,5378,3.5
100,5502,3.0
100,5630,4.0
100,5816,4.0
100,5952,4.0
100,5989,3.0
100,5995,2.5
100,6365,3.5
100,6373,3.0
100,6377,4.5
100,6539,3.0
100,6936,5.0
100,6942,4.0
100,7143,2.0
100,7153,4.0
100,7361,3.0
100,7438,2.0
100,8360,4.0
100,8368,5.0
100,8533,1.0
100,8874,3.5
100,8961,2.5
100,30793,3.0
100,30812,2.0
100,30825,4.0
100,33493,3.5
100,33660,2.0
100,34162,2.0
100,40815,4.0
100,41566,3.0
100,45431,3.0
100,45447,3.0
100,45720,3.0
100,45722,3.0
100,48394,5.0
100,48780,5.0
100,48877,3.0
100,49274,1.0
100,49286,3.5
100,50872,3.0
100,51255,4.0
100,53121,3.0
100,53123,4.0
100,54001,4.0
100,55820,5.0
100,56367,3.5
100,56757,3.0
100,58559,2.0
100,59315,3.0
100,59784,2.0
100,60069,1.5
100,60074,3.0
100,60397,4.0
100,63082,4.0
100,64622,2.0
100,65230,3.0
100,67255,4.0
100,68157,4.5
100,68237,3.5
100,68358,2.0
100,68554,4.0
100,68954,2.0
100,69122,4.5
100,69481,3.5
100,69644,3.5
100,69784,3.0
100,69844,5.0
100,70286,4.5
100,72998,2.5
100,74458,5.0
100,77866,4.0
100,78088,5.0
100,78499,3.0
100,79132,2.0
100,80463,4.0
100,81229,4.0
100,81591,3.0
100,81834,4.0
100,81845,3.0
100,82852,4.0
100,84152,4.0
100,86190,4.0
100,86880,2.5
100,88125,4.0
100,91500,2.0
100,91535,3.0
100,91542,3.0
100,95167,2.0
100,97923,4.0
100,98809,4.0
100,99114,5.0
100,102903,3.0
100,104913,4.0
100,105197,4.0
100,105504,4.0
100,106489,4.0
100,106696,2.0
100,106782,3.0
100,109374,4.0
100,109487,4.0
100,111360,3.0
100,112552,3.5
100,112556,4.0
100,112623,2.0
100,114662,4.0
100,115713,4.0
100,116797,4.0
100,118696,4.0
100,119145,5.0
100,122886,3.0
100,134130,3.0
100,135143,3.0
100,137857,2.0
100,140956,4.0
100,152077,4.0
100,152079,2.5
100,158238,4.0
100,159093,3.0
100,160980,4.5
100,162600,3.0
100,162602,3.5
100,164179,4.0
100,166528,4.0
100,168250,4.0
100,168252,3.0
100,168366,2.5
100,175303,4.0
100,179401,4.0
100,179819,4.0
100,180985,3.0
100,222477,1.0
100,225173,4.0
101,616,3.5
101,1566,3.5
101,1688,4.0
101,1907,4.0
101,2089,3.5
101,2090,3.5
101,2394,3.0
101,2687,3.5
101,4306,4.5
101,4366,4.0
101,4886,3.5
101,5389,3.5
101,31687,3.5
101,32031,3.5
101,45431,3.0
101,45517,4.0
101,49274,3.5
101,50872,4.0
101,53121,4.0
101,59784,4.0
101,60069,4.0
101,62999,3.0
101,63859,3.5
101,67408,3.5
101,71264,3.5
101,72209,4.0
101,76093,5.0
101,78637,3.0
101,79091,3.5
101,81564,3.5
101,81847,3.5
101,86298,3.5
101,87222,3.5
101,87876,3.5
101,90647,4.0
101,93272,3.0
101,95105,3.5
101,95167,4.0
101,97913,4.0
101,98243,4.0
101,101142,3.5
101,102720,3.5
101,103335,3.5
101,103755,4.0
101,105468,3.5
101,106696,4.0
101,108932,4.5
101,109846,3.5
101,110655,3.5
101,112175,4.0
101,115617,5.0
101,116217,5.0
101,130075,3.5
101,130520,3.5
101,131248,3.5
101,132630,4.0
101,133127,3.5
101,133133,4.0
101,133139,3.5
101,133149,3.5
101,133151,3.5
101,133165,3.5
101,133167,2.5
101,134853,3.5
101,135436,3.5
101,135887,3.5
101,136016,3.5
101,149406,3.0
101,152081,4.5
101,157296,4.5
101,164200,3.5
101,165141,4.0
101,166461,3.5
101,167036,4.0
101,168418,3.5
101,170957,3.5
101,172547,3.5
101,177765,4.0
101,187541,3.5
101,188307,4.0
101,191479,3.5
101,193243,3.0
101,194016,3.5
101,196369,4.0
101,196891,3.5
101,200824,3.5
101,206714,4.5
101,206959,4.0
101,210641,3.0
101,213207,3.0
101,224983,3.5
101,237227,3.0
101,247988,4.5
102,6,4.0
102,11,4.0
102,21,4.0
102,36,3.0
102,70,1.0
102,89,3.0
102,110,5.0
102,175,2.0
102,345,3.0
102,377,3.0
102,380,3.0
102,457,3.0
102,527,4.0
102,589,3.0
102,593,3.0
102,608,3.0
102,912,5.0
102,924,3.0
102,974,3.0
102,1207,5.0
102,1208,4.0
102,1210,3.0
102,1213,4.0
102,1221,5.0
102,1225,4.0
102,1247,4.0
102,1276,4.0
102,1357,4.0
102,1358,3.0
102,1610,3.0
102,1627,2.0
102,1676,2.0
102,1693,2.0
102,1721,2.0
102,1801,3.0
102,1873,4.0
102,2023,4.0
102,2028,3.0
102,2248,5.0
102,2329,4.0
102,2501,3.0
102,2571,4.0
102,2617,2.0
102,2628,4.0
102,2699,1.0
102,2858,4.0
102,2916,4.0
103,1,4.0
103,6,4.0
103,10,3.5
103,16,4.5
103,32,4.0
103,50,4.5
103,101,4.5
103,110,3.0
103,111,4.0
103,231,3.5
103,260,5.0
103,273,1.0
103,296,4.0
103,318,4.0
103,344,3.5
103,356,4.0
103,364,3.5
103,457,3.5
103,471,4.5
103,480,3.5
103,586,3.0
103,589,3.5
103,608,4.0
103,858,5.0
103,898,4.5
103,903,4.0
103,908,4.0
103,910,4.0
103,912,5.0
103,913,4.0
103,919,4.5
103,923,4.0
103,953,5.0
103,954,3.5
103,1073,3.0
103,1078,4.0
103,1089,4.0
103,1093,3.5
103,1125,3.5
103,1136,4.0
103,1193,5.0
103,1196,4.5
103,1197,4.0
103,1198,4.0
103,1203,3.5
103,1207,4.0
103,1210,4.5
103,1213,4.5
103,1221,4.5
103,1228,4.5
103,1235,4.0
103,1247,4.0
103,1262,4.5
103,1265,5.0
103,1269,4.0
103,1270,3.5
103,1276,4.0
103,1284,3.5
103,1288,3.5
103,1291,4.0
103,1394,4.5
103,1449,4.0
103,1517,3.0
103,1580,3.0
103,1584,4.0
103,1678,0.5
103,1682,5.0
103,1704,4.5
103,1722,3.0
103,1732,4.0
103,1777,3.0
103,1917,3.0
103,1945,4.0
103,1954,5.0
103,1963,4.0
103,1968,3.5
103,1974,3.0
103,2194,4.5
103,2208,4.5
103,2291,4.0
103,2329,3.0
103,2355,3.0
103,2366,4.5
103,2376,3.0
103,2395,4.5
103,2409,4.0
103,2410,4.0
103,2411,4.0
103,2412,3.5
103,2542,4.5
103,2571,4.5
103,2610,3.5
103,2628,2.5
103,2706,1.5
103,2762,3.5
103,2791,4.5
103,2857,3.5
103,2858,4.0
103,2947,4.0
103,2948,3.5
103,2959,4.0
103,2968,3.0
103,2997,4.5
103,3082,3.0
103,3481,4.0
103,3578,3.5
103,3638,3.5
103,3639,4.0
103,3671,4.0
103,3683,4.0
103,3897,4.0
103,3948,3.5
103,3949,4.5
103,4011,4.5
103,4027,5.0
103,4226,4.5
103,4262,4.0
103,4306,3.0
103,4623,3.5
103,4848,4.0
103,4878,5.0
103,4896,3.5
103,4963,4.5
103,4975,4.0
103,4979,4.5
103,4993,5.0
103,4995,3.5
103,5299,3.5
103,5378,2.5
103,5385,4.0
103,5418,3.0
103,5464,4.0
103,5673,4.0
103,5816,3.5
103,5902,4.0
103,5952,5.0
103,5956,3.5
103,5989,4.0
103,6003,4.0
103,6016,4.0
103,6188,4.0
103,6323,3.5
103,6365,3.0
103,6440,4.5
103,6539,3.5
103,6711,5.0
103,6873,4.0
103,6874,2.0
103,6934,2.5
103,7147,4.0
103,7153,5.0
103,7173,4.0
103,7318,4.5
103,7325,3.5
103,7361,5.0
103,7367,4.5
103,8361,3.5
103,8368,2.5
103,8528,3.5
103,8641,5.0
103,8644,3.5
103,8665,3.0
103,8784,3.5
103,8914,5.0
103,8961,3.5
103,8972,3.0
103,8984,3.5
103,26554,4.0
103,27373,3.0
103,30810,4.5
103,30825,3.5
103,32587,2.5
103,33493,3.0
103,33794,3.0
103,34162,3.0
103,34437,4.0
103,37741,4.5
103,38304,3.0
103,40815,2.5
103,45880,3.5
103,46578,4.5
103,46976,4.5
103,48394,4.0
103,48516,4.0
103,48774,4.0
103,48780,4.0
103,49272,3.0
103,53322,3.5
103,54001,2.5
103,54190,4.0
103,54286,3.5
103,55052,4.0
103,55247,4.5
103,55269,4.5
103,55276,4.0
103,55765,3.0
103,55820,4.0
103,55872,3.5
103,56367,3.5
103,56782,3.0
103,57669,4.5
103,58559,4.5
103,59387,4.5
103,59615,2.5
103,60069,3.5
103,60074,3.0
103,61323,5.0
103,61697,4.0
103,62511,4.5
103,63062,4.5
103,63082,3.5
103,64614,5.0
103,66665,4.0
103,68157,3.5
103,68237,4.0
103,68358,4.5
103,68954,4.0
103,69122,4.5
103,69757,3.5
103,69844,2.5
103,70565,3.0
103,71156,4.5
103,71464,4.5
103,71520,3.0
103,72011,4.0
103,72226,4.0
103,73017,4.0
103,74458,4.0
103,74916,3.5
103,78499,3.5
103,79091,4.0
103,79132,4.5
104,50,2.0
104,111,3.0
104,296,4.0
104,306,3.5
104,307,3.5
104,413,1.0
104,562,3.0
104,780,2.0
104,838,3.5
104,858,3.0
104,912,4.0
104,933,4.0
104,1093,3.0
104,1186,1.5
104,1193,4.0
104,1196,5.0
104,1213,5.0
104,1235,4.0
104,1296,4.5
104,1449,3.0
104,1500,3.0
104,1580,1.0
104,1617,3.0
104,1721,2.0
104,1947,3.0
104,1962,1.5
104,1967,3.5
104,2478,0.5
104,2628,1.5
104,2724,0.5
104,2762,2.5
104,2871,1.5
104,2997,5.0
104,3435,3.5
104,4226,3.0
104,4963,4.0
104,4973,3.0
104,6466,2.0
104,7116,3.0
104,7361,3.0
104,8874,3.0
104,26729,1.5
104,34405,5.0
104,66934,4.0
104,67255,5.0
104,77328,3.5
104,77330,3.5
104,77359,3.5
105,223,5.0
105,233,3.0
105,260,3.0
105,785,4.0
105,908,4.0
105,1093,3.0
105,1127,3.0
105,1193,5.0
105,1221,5.0
105,2013,3.0
105,2023,4.0
105,2318,5.0
105,2502,4.0
105,2541,1.0
105,2580,5.0
105,2600,4.0
105,2628,3.0
105,2683,4.0
105,2686,4.0
105,2692,5.0
105,2706,5.0
105,2710,5.0
105,2762,5.0
105,2858,5.0
105,2901,5.0
105,2908,5.0
105,2959,4.0
105,2997,4.0
105,3039,4.0
105,3081,3.0
105,3160,4.0
105,3175,1.0
105,3176,3.0
105,3384,5.0
105,3679,5.0
105,3702,5.0
105,3745,1.0
105,4034,3.0
105,4148,4.0
105,4226,5.0
105,4803,5.0
105,4811,5.0
105,4833,5.0
105,4837,3.0
105,4855,5.0
105,4893,5.0
106,1,2.5
106,10,3.5
106,260,5.0
106,318,4.0
106,356,4.0
106,780,3.0
106,1036,4.0
106,1136,5.0
106,1196,4.5
106,1210,4.5
106,1580,3.0
106,1704,4.5
106,1721,2.5
106,2028,4.0
106,2291,3.0
106,2355,3.5
106,2628,2.5
106,3052,4.5
106,3578,4.5
106,3751,5.0
106,4344,4.0
106,4700,3.0
106,4878,2.5
106,4896,5.0
106,4963,3.5
106,4993,5.0
106,4995,3.0
106,5218,5.0
106,5378,2.0
106,5418,4.0
106,5810,3.5
106,5816,5.0
106,5952,5.0
106,6373,3.0
106,6539,4.5
106,6936,1.0
106,7143,4.5
106,7153,4.5
106,8368,5.0
106,8464,3.0
106,8644,4.0
106,8874,5.0
106,8961,5.0
106,30825,1.0
106,33004,5.0
106,33493,3.5
106,33615,4.0
106,35836,1.5
106,39446,0.5
106,40278,5.0
106,40815,5.0
106,45722,3.5
106,50872,5.0
106,51662,3.0
106,57640,3.0
106,58025,3.0
106,58559,4.0
106,59315,3.0
106,61132,4.0
106,63113,3.0
106,63992,0.5
106,64969,1.0
106,68157,3.0
106,68319,3.0
106,68358,4.5
106,68954,5.0
106,69122,1.0
106,69481,4.5
106,70286,5.0
106,72226,4.0
106,72641,4.5
106,72998,5.0
106,79132,4.0
106,81229,4.0
106,81562,4.0
106,81847,5.0
106,81932,4.5
106,82459,3.5
106,84954,4.0
106,86332,4.0
106,86880,2.5
106,88125,5.0
106,88129,4.0
106,88140,3.0
106,88744,3.0
106,89745,4.0
106,91542,3.5
106,93510,4.0
106,95167,4.0
106,97938,4.5
106,98809,4.5
106,102125,4.0
106,102445,4.0
106,102903,3.5
106,103228,2.0
106,103253,4.0
106,105504,4.0
106,105844,5.0
106,106072,3.0
106,106489,3.5
106,110102,4.0
106,111360,4.0
106,114662,4.0
106,116823,4.5
106,118696,3.0
106,119145,4.5
106,122892,3.5
106,122900,4.5
106,164179,5.0
106,166643,4.5
106,171763,4.5
107,1,3.5
107,2,4.0
107,32,3.5
107,34,4.0
107,48,3.5
107,110,3.0
107,145,4.0
107,165,3.5
107,260,3.5
107,356,4.5
107,364,3.0
107,367,3.0
107,480,3.5
107,541,3.0
107,552,3.0
107,586,4.0
107,588,3.5
107,589,3.0
107,592,3.5
107,594,4.0
107,595,3.0
107,597,3.0
107,648,3.5
107,780,3.0
107,786,3.0
107,858,4.0
107,920,3.0
107,1029,3.0
107,1097,3.0
107,1196,3.5
107,1201,4.0
107,1208,3.0
107,1210,4.0
107,1220,3.0
107,1240,3.5
107,1258,3.0
107,1270,3.0
107,1291,3.5
107,1333,2.5
107,1407,3.5
107,1527,3.0
107,1544,3.0
107,1580,4.0
107,1615,4.0
107,1717,3.0
107,1721,3.0
107,1907,3.0
107,1954,3.5
107,1991,2.5
107,1993,2.5
107,2006,4.0
107,2018,3.0
107,2028,3.5
107,2096,3.5
107,2167,3.0
107,2232,2.5
107,2294,2.5
107,2409,3.0
107,2410,4.0
107,2411,4.5
107,2412,3.5
107,2470,3.5
107,2571,3.5
107,2605,4.0
107,2628,3.0
107,2640,4.0
107,2683,3.0
107,2699,3.5
107,2700,3.5
107,2716,2.5
107,2761,3.0
107,2762,4.0
107,2903,2.5
107,3114,2.5
107,3147,3.0
107,3430,3.0
107,3431,3.5
107,3432,3.0
107,3433,1.5
107,3624,4.0
107,3646,3.0
107,3751,3.0
107,3752,3.0
107,3785,3.0
107,3793,3.0
107,3825,3.5
107,3945,1.5
107,3977,3.0
107,3979,3.5
107,4105,3.0
107,4265,3.0
107,4270,3.0
107,4306,4.0
107,4308,3.5
107,4366,2.5
107,4369,3.5
107,4388,2.5
107,4440,4.0
107,4441,4.0
107,4638,3.0
107,4643,2.5
107,4744,3.0
107,4816,3.0
107,4896,3.0
107,4963,3.0
107,4993,4.5
107,5218,4.0
107,5349,3.5
107,5378,4.0
107,5445,3.5
107,5502,4.0
107,5507,3.0
107,5618,4.0
107,5816,3.0
107,5952,4.0
107,5971,3.5
107,5989,4.0
107,6281,4.0
107,6287,3.0
107,6365,3.0
107,6373,4.0
107,6377,4.0
107,6378,3.0
107,6383,3.5
107,6482,3.0
107,6502,4.0
107,6539,4.0
107,6548,3.5
107,6564,3.0
107,6664,3.5
107,6686,4.0
107,6695,3.0
107,6754,3.5
107,6874,3.0
107,6888,2.5
107,6889,4.0
107,7153,4.0
107,7321,3.0
107,7360,4.0
107,8360,3.5
107,8368,3.0
107,8528,3.0
107,8529,4.0
107,8636,3.0
107,8644,3.0
107,8810,3.0
107,8874,4.0
107,8907,2.5
107,8957,3.5
107,8961,3.0
107,8972,4.0
107,8984,3.5
107,8985,3.5
107,26560,3.5
107,27152,3.5
107,27717,4.0
107,27865,3.5
107,30793,2.5
107,31658,4.0
107,31878,4.0
107,32213,1.5
107,32587,3.5
107,33158,2.5
107,33493,3.5
107,33615,4.0
107,33679,2.5
107,33794,3.5
107,38038,3.0
107,39231,3.5
107,39400,3.0
107,39446,3.0
107,42718,4.0
107,44022,3.5
107,44317,4.5
107,45672,3.5
107,45722,3.5
107,46335,3.5
107,46965,3.5
107,46972,3.5
107,47122,2.5
107,47200,4.0
107,48322,3.0
107,48385,3.0
107,49272,4.0
107,49396,4.0
107,49649,3.0
107,49651,3.5
107,50798,2.5
107,50806,3.5
107,51255,3.5
107,51662,2.5
107,51935,4.5
107,52694,3.0
107,52950,3.0
107,53000,3.5
107,53125,3.5
107,54503,3.5
107,56156,4.0
107,56174,3.5
107,56367,3.5
107,57528,3.5
107,57640,2.0
107,58559,3.5
107,58803,4.0
107,60072,4.0
107,60074,3.5
107,61024,4.0
107,61236,3.0
107,61262,3.5
107,61348,3.0
107,61350,3.0
107,62081,3.5
107,62394,3.0
107,63082,4.0
107,63189,4.0
107,63853,3.5
107,63859,3.5
107,63992,3.5
107,64969,3.5
107,65939,4.0
107,66246,4.0
107,68205,3.5
107,74851,3.5
107,79132,3.5
107,85056,3.0
108,318,5.0
108,356,5.0
108,480,4.0
108,1034,5.0
108,1097,5.0
108,1136,5.0
108,1196,5.0
108,1213,5.0
108,1270,5.0
108,1307,5.0
108,1640,4.0
108,1884,1.0
108,1968,4.0
108,2028,5.0
108,2571,4.0
108,2762,5.0
108,2858,5.0
108,2918,5.0
108,2976,2.0
108,3421,5.0
108,3897,4.0
108,3901,3.0
108,3969,5.0
108,3977,4.0
108,3978,4.0
108,3980,4.0
108,3996,4.0
108,3998,4.0
108,4022,3.0
108,4034,3.0
109,1,4.0
109,2,4.5
109,6,2.5
109,8,3.0
109,17,4.5
109,19,1.0
109,26,4.0
109,32,3.5
109,34,4.0
109,47,4.5
109,48,3.0
109,50,5.0
109,54,3.0
109,60,4.0
109,104,3.0
109,110,4.5
109,141,3.0
109,150,4.0
109,158,2.5
109,181,2.0
109,191,2.5
109,216,3.0
109,231,1.5
109,249,4.0
109,253,4.5
109,260,2.5
109,272,4.0
109,277,3.5
109,292,4.0
109,293,4.0
109,296,4.0
109,317,3.5
109,318,4.5
109,333,3.5
109,343,2.0
109,344,1.0
109,355,2.5
109,356,4.5
109,364,4.5
109,366,3.0
109,367,3.0
109,374,2.5
109,455,2.5
109,480,5.0
109,500,4.0
109,520,3.0
109,527,5.0
109,531,3.0
109,551,4.0
109,555,3.0
109,558,3.0
109,585,2.5
109,586,4.0
109,587,3.0
109,588,4.0
109,590,4.5
109,592,2.5
109,593,5.0
109,594,3.0
109,595,5.0
109,596,3.0
109,597,3.5
109,608,3.0
109,616,3.5
109,628,3.5
109,661,2.0
109,673,2.0
109,709,3.0
109,724,3.5
109,736,3.5
109,742,3.0
109,780,4.0
109,783,2.0
109,788,1.0
109,818,2.0
109,837,3.5
109,899,4.5
109,903,4.0
109,910,4.0
109,912,5.0
109,914,4.0
109,919,5.0
109,920,5.0
109,922,3.5
109,953,3.0
109,954,2.5
109,1007,2.5
109,1009,3.0
109,1012,3.5
109,1013,4.0
109,1015,4.0
109,1016,3.0
109,1017,4.5
109,1020,4.0
109,1021,3.5
109,1022,4.0
109,1023,4.0
109,1025,3.5
109,1027,4.0
109,1028,4.5
109,1029,3.5
109,1031,4.0
109,1032,4.0
109,1033,3.0
109,1035,4.0
109,1059,3.0
109,1073,4.0
109,1079,3.0
109,1080,3.0
109,1097,4.0
109,1100,3.0
109,1104,4.0
109,1136,4.5
109,1183,4.0
109,1188,3.0
109,1193,3.5
109,1196,2.5
109,1197,2.5
109,1206,4.5
109,1207,3.5
109,1208,2.5
109,1210,2.5
109,1214,2.5
109,1215,2.5
109,1219,3.5
109,1225,4.0
109,1240,3.0
109,1242,4.0
109,1243,3.5
109,1246,3.5
109,1258,4.0
109,1261,2.5
109,1271,3.5
109,1287,3.5
109,1293,4.0
109,1302,3.0
109,1307,3.5
109,1339,4.5
109,1342,3.5
109,1345,4.0
109,1347,3.5
109,1350,3.0
109,1367,3.0
109,1380,3.0
109,1387,4.5
109,1407,4.0
109,1408,3.0
109,1411,3.0
109,1438,3.0
109,1441,4.0
109,1485,3.5
109,1487,3.0
109,1517,1.0
109,1527,1.0
109,1544,2.5
109,1552,2.5
109,1566,2.0
109,1580,4.0
109,1588,3.0
109,1592,1.5
109,1608,3.5
109,1617,3.5
109,1619,2.5
109,1641,3.5
109,1644,2.5
109,1645,4.5
109,1665,1.5
109,1682,2.5
109,1702,2.0
109,1704,3.0
109,1717,3.0
109,1721,3.5
109,1732,4.0
109,1747,4.0
109,1801,3.0
109,1831,1.0
109,1894,2.5
109,1907,4.0
109,1909,2.0
109,1911,1.5
109,1923,1.0
109,1947,3.5
109,1961,4.0
109,1962,3.5
109,1968,3.5
109,1974,3.0
109,1994,3.0
109,1997,4.0
109,2006,2.5
109,2015,3.0
109,2016,2.5
109,2018,4.5
109,2028,3.5
109,2052,3.5
109,2053,2.5
109,2054,2.5
109,2058,4.0
109,2078,3.5
109,2080,3.5
109,2081,4.5
109,2082,3.0
109,2083,3.5
109,2085,4.0
109,2087,4.0
109,2089,2.5
109,2090,2.5
109,2091,3.0
109,2095,3.0
109,2096,3.5
109,2121,2.0
109,2122,3.5
109,2123,2.5
109,2125,3.0
109,2136,3.0
109,2137,3.5
109,2141,3.5
109,2142,3.5
109,2161,2.5
109,2174,2.5
109,2236,2.5
109,2291,3.5
109,2294,2.0
109,2316,3.0
109,2324,3.5
109,2329,4.5
109,2336,3.0
109,2348,3.0
109,2353,3.0
109,2355,2.5
109,2389,3.0
109,2394,3.5
109,2396,2.5
109,2398,3.0
109,2407,3.0
109,2423,3.5
109,2431,4.0
109,2432,2.5
109,2459,3.0
109,2517,2.5
109,2529,4.0
109,2541,3.0
109,2571,4.5
109,2572,4.5
109,2617,3.5
109,2683,1.0
109,2687,3.0
109,2694,3.5
109,2699,4.0
109,2702,1.0
109,2706,2.0
109,2710,1.0
109,2720,1.0
109,2728,3.0
109,2739,4.0
109,2745,3.5
109,2762,3.5
109,2763,4.0
109,2804,4.0
109,2822,3.0
109,2858,4.5
109,2862,2.0
109,2881,3.0
109,2953,2.5
109,2959,4.0
109,2987,4.0
109,3016,1.5
109,3034,5.0
109,3052,4.5
109,3081,2.5
109,3100,3.0
109,3101,3.5
109,3105,3.0
109,3108,4.0
109,3114,3.0
109,3146,3.0
109,3147,3.5
109,3157,2.5
109,3186,4.0
109,3247,3.5
109,3248,3.0
109,3264,3.0
109,3273,2.5
109,3408,3.0
109,3409,3.0
109,3418,3.5
109,3438,2.0
109,3489,4.0
109,3499,4.0
109,3505,2.0
109,3535,4.0
109,3549,4.0
109,3578,3.5
109,3646,1.5
109,3711,3.5
109,3723,3.0
109,3751,3.5
109,3752,0.5
109,3753,4.0
109,3755,3.0
109,3785,3.0
109,3786,3.0
109,3793,4.5
109,3799,2.0
109,3825,3.0
109,3882,1.5
109,3916,3.0
109,3988,1.0
109,3991,2.5
109,3993,3.5
109,3994,2.0
109,4011,2.5
109,4014,4.0
109,4015,1.0
109,4016,3.5
109,4018,3.5
109,4022,3.5
109,4025,3.0
109,4027,4.0
109,4090,3.5
109,4104,2.0
109,4105,3.5
109,4128,2.5
109,4148,3.0
109,4154,3.0
109,4239,4.0
109,4246,4.5
109,4247,2.0
109,4270,2.5
109,4299,2.5
109,4306,3.5
109,4308,2.5
109,4343,3.5
109,4344,3.5
109,4368,1.5
109,4369,3.5
109,4370,2.5
109,4388,2.5
109,4447,2.0
109,4502,2.5
109,4519,3.0
109,4638,2.0
109,4639,3.5
109,4700,3.0
109,4703,3.5
109,4718,0.5
109,4720,4.5
109,4728,2.5
109,4744,3.0
109,4865,3.0
109,4886,3.5
109,4896,3.5
109,4902,3.5
109,4963,4.0
109,4979,3.0
109,4992,3.0
109,4993,3.0
109,4995,4.0
109,5064,3.5
109,5096,3.0
109,5102,3.0
109,5128,3.0
109,5159,3.0
109,5218,2.5
109,5219,3.0
109,5294,2.0
109,5296,2.0
109,5299,3.5
109,5349,3.0
109,5380,3.0
109,5388,3.0
109,5415,4.0
109,5418,4.0
109,5445,3.5
109,5449,2.5
109,5459,3.0
109,5472,3.0
109,5480,2.0
109,5481,1.0
109,5502,3.5
109,5528,3.0
109,5584,2.0
109,5585,1.5
109,5617,5.0
109,5630,3.5
109,5669,3.0
109,5675,2.0
109,5679,3.0
109,5782,4.0
109,5804,3.0
109,5816,3.5
109,5903,3.0
109,5952,3.0
109,5956,4.0
109,5989,4.0
109,5991,4.0
109,5992,3.0
109,5995,4.0
109,6155,3.0
109,6187,3.0
109,6250,3.0
109,6265,3.0
109,6333,3.0
109,6338,3.0
109,6365,2.5
109,6373,4.0
109,6377,4.0
109,6378,4.0
109,6502,4.0
109,6539,4.5
109,6550,3.0
109,6619,3.0
109,6709,3.5
109,6754,3.5
109,6765,3.5
109,6787,4.0
109,6793,3.0
109,6794,1.0
109,6807,3.5
109,6863,3.0
109,6873,4.0
109,6888,2.5
109,6934,2.0
109,6936,3.5
109,6942,4.0
109,6951,1.5
109,6952,4.0
109,6986,3.5
109,6995,3.5
109,7143,3.0
109,7147,4.0
109,7153,2.5
109,7154,2.5
109,7155,3.5
109,7160,3.0
109,7161,2.0
109,7162,4.0
109,7164,3.0
109,7173,2.5
109,7293,2.0
109,7317,3.0
109,7318,3.0
109,7324,3.0
109,7347,1.5
109,7361,3.0
109,7362,4.0
109,7372,3.0
109,7386,3.5
109,7454,2.0
109,7458,4.0
109,7646,3.5
109,7669,4.5
109,8062,2.0
109,8131,3.5
109,8132,3.0
109,8360,2.5
109,8368,4.0
109,8373,3.0
109,8528,3.5
109,8530,4.0
109,8614,2.0
109,8622,3.0
109,8636,2.0
109,8665,3.5
109,8783,3.5
109,8808,2.5
109,8833,3.5
109,8874,4.0
109,8950,3.0
109,8951,3.5
109,8957,4.0
109,8966,3.0
109,8969,3.0
109,8970,4.0
109,8972,2.5
109,8984,2.0
109,26133,3.5
109,26152,4.5
109,27317,2.5
109,27788,3.0
109,30707,3.0
109,30749,4.0
109,30793,1.0
109,30816,5.0
109,31193,4.0
109,31427,4.0
109,31658,4.0
109,31685,3.5
109,31698,0.5
109,32587,1.5
109,33004,3.0
109,33166,2.5
109,33646,3.0
109,33794,4.5
109,33836,2.5
109,34523,2.5
109,34530,1.5
109,34532,4.0
109,34542,0.5
109,35836,3.0
109,37720,3.0
109,37729,2.5
109,38061,4.5
109,39183,4.0
109,39292,3.5
109,39435,2.5
109,39446,2.5
109,40583,4.0
109,40815,3.5
109,40819,3.5
109,40966,3.5
109,41566,2.5
109,41569,3.5
109,41571,4.0
109,41716,3.0
109,41997,4.0
109,42011,3.0
109,42015,3.5
109,42197,3.5
109,42723,0.5
109,42738,2.5
109,44022,1.5
109,44191,4.5
109,44195,4.0
109,44972,2.5
109,45447,2.5
109,45499,1.5
109,45720,4.0
109,45722,3.0
109,45880,2.0
109,45950,3.5
109,46970,4.0
109,46976,4.0
109,47099,3.0
109,47610,2.5
109,47629,4.0
109,47810,1.0
109,48304,3.5
109,48394,3.0
109,48516,3.5
109,48543,4.0
109,48593,2.5
109,48738,4.0
109,48744,3.0
109,48774,2.0
109,48780,4.5
109,48877,2.0
109,48997,2.5
109,49263,4.0
109,49272,2.5
109,49278,2.5
109,49530,4.5
109,50445,3.0
109,50804,2.5
109,50872,3.0
109,51086,2.5
109,51255,4.0
109,51357,3.5
109,51540,2.5
109,51662,4.0
109,51834,3.0
109,51847,3.5
109,52245,3.5
109,52283,3.0
109,52435,4.5
109,52694,3.0
109,53024,3.5
109,53121,2.5
109,53125,2.5
109,53129,4.0
109,53207,3.0
109,53322,3.0
109,53953,2.5
109,53956,2.5
109,53993,2.5
109,54001,4.0
109,54259,2.0
109,54272,2.5
109,54286,3.5
109,54372,3.5
109,54732,3.0
109,55052,3.0
109,55080,3.0
109,55118,3.5
109,55269,3.5
109,55274,2.5
109,55363,2.5
109,55442,3.0
109,55577,1.5
109,55820,4.0
109,55946,3.0
109,56145,4.0
109,56174,2.0
109,56339,4.5
109,56367,3.0
109,56587,3.5
109,56757,4.0
109,56782,4.0
109,56805,2.0
109,56941,2.5
109,57532,0.5
109,57640,3.5
109,57669,3.5
109,58078,3.0
109,58154,1.5
109,58295,3.5
109,58301,2.0
109,58306,3.5
109,58559,5.0
109,58803,2.5
109,58998,2.5
109,59126,4.0
109,59141,3.5
109,59143,2.5
109,59256,1.5
109,59315,4.0
109,59369,3.5
109,59418,4.0
109,59501,3.0
109,59615,2.5
109,59727,1.5
109,59900,2.5
109,59910,2.5
109,60037,3.0
109,60040,3.0
109,60069,4.0
109,60072,2.5
109,60074,3.0
109,60126,3.5
109,60141,3.0
109,60397,4.0
109,60487,4.0
109,60684,2.5
109,60756,1.0
109,60760,3.5
109,60937,2.0
109,60941,1.5
109,60948,3.5
109,61024,4.0
109,61075,4.0
109,61132,3.5
109,61323,3.0
109,61352,2.5
109,61697,3.0
109,61705,3.0
109,61948,2.5
109,62081,3.0
109,62113,2.5
109,62155,2.5
109,62344,2.5
109,62374,4.0
109,62437,2.5
109,62733,0.5
109,62792,2.5
109,63033,3.5
109,63062,3.5
109,63082,4.0
109,63113,3.5
109,63131,4.0
109,63436,2.5
109,63853,3.5
109,63859,4.0
109,63876,3.0
109,64034,2.0
109,64229,4.5
109,64249,2.5
109,64575,4.0
109,64614,4.5
109,64620,3.5
109,64622,4.0
109,64716,2.5
109,64839,2.5
109,64957,2.5
109,64969,3.5
109,64983,2.5
109,65088,3.5
109,65130,2.5
109,65133,4.0
109,65181,3.5
109,65216,4.0
109,65230,3.5
109,65418,3.0
109,65465,4.0
109,65585,2.5
109,65601,1.5
109,65682,3.0
109,65802,2.0
109,65813,2.5
109,65882,3.5
109,66171,1.5
109,66198,2.0
109,66203,1.0
109,66659,3.0
109,66691,3.5
109,67087,3.0
109,67186,2.5
109,67193,3.0
109,67197,3.0
109,67267,3.5
109,67734,3.5
109,67788,2.5
109,67923,3.0
109,68135,1.5
109,68159,3.0
109,68319,3.0
109,68932,4.0
109,68952,3.0
109,68963,4.5
109,69118,3.0
109,69122,4.0
109,69253,3.0
109,69844,4.0
109,70293,3.5
109,70301,1.5
109,70305,3.0
109,71252,3.0
109,71535,4.5
109,72129,2.5
109,72733,3.5
109,73017,4.5
109,73321,4.0
109,73854,4.0
110,2,3.0
110,47,3.5
110,110,4.0
110,165,2.0
110,293,4.0
110,318,5.0
110,356,4.0
110,380,2.5
110,527,5.0
110,593,3.0
110,858,3.0
110,1193,4.0
110,1198,2.5
110,1203,5.0
110,1213,4.0
110,1580,5.0
110,1682,3.5
110,1961,4.5
110,2273,3.5
110,2324,4.5
110,2329,4.0
110,2571,4.0
110,2959,5.0
110,3082,2.5
110,3147,4.0
110,3578,3.0
110,4022,4.5
110,4369,2.5
110,4643,3.5
110,4720,4.0
110,4886,3.5
110,4896,2.5
110,4995,3.5
110,5459,2.5
110,5618,4.0
110,5669,4.0
110,5679,3.0
110,5690,4.5
110,5810,4.0
110,5816,2.0
110,5971,4.0
110,5995,4.0
110,6016,4.0
110,6333,1.0
110,6373,4.0
110,7147,3.5
110,7361,4.0
110,7438,3.0
110,7445,3.5
110,7458,2.5
110,8368,2.0
110,8529,4.0
110,8644,3.5
110,8957,2.0
110,8984,2.5
110,30793,3.0
110,31658,3.5
110,31696,3.5
110,32587,2.5
110,41566,2.5
110,45447,3.5
110,50872,3.5
110,59784,3.0
110,60069,3.5
110,63082,3.0
110,64993,3.0
110,68157,3.5
110,68954,4.0
110,70286,3.0
110,71264,3.0
110,72998,3.5
110,78499,3.5
110,79091,3.0
110,79132,4.0
110,91529,3.0
110,99114,3.5
110,104841,4.0
110,109487,4.0
110,112552,4.0
110,112556,2.5
110,115713,3.5
110,116797,4.0
110,134130,3.5
110,134853,3.0
110,152081,3.5
110,160848,4.5
110,163134,4.5
110,164200,3.5
110,166024,4.0
110,177765,5.0
110,184471,3.5
110,207313,2.5
110,208703,4.5
110,219994,4.0
110,225173,4.0
110,250010,3.0
110,270698,2.5
110,274053,3.5
110,277028,3.0
110,278446,3.5
110,278578,2.5
111,32,3.0
111,47,4.5
111,50,4.0
111,69,4.0
111,94,4.0
111,104,2.5
111,288,2.5
111,293,4.5
111,318,5.0
111,356,2.5
111,493,4.5
111,539,3.5
111,541,3.5
111,593,4.0
111,608,4.0
111,1265,3.0
111,1305,4.5
111,1307,3.5
111,1393,3.5
111,1447,3.5
111,1485,3.0
111,1617,4.0
111,1653,3.5
111,1682,5.0
111,1704,4.0
111,2268,3.0
111,2324,5.0
111,2329,4.0
111,2353,3.5
111,2424,2.5
111,2762,4.0
111,2858,4.5
111,2959,4.0
111,3147,4.5
111,3160,2.5
111,3186,5.0
111,3246,4.5
111,3408,3.0
111,3481,3.0
111,3897,4.0
111,3916,4.0
111,4022,4.0
111,4027,4.0
111,4034,4.0
111,4226,3.5
111,4641,3.0
111,4878,3.5
111,5266,3.0
111,5388,3.0
111,5418,4.0
111,5445,4.0
111,5617,2.0
111,5902,4.0
111,6016,5.0
111,6287,2.5
111,6502,4.0
111,6539,3.0
111,6710,2.5
111,6711,3.5
111,6936,3.0
111,7361,5.0
111,8529,3.0
111,8533,3.5
111,8665,3.5
111,8784,4.5
111,8798,4.0
111,8950,4.0
111,8961,5.0
111,27904,3.5
111,31685,3.0
111,32587,4.0
111,34405,3.0
111,36529,3.0
111,38061,4.0
111,40819,3.0
111,44195,3.5
111,44199,4.0
111,44665,4.0
111,46578,4.0
111,46976,4.5
111,47099,2.5
111,47423,4.0
111,48394,5.0
111,48516,5.0
111,48774,4.5
111,51540,4.0
111,55280,4.0
111,55290,4.0
111,55820,4.5
111,56367,4.0
111,56715,4.5
111,61132,4.5
111,61323,2.0
111,64839,4.0
111,68237,4.0
111,69757,4.0
111,72011,3.5
111,73000,2.5
111,79132,4.0
111,80489,4.0
111,81229,2.5
111,82459,4.0
111,85414,3.5
111,87232,3.5
111,88129,3.5
111,91529,4.5
111,93840,3.5
111,94864,4.0
111,95088,3.0
111,95873,3.5
111,96610,2.5
111,99996,5.0
111,103249,3.5
111,105211,4.5
111,109487,3.5
111,112183,4.5
111,112623,3.5
111,113829,3.0
111,114935,2.0
111,115713,4.5
111,122882,5.0
111,122918,3.5
111,127198,4.5
111,133771,4.5
111,139644,4.0
111,140715,4.5
111,152077,4.0
111,157342,4.0
111,158238,4.0
111,161582,4.5
111,162414,4.5
111,168248,4.0
111,168250,4.5
111,168252,5.0
111,168330,3.5
111,173941,3.0
111,174909,4.0
111,175569,3.5
112,750,5.0
112,858,5.0
112,904,4.0
112,912,4.0
112,1193,5.0
112,1203,5.0
112,4370,5.0
112,4816,4.0
112,4848,5.0
112,4993,4.5
112,5349,4.0
112,5418,4.0
112,5445,4.0
112,5618,5.0
112,5952,4.5
112,6377,4.0
112,6537,2.5
112,6874,5.0
112,7153,4.5
112,7438,5.0
112,8636,4.0
112,8644,2.0
112,163645,3.5
112,164179,3.0
113,145,2.0
113,466,1.0
113,520,3.0
113,543,2.5
113,552,2.5
113,608,5.0
113,1073,4.5
113,1201,3.5
113,1206,5.0
113,1207,4.0
113,1673,4.5
113,1729,5.0
113,2329,4.0
113,2353,2.5
113,2542,4.0
113,2997,5.0
113,3160,4.5
113,3176,3.5
113,3448,3.0
113,3556,4.5
113,3623,2.0
113,3948,2.5
113,3949,4.5
113,3996,4.0
113,4878,5.0
113,4979,4.5
113,4995,2.5
113,5902,4.5
113,6502,4.0
114,260,3.5
114,356,4.0
114,1196,3.5
114,1270,5.0
114,1625,4.5
114,2571,4.0
114,2959,4.5
114,3147,4.5
114,3535,3.5
114,3578,5.0
114,3785,4.0
114,4226,4.5
114,4310,4.0
114,4370,4.0
114,4720,4.5
114,4816,3.5
114,4878,4.5
114,4886,4.0
114,4896,5.0
114,4963,4.5
114,4993,4.5
114,4995,5.0
114,5218,4.0
114,5349,4.0
114,5388,3.5
114,5445,4.5
114,5816,5.0
114,5952,3.5
114,5995,5.0
114,6502,4.0
114,7153,4.5
114,7254,4.5
114,7293,4.0
114,7317,4.5
114,7346,4.0
114,8529,4.5
114,8581,4.0
114,8784,3.5
114,8874,5.0
114,8957,4.0
114,8984,4.0
114,33679,4.0
114,34162,4.0
114,35836,4.0
114,40815,5.0
114,44022,4.0
114,44191,4.5
114,45447,4.0
114,45499,4.0
114,45672,3.5
114,45720,3.5
114,47610,4.5
114,48394,4.0
114,48774,4.5
114,48780,4.5
114,49530,4.0
114,50872,4.5
114,51255,3.5
114,51540,2.5
114,52973,4.0
114,53000,4.0
114,54001,4.5
114,54503,4.5
114,55247,5.0
114,55442,4.5
114,58559,5.0
114,59315,4.5
114,60069,5.0
114,61024,4.0
114,61132,3.5
114,62434,3.5
114,63082,4.0
114,63131,3.5
114,65230,4.5
114,67734,4.0
114,68954,5.0
114,69122,4.5
114,69844,4.5
114,71535,5.0
114,73017,4.5
114,74458,4.5
114,74946,4.0
114,76093,4.5
114,76251,4.5
114,79132,5.0
114,79702,4.5
114,80463,4.5
114,80549,4.5
114,81537,4.0
114,81834,5.0
114,81845,4.0
114,83134,4.5
114,85367,4.0
114,85414,5.0
114,86833,4.0
114,87869,4.0
114,88125,4.5
114,88163,4.5
114,88405,4.0
114,89492,4.5
114,89745,4.5
114,91500,4.5
114,91529,4.5
114,91658,4.0
114,93510,4.0
114,95441,4.0
114,95510,4.0
114,96588,4.0
114,97921,4.5
114,97938,5.0
114,102123,4.0
114,102481,4.0
114,103249,4.0
114,104303,3.5
114,104841,4.0
114,106487,4.5
114,106782,4.0
114,106918,4.5
114,106920,4.5
114,109374,4.0
114,109487,4.5
114,111113,4.0
114,111759,5.0
114,112138,4.0
114,112552,4.0
114,112556,5.0
114,115617,4.5
114,115713,4.0
114,116797,5.0
114,119141,4.0
114,122882,4.0
114,122886,4.0
114,122904,4.5
114,134130,5.0
114,134853,5.0
114,140110,4.5
114,141408,4.5
114,143355,4.0
114,148626,4.5
114,152081,4.0
114,157296,4.0
114,164179,2.5
114,164909,4.0
114,165551,4.0
115,1,4.0
115,2,4.5
115,3,3.0
115,6,4.5
115,15,3.0
115,16,3.0
115,21,4.5
115,32,3.5
115,44,3.0
115,47,4.0
115,50,5.0
115,95,4.0
115,110,4.5
115,141,4.0
115,150,5.0
115,151,3.0
115,153,3.0
115,157,5.0
115,160,3.0
115,161,5.0
115,168,4.0
115,170,4.0
115,196,4.0
115,204,3.0
115,208,3.5
115,223,3.0
115,225,4.0
115,231,2.0
115,235,4.5
115,253,4.0
115,260,5.0
115,272,4.0
115,288,2.5
115,292,5.0
115,296,4.0
115,300,4.0
115,316,5.0
115,317,4.0
115,318,4.0
115,329,5.0
115,332,3.0
115,337,4.0
115,339,3.5
115,349,5.0
115,350,5.0
115,356,4.0
115,360,3.0
115,361,3.0
115,364,4.0
115,367,4.0
115,368,4.0
115,377,4.0
115,379,3.5
115,380,4.0
115,440,4.0
115,442,4.0
115,454,5.0
115,457,5.0
115,468,4.0
115,471,3.5
115,473,3.0
115,474,4.0
115,480,5.0
115,485,4.0
115,494,4.5
115,500,4.0
115,517,4.0
115,529,4.0
115,541,3.5
115,552,4.0
115,586,4.0
115,587,4.0
115,589,5.0
115,590,4.0
115,592,4.0
115,593,4.0
115,647,4.0
115,648,4.5
115,653,4.0
115,733,4.0
115,736,5.0
115,748,4.0
115,750,3.0
115,780,5.0
115,784,3.0
115,786,4.0
115,799,4.0
115,805,4.0
115,832,4.0
115,836,5.0
115,879,3.0
115,1027,5.0
115,1036,4.0
115,1037,3.5
115,1042,4.0
115,1049,5.0
115,1079,5.0
115,1092,4.0
115,1097,5.0
115,1101,4.5
115,1120,3.0
115,1127,4.0
115,1196,5.0
115,1197,5.0
115,1198,5.0
115,1200,5.0
115,1203,4.0
115,1210,5.0
115,1214,4.5
115,1215,2.5
115,1231,4.0
115,1240,4.5
115,1246,4.0
115,1265,4.0
115,1270,5.0
115,1276,3.0
115,1291,5.0
115,1297,4.5
115,1302,4.0
115,1320,3.0
115,1356,4.5
115,1370,3.5
115,1371,3.5
115,1372,5.0
115,1373,3.5
115,1374,4.0
115,1375,4.0
115,1376,5.0
115,1377,3.0
115,1390,4.0
115,1391,4.0
115,1393,4.0
115,1396,5.0
115,1407,4.0
115,1409,3.0
115,1422,3.5
115,1438,5.0
115,1445,2.0
115,1476,3.5
115,1479,4.0
115,1515,5.0
115,1517,3.0
115,1527,4.0
115,1552,4.0
115,1562,3.0
115,1573,3.0
115,1580,4.0
115,1584,4.5
115,1590,1.5
115,1608,5.0
115,1610,5.0
115,1616,5.0
115,1641,4.0
115,1645,3.5
115,1653,4.0
115,1672,3.5
115,1673,3.5
115,1682,4.5
115,1721,4.5
115,1726,3.0
115,1727,3.0
115,1784,4.5
115,1792,4.0
115,1810,5.0
115,1831,3.5
115,1833,3.5
115,1862,3.0
115,1894,4.0
115,1911,3.5
115,1912,4.0
115,1917,5.0
115,1920,3.5
115,1923,3.5
115,1924,1.0
115,1961,4.0
115,2005,4.5
115,2012,3.5
115,2028,5.0
115,2046,4.0
115,2053,3.0
115,2054,4.0
115,2064,3.0
115,2108,5.0
115,2115,4.0
115,2118,3.0
115,2161,4.0
115,2193,4.0
115,2268,4.0
115,2278,4.0
115,2294,4.0
115,2302,4.5
115,2321,3.5
115,2325,3.0
115,2334,4.0
115,2340,3.0
115,2353,4.5
115,2355,4.5
115,2393,4.0
115,2406,4.0
115,2424,3.0
115,2450,3.0
115,2496,4.0
115,2502,5.0
115,2539,3.0
115,2541,4.0
115,2549,3.5
115,2571,5.0
115,2572,4.5
115,2605,4.0
115,2606,3.0
115,2617,4.0
115,2628,4.0
115,2662,4.0
115,2681,4.0
115,2688,3.5
115,2693,3.0
115,2700,5.0
115,2701,3.0
115,2702,3.0
115,2706,3.5
115,2710,3.0
115,2716,5.0
115,2717,3.0
115,2718,5.0
115,2722,3.0
115,2750,3.5
115,2759,4.0
115,2762,5.0
115,2763,4.5
115,2771,4.0
115,2791,4.5
115,2792,4.0
115,2797,4.0
115,2803,5.0
115,2804,5.0
115,2819,4.0
115,2827,3.0
115,2858,4.0
115,2916,4.0
115,2918,5.0
115,2985,3.5
115,2987,4.0
115,3005,3.5
115,3020,4.0
115,3033,4.0
115,3052,3.5
115,3070,3.0
115,3082,4.0
115,3107,4.0
115,3147,4.0
115,3156,3.5
115,3174,3.5
115,3175,4.0
115,3248,2.5
115,3256,5.0
115,3257,3.5
115,3264,3.0
115,3301,4.5
115,3354,3.5
115,3388,4.0
115,3408,4.0
115,3448,4.0
115,3450,4.0
115,3471,4.5
115,3489,4.0
115,3513,3.5
115,3527,4.0
115,3552,4.0
115,3578,5.0
115,3623,3.0
115,3624,4.0
115,3686,3.0
115,3697,3.5
115,3715,3.0
115,3717,4.0
115,3740,4.0
115,3753,4.0
115,3755,4.0
115,3793,5.0
115,3809,3.0
115,3827,3.5
115,3868,4.5
115,3908,1.5
115,3948,3.0
115,3969,4.0
115,3977,3.0
115,3981,3.5
115,3986,3.5
115,3996,4.0
115,4015,2.5
115,4018,4.0
115,4033,5.0
115,4034,4.0
115,4047,3.0
115,4054,3.5
115,4121,3.0
115,4149,3.0
115,4223,5.0
115,4226,5.0
115,4228,4.0
115,4248,3.0
115,4270,3.0
115,4306,4.0
115,4308,3.0
115,4310,3.5
115,4367,3.0
115,4368,3.0
115,4370,3.0
115,4388,3.0
115,4443,3.0
115,4446,4.0
115,4447,4.0
115,4488,3.0
115,4508,4.0
115,4545,4.0
115,4557,3.5
115,4587,3.5
115,4595,4.0
115,4625,3.0
115,4718,3.0
115,4735,2.0
115,4744,3.0
115,4776,3.5
115,4812,4.0
115,4844,4.0
115,4866,4.0
115,4878,3.0
115,4886,5.0
115,4896,4.0
115,4901,4.0
115,4958,4.0
115,4963,4.0
115,4979,4.0
115,4993,4.5
115,4994,3.0
115,5010,5.0
115,5025,4.0
115,5094,2.0
115,5107,4.0
115,5110,3.5
115,5152,5.0
115,5218,5.0
115,5219,4.0
115,5265,3.0
115,5266,3.0
115,5283,3.5
115,5293,3.0
115,5299,4.0
115,5308,3.5
115,5313,4.0
115,5323,2.0
115,5349,4.0
115,5378,4.0
115,5400,5.0
115,5410,3.0
115,5418,4.5
115,5419,2.5
115,5445,5.0
115,5446,4.0
115,5459,3.0
115,5463,4.0
115,5464,4.0
115,5479,3.5
115,5502,4.0
115,5530,3.0
115,5541,4.0
115,5574,4.0
115,5620,3.0
115,5630,4.0
115,5666,3.0
115,5669,4.0
115,5673,2.0
115,5679,4.0
115,5784,3.0
115,5810,3.0
115,5816,4.5
115,5944,3.0
115,5945,3.5
115,5952,4.0
115,5955,4.0
115,5957,3.0
115,5989,5.0
115,5991,4.0
115,6003,3.0
115,6058,3.0
115,6059,4.0
115,6156,4.0
115,6157,3.0
115,6187,3.0
115,6188,4.0
115,6213,3.5
115,6218,4.0
115,6287,3.0
115,6290,0.5
115,6297,4.0
115,6298,3.0
115,6303,5.0
115,6323,4.0
115,6333,5.0
115,6338,3.0
115,6365,4.0
115,6373,4.0
115,6377,4.0
115,6378,5.0
115,6383,2.5
115,6482,2.0
115,6483,1.5
115,6502,4.0
115,6503,2.0
115,6535,2.0
115,6537,4.0
115,6539,5.0
115,6541,3.0
115,6550,3.5
115,6564,2.5
115,6565,4.0
115,6567,3.5
115,6586,2.0
115,6593,3.0
115,6615,2.0
115,6624,3.0
115,6659,5.0
115,6708,4.0
115,6711,4.0
115,6753,4.0
115,6754,4.0
115,6763,2.0
115,6764,4.0
115,6765,3.0
115,6787,4.5
115,6796,3.5
115,6863,3.0
115,6870,3.5
115,6873,3.0
115,6879,4.0
115,6884,3.0
115,6893,4.5
115,6934,4.0
115,6942,3.0
115,6947,3.0
115,6952,3.0
115,6958,2.5
115,7004,4.0
115,7033,3.5
115,7143,4.0
115,7147,4.0
115,7153,4.5
115,7155,3.0
115,7158,3.0
115,7160,4.0
115,7173,3.0
115,7254,4.0
115,7257,3.0
115,7263,4.0
115,7293,4.0
115,7294,3.0
115,7319,2.0
115,7347,3.0
115,7361,4.0
115,7373,4.0
115,7381,2.5
115,7445,4.0
115,7458,4.0
115,7782,4.0
115,8360,4.0
115,8361,2.0
115,8368,4.5
115,8371,3.5
115,8464,3.0
115,8493,4.0
115,8529,4.0
115,8633,4.0
115,8636,4.0
115,8644,5.0
115,8665,4.5
115,8781,3.5
115,8783,4.0
115,8810,3.5
115,8861,3.0
115,8870,3.0
115,8985,2.5
115,9004,3.0
115,31420,3.0
116,19,4.0
116,32,3.0
116,44,1.0
116,50,4.0
116,145,4.5
116,186,2.0
116,318,5.0
116,420,3.0
116,442,3.0
116,466,3.5
116,589,4.5
116,858,4.0
116,1080,3.0
116,1089,3.0
116,1101,3.5
116,1208,5.0
116,1210,4.5
116,1218,5.0
116,1396,2.0
116,1625,4.5
116,1645,4.0
116,1673,4.5
116,1721,3.0
116,1722,3.5
116,1884,3.5
116,1909,5.0
116,1923,4.5
116,1997,3.0
116,2006,2.5
116,2542,5.0
116,2571,4.5
116,2580,4.0
116,2712,4.0
116,2762,3.5
116,2908,3.5
116,2959,4.5
116,2997,3.0
116,3147,4.0
116,3176,3.5
116,3257,3.5
116,3418,2.5
116,3452,3.0
116,3623,4.0
116,3702,4.0
116,3703,3.5
116,3950,4.5
116,3977,0.5
116,3996,5.0
116,4011,5.0
116,4034,3.0
116,4226,4.5
116,4246,4.0
116,4370,2.0
116,4718,3.0
116,4720,3.0
116,4878,4.5
116,5015,4.0
116,5418,3.0
116,5445,4.0
116,5630,4.0
116,5989,4.5
116,6218,4.5
116,6365,2.0
116,6373,3.5
116,6539,4.0
116,6708,4.5
116,6863,3.0
116,6952,3.0
116,7090,4.0
116,7143,4.0
116,7153,5.0
116,8368,2.5
116,8636,3.5
116,8638,4.0
116,8798,4.5
116,8950,4.5
116,8961,5.0
116,8984,2.0
117,1,3.0
117,272,0.5
117,337,0.5
117,342,0.5
117,356,2.5
117,432,1.5
117,480,3.0
117,586,1.0
117,588,2.0
117,1080,4.0
117,1220,3.0
117,1270,2.0
117,1485,3.0
117,1517,2.5
117,1527,2.5
117,1580,1.5
117,1682,3.0
117,1923,2.0
117,2012,2.5
117,2054,0.5
117,2355,2.0
117,2470,2.5
117,2571,4.0
117,2617,2.0
117,2683,3.0
117,2716,2.5
117,2762,4.0
117,2788,3.5
117,2987,2.0
117,3114,3.5
117,3147,3.0
117,3253,3.5
117,3578,4.0
117,3793,3.0
117,3897,3.0
117,3977,1.5
117,4306,4.0
117,4886,1.5
117,4896,2.0
117,4963,3.5
117,4993,4.0
117,5349,2.0
117,5418,3.0
117,5445,3.0
117,5481,3.5
117,5816,2.5
117,5952,4.5
117,5989,3.0
117,6333,3.0
117,6377,2.0
117,6378,2.5
117,6539,1.0
117,6565,0.5
117,7143,3.5
117,7153,5.0
117,8360,3.0
117,8368,2.5
117,8636,2.5
118,1,4.5
118,6,4.0
118,10,4.0
118,32,5.0
118,47,5.0
118,104,3.0
118,110,4.5
118,150,4.0
118,165,4.0
118,208,2.0
118,253,4.0
118,260,4.5
118,296,5.0
118,318,5.0
118,356,5.0
118,364,1.5
118,367,4.0
118,380,3.0
118,480,4.5
118,527,4.5
118,533,4.0
118,586,3.5
118,589,5.0
118,592,3.5
118,593,5.0
118,648,4.0
118,750,4.0
118,780,3.5
118,858,4.0
118,952,3.5
118,1036,4.0
118,1097,3.5
118,1104,4.0
118,1136,5.0
118,1183,4.0
118,1193,5.0
118,1196,4.5
118,1198,4.5
118,1203,3.5
118,1206,4.5
118,1208,4.0
118,1210,4.0
118,1213,5.0
118,1221,3.5
118,1222,4.0
118,1240,3.5
118,1270,4.0
118,1291,4.5
118,1321,1.5
118,1350,3.5
118,1356,3.5
118,1393,3.0
118,1527,4.5
118,1544,4.0
118,1608,3.0
118,1653,3.5
118,1672,4.5
118,1682,4.0
118,1704,5.0
118,1732,4.5
118,1754,3.5
118,1779,3.5
118,1997,4.0
118,2001,3.0
118,2010,4.0
118,2028,4.0
118,2087,2.5
118,2115,4.5
118,2253,4.0
118,2291,4.5
118,2321,3.5
118,2324,5.0
118,2389,3.5
118,2396,4.0
118,2529,3.5
118,2530,4.0
118,2571,5.0
118,2628,4.0
118,2683,4.5
118,2706,4.5
118,2712,4.0
118,2716,3.5
118,2762,3.5
118,2858,4.5
118,2959,5.0
118,2985,3.0
118,3155,3.5
118,3253,3.5
118,3408,3.0
118,3633,4.0
118,3949,4.5
118,3994,3.0
118,3996,4.0
118,4011,5.0
118,4027,4.5
118,4226,4.0
118,4306,5.0
118,4741,4.5
118,4848,3.5
118,4963,4.5
118,4973,5.0
118,4979,4.0
118,4993,5.0
118,5010,3.5
118,5218,4.5
118,5377,3.0
118,5418,4.0
118,5502,3.5
118,5679,4.5
118,5945,4.5
118,5952,5.0
118,5989,4.0
118,6016,4.5
118,6218,4.5
118,6350,4.0
118,6370,3.5
118,6377,5.0
118,6378,4.0
118,6502,1.5
118,6537,4.0
118,6539,4.0
118,6711,4.0
118,6807,5.0
118,7143,4.0
118,7153,4.5
118,7254,4.5
118,7323,4.0
118,7361,4.0
118,8360,4.5
118,8376,4.5
118,8622,4.5
118,8665,3.5
118,8784,4.5
118,8910,5.0
118,8961,4.5
118,27797,4.5
118,30793,3.0
118,31410,4.0
118,32587,4.0
118,33794,3.0
118,33880,4.0
118,33903,3.5
118,34048,3.5
118,34437,4.5
118,35836,4.0
118,38038,5.0
118,39292,4.0
118,41411,3.5
118,44195,4.5
118,44555,4.5
118,44694,3.5
118,45431,4.5
118,45722,4.0
118,46723,4.5
118,47610,4.5
118,48394,4.5
118,48516,4.0
118,48738,3.5
118,49530,4.0
118,50872,4.5
118,52281,3.5
118,52694,4.0
118,52973,4.5
118,53125,4.0
118,53322,4.0
118,53519,3.0
118,53996,1.5
118,54272,4.0
118,54286,4.0
118,54503,5.0
118,54780,3.5
118,54997,4.0
118,55052,4.5
118,55269,4.0
118,55442,4.5
118,55765,4.5
118,55820,4.5
118,55955,3.5
118,56171,5.0
118,56174,4.0
118,56367,4.0
118,56587,4.0
118,56775,4.0
118,56788,4.5
119,1,3.5
119,50,4.5
119,58,3.5
119,112,4.5
119,235,4.5
119,246,4.5
119,277,5.0
119,318,4.5
119,432,2.0
119,457,3.5
119,497,2.5
119,500,3.5
119,527,4.0
119,551,4.5
119,553,2.0
119,671,3.5
119,745,4.5
119,832,2.5
119,858,4.5
119,908,3.0
119,923,4.5
119,1078,5.0
119,1080,5.0
119,1101,3.0
119,1136,5.0
119,1147,3.5
119,1148,4.5
119,1171,4.0
119,1196,4.0
119,1197,5.0
119,1198,4.5
119,1200,3.5
119,1208,4.0
119,1214,4.0
119,1219,4.0
119,1230,4.5
119,1246,3.0
119,1258,3.5
119,1288,4.5
119,1517,4.0
119,1673,3.5
119,1748,3.0
119,2012,3.5
119,2064,5.0
119,2082,3.0
119,2108,5.0
119,2140,4.5
119,2542,3.5
119,2571,4.5
119,2692,4.5
119,2699,2.5
119,2700,4.5
119,2788,4.0
119,2797,4.5
119,2987,4.5
119,3000,4.5
119,3114,4.5
119,3253,4.5
119,3358,4.0
119,3481,4.5
119,3793,3.5
119,3897,4.0
119,3977,4.0
119,3996,4.5
119,4226,4.0
119,4306,4.0
119,4467,3.0
119,4678,5.0
119,4886,5.0
119,4973,5.0
119,5444,4.5
119,5618,5.0
119,5782,4.5
119,6104,3.0
119,6375,4.5
119,6377,4.0
119,6539,4.5
119,7153,4.0
119,7156,4.5
119,7361,4.5
119,7757,3.5
119,8464,4.5
119,8961,4.0
120,1,5.0
120,2,4.0
120,6,4.5
120,10,4.0
120,16,4.0
120,19,3.5
120,32,4.5
120,47,4.5
120,50,4.5
120,104,4.0
120,111,4.5
120,165,3.5
120,180,4.0
120,223,5.0
120,253,4.0
120,260,5.0
120,288,4.5
120,292,3.0
120,293,4.0
120,318,4.5
120,344,4.0
120,377,3.5
120,380,3.5
120,457,4.5
120,480,4.0
120,541,5.0
120,555,4.0
120,589,5.0
120,592,4.0
120,593,4.5
120,608,4.0
120,648,3.5
120,736,3.5
120,750,5.0
120,778,4.5
120,858,5.0
120,924,4.5
120,1028,4.0
120,1036,5.0
120,1080,4.5
120,1097,4.0
120,1101,4.5
120,1129,4.5
120,1136,5.0
120,1193,4.5
120,1196,5.0
120,1197,5.0
120,1198,4.5
120,1200,5.0
120,1206,5.0
120,1210,5.0
120,1213,5.0
120,1214,5.0
120,1220,4.0
120,1234,4.5
120,1240,4.5
120,1258,5.0
120,1259,5.0
120,1265,4.5
120,1266,4.0
120,1270,5.0
120,1321,4.0
120,1333,4.0
120,1370,3.5
120,1374,4.0
120,1385,2.5
120,1387,5.0
120,1517,3.5
120,1573,4.0
120,1584,3.5
120,1610,3.5
120,1639,4.5
120,1663,4.0
120,1676,2.5
120,1682,4.0
120,1704,4.5
120,1722,3.0
120,1732,5.0
120,1954,4.5
120,1967,4.0
120,1968,4.0
120,1997,4.5
120,2000,4.0
120,2003,4.5
120,2005,4.0
120,2011,5.0
120,2021,2.5
120,2082,3.5
120,2143,4.0
120,2161,4.5
120,2193,4.5
120,2329,4.5
120,2335,3.0
120,2355,4.0
120,2371,4.0
120,2378,4.0
120,2403,5.0
120,2420,4.0
120,2502,4.5
120,2529,4.0
120,2542,5.0
120,2571,4.5
120,2712,3.0
120,2716,4.5
120,2761,4.0
120,2762,4.0
120,2791,5.0
120,2797,3.5
120,2916,4.5
120,2918,4.5
120,2949,3.0
120,2951,4.0
120,2953,3.0
120,2985,4.5
120,2987,5.0
120,2989,3.0
120,2993,3.0
120,3033,5.0
120,3040,4.0
120,3087,4.0
120,3114,4.0
120,3147,5.0
120,3253,4.0
120,3275,5.0
120,3438,3.5
120,3448,4.0
120,3489,4.0
120,3527,4.5
120,3535,5.0
120,3552,5.0
120,3578,5.0
120,3617,3.5
120,3671,5.0
120,3697,2.0
120,3702,5.0
120,3703,5.0
120,3793,3.5
120,3826,3.0
120,3863,3.5
120,3868,4.5
120,3994,4.0
120,4002,4.0
120,4011,5.0
120,4016,4.0
120,4027,5.0
120,4085,4.0
120,4226,4.5
120,4262,4.5
120,4299,3.5
120,4545,3.5
120,4623,4.0
120,4776,4.0
120,4855,4.0
120,4878,5.0
120,4886,4.0
120,4975,3.5
120,4993,3.5
120,4995,4.0
120,5103,3.5
120,5349,4.0
120,5378,3.0
120,5388,4.5
120,5445,3.5
120,5464,4.0
120,5574,3.0
120,5618,4.0
120,5669,3.0
120,5902,4.0
120,5903,4.0
120,5952,4.0
120,5956,4.5
120,5989,4.0
120,6281,4.0
120,6323,3.5
120,6333,4.0
120,6365,3.0
120,6377,4.5
120,6378,2.5
120,6539,3.5
120,6664,4.0
120,6870,4.0
120,6874,3.5
120,6934,2.5
120,6979,4.0
120,7153,4.0
120,7569,3.0
120,8376,3.0
120,8528,3.5
120,8636,4.5
120,8644,3.5
120,8798,4.0
120,8807,4.0
120,8950,4.5
120,8961,4.0
120,27773,4.0
120,27831,4.0
120,30707,4.0
120,30793,3.0
120,31696,3.5
120,32587,4.0
120,33004,3.0
120,33166,4.0
120,33794,3.5
120,34405,4.5
120,36529,4.0
120,37733,4.0
120,38061,4.5
120,40819,4.5
120,44195,4.0
120,44555,4.0
120,44665,4.0
120,45728,4.0
120,46970,4.0
120,47200,3.0
120,48385,3.0
120,48394,4.5
120,48516,4.0
120,48738,3.5
120,48774,4.0
120,48780,4.5
120,49272,3.5
120,50794,3.5
120,50872,5.0
120,51086,2.0
120,51255,4.5
120,51935,2.5
120,52722,2.0
120,53972,1.5
120,53996,1.5
120,54272,3.5
120,54997,4.5
120,54999,3.5
120,55276,3.5
120,55290,4.5
120,55820,3.5
120,56782,4.5
120,57669,4.5
120,58559,5.0
120,59369,3.5
120,60069,4.5
120,60684,4.0
120,61132,5.0
120,61323,4.0
120,62849,4.0
120,64614,4.0
120,64839,4.0
120,68237,4.5
120,68319,2.5
120,70286,4.0
120,71535,4.0
120,74458,3.5
120,76077,3.5
120,76093,4.0
120,78499,5.0
120,79132,4.5
120,79702,4.0
120,80463,4.0
120,80489,4.5
120,81564,4.0
120,86332,3.0
120,88129,4.0
120,88140,3.5
120,89745,4.0
120,91529,3.5
120,93840,5.0
120,96737,4.0
120,97306,3.5
120,97913,4.0
120,99114,4.5
120,108932,4.5
120,109487,3.5
120,110102,4.0
120,111759,2.5
120,112183,4.0
120,112556,5.0
120,112852,4.0
120,115149,4.5
120,115569,4.0
120,115617,4.0
120,119145,4.0
120,122882,5.0
120,122886,2.0
120,122892,4.0
120,122900,3.0
120,122904,4.5
120,122906,3.5
120,122912,4.0
120,122914,4.5
120,122916,4.5
120,122918,4.5
120,122920,4.0
120,122922,3.5
120,122926,4.5
120,134130,4.5
120,140956,2.5
120,143345,4.0
120,152077,4.0
120,152081,4.5
120,164179,5.0
120,166528,4.0
120,168248,4.0
120,168250,4.0
120,168252,4.5
120,171763,4.0
120,176371,4.0
120,179401,4.0
120,182715,4.5
120,187593,4.5
120,195159,5.0
120,200818,4.0
120,201646,4.0
120,201773,4.5
120,202429,3.0
120,204698,4.0
120,205072,3.5
120,210577,3.5
120,210861,4.0
120,213207,3.5
120,226202,3.0
120,244334,3.0
120,251086,4.5
120,254726,4.5
120,268642,4.0
120,274053,3.5
120,276929,4.0
121,34,3.0
121,47,4.5
121,111,4.5
121,153,2.0
121,231,5.0
121,260,4.5
121,296,5.0
121,318,5.0
121,344,4.5
121,356,3.5
121,442,4.0
121,466,3.0
121,736,4.0
121,750,4.5
121,788,3.5
121,858,4.5
121,1136,4.0
121,1196,5.0
121,1197,3.0
121,1198,3.5
121,1210,5.0
121,1219,5.0
121,1221,5.0
121,1258,5.0
121,1270,4.0
121,1291,3.0
121,1356,4.0
121,1391,3.0
121,1407,2.5
121,1485,4.0
121,1517,3.5
121,1704,3.0
121,1923,3.5
121,2028,4.5
121,2324,5.0
121,2571,5.0
121,2628,3.0
121,2762,4.0
121,2858,3.5
121,3578,4.0
121,3752,4.5
121,3793,3.5
121,4306,3.5
121,4886,3.5
121,4963,3.5
121,4993,5.0
121,4995,5.0
121,5952,5.0
121,7153,5.0
121,8917,4.0
121,30707,4.0
121,32587,3.5
121,35836,3.5
121,48385,4.5
121,56174,3.5
121,58559,5.0
121,60684,5.0
121,64614,4.5
121,68954,4.5
121,71535,3.5
121,77561,3.0
121,79132,4.0
121,79702,2.5
121,81591,3.0
121,92259,3.5
121,95167,3.5
121,122904,4.0
121,134853,3.5
121,166528,3.5
121,203375,5.0
121,206449,3.0
121,209929,3.0
121,224266,3.0
121,224348,3.0
121,224545,3.5
121,225984,3.0
121,225998,2.5
122,296,4.0
122,581,4.0
122,1191,2.0
122,1192,4.5
122,1206,4.0
122,1258,2.5
122,1282,3.0
122,1476,2.5
122,1673,1.5
122,1721,3.0
122,1856,5.0
122,1914,4.0
122,1955,5.0
122,1958,4.0
122,2323,5.0
122,2324,5.0
122,2394,4.0
122,2395,4.0
122,2579,4.0
122,2712,4.5
122,2762,3.0
122,2858,4.5
122,2862,2.0
122,2959,4.0
122,3101,4.0
122,3182,4.5
122,3483,5.0
122,4778,5.0
122,4886,4.0
122,4973,4.0
122,5263,5.0
122,5377,3.0
122,5669,2.5
122,5971,5.0
122,6062,4.0
122,6377,3.0
122,6380,4.0
122,6433,1.5
122,6612,3.5
122,7141,4.0
122,7361,3.0
122,7618,4.5
122,8264,4.5
122,8464,1.5
122,8533,3.0
122,8622,2.0
122,8950,4.0
122,26326,4.5
122,26998,3.5
122,32139,3.0
122,34072,3.5
122,34542,3.0
122,39183,2.5
122,44191,4.0
122,44788,5.0
122,45950,2.5
122,47999,5.0
122,48262,2.5
122,51255,3.0
122,55247,3.0
122,55851,5.0
122,56367,3.0
122,58191,2.0
122,58376,5.0
122,59669,3.0
122,59684,3.0
122,60069,4.0
122,60376,2.0
122,60766,1.5
122,61236,2.5
122,62198,4.0
122,63082,3.0
122,63828,3.5
122,63876,4.5
122,65188,5.0
122,65660,4.5
122,68954,5.0
122,69757,2.0
122,71131,4.5
122,71462,4.5
122,71730,4.0
122,72226,5.0
122,72720,3.5
122,72781,4.5
122,72998,3.0
122,76866,5.0
122,77455,2.5
122,77907,4.5
122,78459,2.5
122,78746,4.5
122,79318,4.0
122,80862,2.0
122,81591,3.0
122,82150,5.0
122,82356,5.0
122,88022,1.0
122,90376,4.0
122,90378,4.0
122,90592,5.0
122,90943,3.5
122,92352,4.0
122,93821,3.0
122,94024,3.5
122,94752,4.0
122,94959,2.5
122,96150,2.5
122,96488,2.5
122,96606,5.0
122,97866,2.5
122,99355,4.0
122,99706,3.0
122,102588,4.0
122,104272,5.0
122,104757,3.5
122,105250,1.0
122,105801,3.0
122,106195,1.0
122,106230,5.0
122,107910,4.0
122,109720,3.5
122,111303,4.0
122,111626,3.0
122,112804,5.0
122,114126,2.5
122,114563,3.5
122,117887,5.0
122,124705,3.5
122,127112,3.5
122,127583,3.5
122,129951,4.0
122,130085,4.0
122,133367,4.5
122,134130,4.0
122,134166,3.0
122,134853,4.0
122,135480,0.5
122,135887,1.5
122,137282,1.0
122,139757,5.0
122,139775,1.0
122,139879,4.0
122,141751,3.5
122,141890,3.0
122,141956,2.5
122,143462,2.5
122,144174,4.0
122,148853,2.5
122,148984,3.5
122,152238,3.5
122,154358,3.5
122,156726,1.0
122,158571,5.0
122,158850,3.0
122,158856,4.0
123,260,5.0
123,318,3.0
123,527,4.5
123,1036,4.0
123,1196,5.0
123,1197,5.0
123,1198,5.0
123,1210,4.0
123,1265,2.5
123,1270,4.5
123,1291,4.0
123,2028,3.0
123,4993,4.0
123,5952,4.0
123,7153,4.0
123,33794,3.0
123,58559,2.5
123,68358,2.5
123,112852,3.5
123,122886,5.0
124,10,4.0
124,17,5.0
124,25,2.0
124,28,5.0
124,110,3.0
124,318,5.0
124,329,1.0
124,344,2.0
124,356,4.5
124,380,5.0
124,468,4.0
124,480,5.0
124,527,5.0
124,589,5.0
124,592,4.5
124,593,3.0
124,715,5.0
124,899,5.0
124,902,5.0
124,911,4.5
124,912,5.0
124,916,5.0
124,918,4.0
124,920,5.0
124,928,4.0
124,932,3.5
124,969,5.0
124,1097,3.5
124,1101,5.0
124,1183,4.0
124,1197,4.0
124,1198,5.0
124,1210,2.0
124,1221,4.0
124,1307,4.0
124,1371,1.0
124,1416,3.0
124,1517,1.0
124,1713,4.0
124,1722,4.0
124,1947,4.0
124,2020,5.0
124,2085,5.0
124,2269,4.0
124,2357,4.0
124,2393,1.0
124,2396,5.0
124,2629,3.0
124,2706,3.0
124,3004,4.0
124,3072,5.0
124,3082,4.0
124,3155,4.0
124,3252,4.0
124,3452,2.0
124,3534,3.0
124,3649,2.0
124,3824,2.0
124,3987,3.0
124,4024,4.0
124,4025,4.0
124,4069,3.5
124,4143,2.0
124,4144,4.5
124,4223,4.0
124,4246,5.0
124,4270,5.0
124,4306,5.0
124,4308,4.0
124,4310,4.0
124,4317,4.0
124,4356,3.0
124,4639,3.0
124,4718,3.0
124,4823,4.0
124,4865,3.0
124,4896,5.0
124,4973,5.0
124,4992,4.0
124,4993,4.0
124,4995,3.0
124,5128,4.0
124,5135,4.5
124,5151,3.5
124,5222,4.5
124,5266,3.5
124,5299,4.5
124,5380,4.0
124,5418,4.5
124,5502,3.5
124,5618,5.0
124,5646,5.0
124,5673,1.0
124,5812,4.0
124,5816,4.0
124,5945,5.0
124,5952,5.0
124,5957,4.0
124,5991,5.0
124,6155,4.5
124,6156,2.0
124,6157,2.0
124,6266,3.5
124,6367,4.5
124,6502,4.5
124,6539,5.0
124,6545,5.0
124,6591,3.0
124,6703,2.5
124,6711,3.5
124,6754,5.0
124,6942,5.0
124,6947,3.5
124,7143,3.5
124,7147,4.5
124,7153,5.0
124,7154,3.5
124,7162,4.5
124,7380,2.5
124,7454,3.0
124,8360,5.0
124,8368,5.0
125,32,5.0
125,44,2.5
125,70,3.5
125,145,3.0
125,1222,4.0
125,1408,5.0
125,1617,4.0
125,1673,3.5
125,1704,4.0
125,1732,5.0
125,1747,3.0
125,1748,4.0
125,2167,2.5
125,2321,3.5
125,2329,4.5
125,2529,3.5
125,2542,4.0
125,2571,5.0
125,2692,4.5
125,3160,3.5
125,3418,2.5
125,3753,2.0
125,3996,4.0
125,4638,3.0
125,4878,2.0
125,4886,3.0
125,4993,5.0
125,5378,2.5
125,5956,4.0
125,7063,4.5
125,8910,3.0
125,33493,2.5
125,34048,2.5
126,3751,3.0
126,4232,3.5
126,4306,4.5
126,4388,4.5
126,4447,4.0
126,4643,4.0
126,4718,5.0
126,4886,4.0
126,4896,4.0
126,4993,3.5
126,5349,3.0
126,5377,3.0
126,5481,4.0
126,5816,5.0
126,5952,3.5
126,6377,4.0
126,6539,5.0
126,7153,3.5
126,7254,5.0
126,8360,4.0
126,8368,4.0
126,8961,4.0
126,32031,4.0
126,34319,5.0
126,37729,4.0
126,41566,4.5
126,45722,5.0
126,47610,5.0
126,48385,2.0
126,50872,3.0
126,53125,4.5
126,53464,4.5
126,54001,4.0
126,54503,4.5
126,56174,3.5
126,56367,2.0
126,58559,3.0
126,59784,3.0
126,60069,4.0
126,63859,4.0
126,66097,4.5
126,68954,4.5
126,69122,4.0
126,69844,4.5
126,71535,4.5
126,72378,0.5
126,74789,4.0
126,76093,4.0
126,76251,4.0
126,78499,2.0
126,79091,4.5
126,81564,4.5
126,81834,4.5
126,81847,4.5
126,82461,4.5
126,86833,4.0
126,86880,4.5
126,88125,4.5
126,89745,4.5
126,90866,4.0
126,93840,4.0
126,95167,4.5
126,97913,4.5
126,98809,4.0
126,108932,3.5
126,112852,5.0
126,115617,5.0
126,115713,4.0
126,116797,4.5
126,116823,4.5
126,120466,4.0
126,127198,1.0
126,134853,5.0
126,142997,4.0
127,19,2.5
127,39,1.0
127,69,1.0
127,145,3.0
127,153,2.0
127,158,3.0
127,180,3.5
127,181,4.0
127,216,3.0
127,223,3.5
127,231,3.5
127,344,3.0
127,356,1.0
127,441,3.5
127,551,0.5
127,585,2.0
127,586,2.0
127,588,3.0
127,671,4.5
127,673,4.0
127,700,3.5
127,788,0.5
127,837,1.0
127,1136,5.0
127,1198,1.5
127,1215,4.0
127,1240,1.0
127,1387,2.5
127,1405,2.0
127,1476,0.5
127,1485,2.5
127,1517,3.0
127,1911,1.5
127,2060,5.0
127,2134,2.5
127,2161,3.0
127,2167,4.0
127,2325,4.5
127,2502,4.0
127,2572,2.0
127,2587,3.5
127,2617,3.0
127,2623,0.5
127,2683,3.5
127,2694,4.0
127,2700,4.5
127,2706,3.5
127,2761,3.5
127,2858,3.5
127,2860,2.5
127,3052,4.5
127,3114,2.0
127,3147,1.5
127,3157,3.0
127,3174,3.5
127,3253,3.0
127,3254,3.0
127,3263,0.5
127,3301,4.5
127,3316,3.0
127,3408,1.5
127,3454,1.0
127,3477,3.0
127,3483,3.5
127,3489,3.0
127,3556,3.0
127,3617,2.5
127,3624,4.0
127,3745,5.0
127,3751,3.5
127,3752,2.5
127,3753,3.5
127,3755,1.5
127,3785,3.0
127,3793,1.0
127,3857,2.5
127,3882,1.0
127,3893,1.5
127,3943,1.0
127,3948,2.5
127,3968,3.0
127,3969,2.5
127,3973,0.5
127,4011,0.5
127,4016,3.5
127,4022,1.5
127,4023,3.0
127,4025,2.0
127,4027,3.0
127,4054,1.0
127,4068,1.0
127,4128,4.5
127,4148,1.0
127,4149,4.0
127,4168,1.0
127,4228,3.5
127,4232,3.0
127,4247,1.5
127,4306,4.0
127,4366,0.5
127,4368,3.0
127,4369,3.0
127,4371,2.0
127,4450,4.0
127,4638,1.5
127,4639,2.0
127,4700,2.0
127,4701,3.0
127,4718,3.0
127,4719,2.5
127,4720,3.5
127,4728,2.0
127,4734,4.0
127,4744,2.0
127,4770,1.5
127,4771,3.0
127,4776,2.0
127,4816,4.0
127,4821,3.0
127,4823,3.0
127,4865,3.5
127,4876,2.0
127,4880,3.0
127,4885,3.5
127,4886,3.0
127,4896,0.5
127,4974,3.5
127,4989,3.0
127,4993,4.0
127,5009,2.5
127,5025,3.0
127,5080,1.0
127,5110,3.5
127,5218,1.0
127,5219,3.5
127,5254,4.0
127,5265,2.5
127,5266,3.0
127,5267,2.5
127,5283,3.0
127,5299,3.0
127,5312,2.5
127,5349,3.5
127,5378,1.5
127,5401,1.0
127,5414,3.0
127,5418,2.0
127,5444,2.5
127,5449,3.0
127,5459,0.5
127,5480,2.5
127,5481,3.5
127,5502,3.5
127,5504,3.0
127,5505,3.5
127,5507,3.5
127,5572,2.5
127,5673,4.0
127,5679,4.0
127,5785,1.5
127,5804,1.0
127,5810,1.5
127,5816,0.5
127,5941,2.0
127,5952,4.0
127,6005,0.5
127,6006,2.5
127,6058,3.0
127,6157,5.0
127,6188,3.5
127,6212,0.5
127,6266,2.5
127,6287,3.5
127,6290,1.0
127,6323,3.0
127,6338,3.5
127,6365,2.0
127,6373,1.0
127,6377,2.0
127,6502,4.0
127,6536,2.0
127,6537,2.5
127,6539,2.5
127,6548,2.0
127,6586,2.5
127,6593,3.5
127,6707,2.5
127,6753,2.5
127,6754,4.5
127,6764,3.5
127,6811,2.0
127,6820,2.5
127,6863,3.5
127,6874,1.0
127,6887,4.0
127,6936,3.5
127,6957,3.5
127,7048,3.0
127,7150,3.0
127,7153,4.0
127,7161,3.5
127,7163,2.5
127,7254,5.0
127,7261,2.0
127,7285,4.5
127,7293,4.0
127,7317,3.5
127,7325,4.5
127,7347,0.5
127,7373,3.5
127,7376,3.5
127,7381,4.0
127,7438,4.0
127,7451,5.0
127,8360,4.0
127,8361,4.5
127,8368,0.5
127,8372,1.0
127,8376,5.0
127,8528,4.5
127,8636,3.5
127,8641,5.0
127,8784,5.0
127,8917,5.0
127,8934,1.5
127,8947,4.0
128,1,3.5
128,7,3.0
128,17,3.5
128,25,3.5
128,70,2.0
128,104,1.0
128,110,4.0
128,150,2.5
128,165,2.5
128,185,3.0
128,196,2.0
128,216,1.0
128,231,1.0
128,253,2.5
128,260,3.0
128,292,3.5
128,296,1.5
128,303,1.5
128,318,2.0
128,339,3.5
128,349,3.0
128,350,3.5
128,356,5.0
128,357,3.0
128,364,2.5
128,367,2.5
128,368,2.5
128,377,4.0
128,383,3.0
128,432,2.0
128,434,3.0
128,435,1.0
128,442,1.5
128,454,3.5
128,457,3.5
128,474,3.5
128,480,3.5
128,497,3.5
128,539,3.0
128,553,4.5
128,587,3.5
128,588,3.0
128,590,5.0
128,593,4.0
128,597,2.0
128,648,3.5
128,784,1.0
128,799,3.0
128,802,4.0
128,909,3.5
128,955,4.0
128,1027,3.5
128,1036,4.0
128,1088,3.0
128,1097,3.5
128,1100,2.0
128,1101,2.5
128,1129,3.0
128,1135,3.0
128,1196,3.5
128,1197,4.0
128,1198,3.5
128,1200,4.0
128,1201,3.0
128,1210,4.0
128,1214,2.5
128,1240,3.5
128,1265,3.5
128,1266,3.5
128,1270,4.0
128,1278,3.5
128,1291,3.5
128,1303,3.5
128,1304,3.5
128,1321,3.0
128,1327,3.0
128,1339,2.5
128,1346,2.0
128,1350,3.0
128,1378,3.0
128,1380,2.5
128,1385,2.0
128,1387,3.5
128,1393,3.0
128,1408,3.5
128,1500,3.5
128,1527,4.0
128,1556,2.0
128,1566,3.0
128,1580,3.5
128,1610,3.5
128,1645,2.5
128,1653,3.5
128,1674,3.5
128,1682,2.5
128,1721,3.0
128,1726,3.5
128,1777,2.5
128,1779,3.0
128,1894,3.0
128,1907,3.5
128,1923,2.0
128,1954,3.5
128,1961,4.0
128,1968,3.0
128,1994,3.0
128,1997,3.0
128,2000,3.5
128,2005,3.5
128,2011,3.0
128,2028,4.0
128,2040,3.0
128,2058,3.0
128,2080,3.5
128,2100,2.5
128,2115,2.0
128,2133,3.5
128,2143,1.5
128,2145,2.5
128,2194,4.0
128,2245,3.0
128,2268,2.0
128,2294,3.5
128,2322,2.5
128,2324,4.5
128,2335,1.0
128,2340,3.5
128,2353,3.5
128,2401,2.5
128,2403,3.5
128,2405,2.5
128,2406,3.5
128,2409,3.0
128,2410,3.0
128,2424,2.5
128,2476,4.0
128,2478,2.0
128,2496,3.5
128,2527,2.5
128,2537,2.5
128,2571,4.0
128,2605,3.0
128,2616,1.0
128,2628,3.0
128,2640,3.0
128,2694,1.5
128,2699,3.0
128,2701,2.0
128,2710,3.0
128,2762,4.5
128,2763,3.0
128,2791,2.5
128,2797,3.0
128,2826,3.5
128,2915,3.0
128,2918,3.5
128,2921,2.5
128,2922,2.5
128,2942,3.0
128,2950,2.5
128,2951,2.5
128,3034,3.0
128,3037,5.0
128,3074,3.5
128,3107,3.5
128,3109,3.5
128,3114,2.5
128,3146,0.5
128,3147,4.5
128,3157,3.0
128,3175,2.5
128,3198,3.5
128,3256,3.0
128,3257,3.0
128,3259,4.0
128,3285,1.5
128,3360,4.0
128,3365,2.5
128,3409,3.0
128,3441,2.5
128,3489,1.5
128,3494,2.5
128,3505,3.0
128,3508,2.5
128,3524,3.5
128,3578,4.0
128,3624,2.5
128,3671,2.5
128,3681,3.0
128,3705,3.0
128,3708,3.0
128,3723,3.0
128,3740,1.5
128,3751,3.0
128,3753,4.5
128,3769,3.5
128,3791,3.5
128,3793,3.0
128,3825,2.5
128,3834,2.0
128,3861,3.5
128,3948,2.0
128,3977,2.0
128,3979,1.0
128,3994,3.5
128,3996,2.0
128,4000,4.0
128,4016,3.0
128,4018,3.0
128,4022,4.0
128,4025,3.5
128,4027,3.0
128,4041,3.5
128,4132,3.0
128,4161,3.0
128,4223,3.5
128,4226,3.5
128,4247,1.5
128,4306,5.0
128,4308,3.5
128,4310,3.0
128,4321,2.5
128,4329,2.5
128,4340,0.5
128,4351,2.5
128,4361,3.5
128,4411,3.0
128,4447,3.0
128,4473,4.0
128,4487,2.0
128,4489,2.5
128,4499,2.5
128,4508,4.0
128,4621,3.0
128,4629,3.5
128,4654,3.5
128,4700,3.5
128,4710,3.0
128,4714,2.5
128,4720,3.5
128,4754,3.0
128,4790,2.5
128,4816,1.0
128,4835,4.0
128,4878,1.5
128,4886,5.0
128,4958,3.5
128,4963,3.0
128,4993,4.0
128,5199,3.0
128,5207,2.5
128,5219,2.0
128,5237,3.5
128,5378,3.0
128,5382,1.5
128,5418,4.5
128,5444,3.0
128,5445,3.5
128,5449,1.0
128,5480,3.0
128,5481,2.0
128,5502,3.5
128,5543,1.5
128,5553,3.0
128,5582,2.5
128,5699,2.5
128,5747,3.0
128,5784,2.5
128,5899,3.5
128,5915,3.0
128,5942,0.5
128,5952,4.0
128,5989,4.0
128,5995,3.5
128,6078,3.5
128,6156,2.5
128,6297,3.0
128,6377,3.5
128,6392,3.0
128,6394,2.5
128,6401,2.5
128,6413,2.5
128,6428,2.5
128,6469,2.5
128,6478,2.5
128,6502,3.5
128,6539,4.0
128,6565,3.5
128,6593,2.5
128,6624,2.0
128,6659,3.5
128,6874,2.0
128,6893,3.0
128,6936,3.5
128,6944,3.0
128,6947,4.0
128,6950,4.0
128,7001,3.5
128,7012,3.0
128,7033,3.0
128,7036,2.0
128,7101,2.5
128,7143,4.0
128,7153,3.5
128,7265,3.0
128,7293,3.5
128,7318,5.0
128,7324,3.5
128,7360,4.0
128,7387,4.0
128,7438,2.0
128,7444,2.5
128,7454,3.0
128,7458,3.5
128,7617,2.5
128,7669,5.0
128,8039,3.0
128,8225,2.5
128,8373,2.5
128,8464,3.0
128,8528,1.0
128,8614,3.5
128,8622,1.0
128,8623,2.5
128,8644,3.0
128,8665,4.0
128,8798,3.5
128,8810,3.0
128,8874,2.5
128,8961,4.0
128,25938,3.0
128,26256,2.5
128,30816,3.5
128,30825,1.0
128,31221,2.5
128,31685,3.0
128,31696,3.0
128,33036,3.5
128,33615,3.5
128,33830,2.0
128,33836,3.0
128,34048,3.5
128,34072,3.5
128,34405,3.0
128,39435,2.5
128,40629,3.0
128,44022,3.5
128,44225,2.5
128,45442,3.0
128,45668,3.5
128,45672,2.0
128,45720,3.0
128,45732,2.5
128,46972,3.0
128,46976,4.0
128,47810,2.5
128,48304,3.5
128,49272,3.5
128,49286,3.0
128,50068,4.0
128,50872,3.0
128,51091,3.5
128,51662,3.5
128,52281,2.0
128,53000,2.5
128,53318,3.5
128,54121,3.0
128,54286,4.0
128,54997,2.5
128,56152,3.5
128,56174,4.0
128,56801,2.5
128,57528,3.5
128,57951,3.0
128,58025,3.0
128,58975,2.5
128,59900,1.0
128,60069,2.5
128,60397,2.5
128,61250,3.0
128,64983,3.5
128,68954,4.0
128,69406,3.5
128,71282,3.0
128,71535,2.5
128,73321,3.0
128,74154,2.5
128,74948,3.0
128,76093,3.0
128,77201,4.0
128,78041,2.5
128,79132,2.5
128,79695,3.5
128,80363,2.0
128,81847,3.0
128,82202,3.0
128,82459,3.0
128,82852,1.0
128,82854,3.0
128,83086,3.5
128,83613,2.5
128,83777,2.5
128,84152,3.5
128,84374,2.5
128,84954,3.0
128,87867,2.0
128,87876,2.5
128,88744,3.0
128,89470,3.5
128,89492,4.0
128,90345,2.5
128,91658,4.0
128,95167,3.0
128,96588,3.5
128,98809,3.5
128,99007,2.5
128,99112,3.0
128,100163,3.0
128,101864,3.0
128,102407,3.5
128,102445,4.0
128,102903,3.0
128,103249,5.0
128,103372,3.5
128,103384,2.5
128,104243,3.0
128,104841,4.0
128,105653,3.0
128,106696,3.0
128,106918,3.5
128,107069,3.5
128,107406,2.0
128,109673,3.0
128,110453,4.5
128,111360,3.0
128,111443,4.5
128,111659,2.5
128,111743,2.5
128,111759,4.0
128,112138,2.0
128,112171,2.0
128,112852,4.0
128,114662,3.5
128,115149,4.0
128,115713,4.0
128,119145,3.5
128,122900,3.0
128,122904,2.5
128,122918,3.5
128,122922,3.0
128,125495,2.5
128,132480,3.5
128,134130,4.5
128,134528,3.5
128,135137,2.0
128,135569,2.5
128,139385,4.0
128,144976,3.5
128,155509,4.0
128,158528,3.5
128,160080,3.0
128,160438,3.5
128,160980,4.5
128,161634,3.5
128,161650,3.0
128,162082,3.5
128,162322,3.0
128,162600,2.5
128,162606,4.0
128,163645,4.0
128,165603,3.0
128,166528,3.0
128,166534,3.5
128,166635,3.0
128,168252,2.5
128,168366,2.5
128,170827,2.5
128,173925,4.0
128,174055,3.5
128,176929,3.5
128,177765,3.0
128,185029,3.5
128,189363,3.0
128,191483,2.5
128,192283,3.0
128,192389,2.5
128,193944,3.5
128,193950,3.0
128,194951,4.0
128,196889,4.0
128,197207,3.5
128,197663,3.5
128,197689,3.0
128,199223,2.0
128,199910,5.0
128,201190,2.5
128,201749,2.5
128,204352,3.0
128,205072,2.5
128,205076,3.5
128,208703,3.0
128,208971,4.0
128,212461,3.5
128,213347,4.0
128,213892,3.5
128,223876,4.0
128,225920,2.5
128,242774,3.0
128,249540,3.5
128,251086,3.0
128,254460,3.5
128,270526,3.0
128,274157,3.5
128,276929,3.5
128,278080,2.0
129,46,4.0
129,293,5.0
129,527,5.0
129,1282,3.0
129,1441,3.0
129,1997,3.0
129,2003,3.0
129,2713,2.0
129,2747,4.0
129,2791,3.0
129,2858,5.0
129,3155,4.0
129,3556,5.0
129,3578,5.0
129,3617,4.0
129,3618,4.0
129,3717,5.0
129,3751,3.0
129,3753,5.0
129,3755,2.0
129,3785,3.0
129,3863,4.0
129,3979,4.0
129,3996,5.0
129,4002,3.0
129,4019,5.0
129,4039,5.0
129,4040,1.0
130,1,3.0
130,6,5.0
130,7,4.0
130,10,4.0
130,16,5.0
130,19,3.0
130,21,5.0
130,22,3.0
130,25,5.0
130,32,5.0
130,34,3.0
130,39,4.0
130,47,4.0
130,50,5.0
130,58,5.0
130,81,5.0
130,95,5.0
130,110,5.0
130,111,4.0
130,112,4.0
130,117,3.0
130,124,5.0
130,141,4.0
130,145,3.0
130,150,2.0
130,151,3.0
130,153,3.0
130,159,3.0
130,163,5.0
130,164,4.0
130,165,3.0
130,173,4.0
130,185,3.0
130,194,4.0
130,198,3.0
130,208,3.0
130,225,3.0
130,231,4.0
130,236,3.0
130,253,3.0
130,260,5.0
130,273,4.0
130,288,3.0
130,290,5.0
130,292,3.0
130,296,5.0
130,306,3.0
130,315,3.0
130,316,3.0
130,329,3.0
130,339,3.0
130,344,3.0
130,349,3.0
130,353,4.0
130,356,3.0
130,357,3.0
130,364,3.0
130,367,3.0
130,368,4.0
130,370,3.0
130,372,4.0
130,377,4.0
130,380,3.0
130,412,4.0
130,420,3.0
130,428,3.0
130,431,4.0
130,434,3.0
130,440,4.0
130,442,3.0
130,454,3.0
130,457,5.0
130,466,3.0
130,474,3.0
130,475,3.0
130,480,3.0
130,481,4.0
130,482,4.0
130,485,3.0
130,493,3.0
130,497,4.0
130,508,3.0
130,509,4.0
130,535,3.0
130,539,3.0
130,541,5.0
130,552,3.0
130,553,5.0
130,555,5.0
130,586,3.0
130,587,3.0
130,589,5.0
130,590,3.0
130,592,4.0
130,593,4.0
130,597,4.0
130,628,3.0
130,648,4.0
130,733,5.0
130,736,3.0
130,778,4.0
130,780,2.0
130,782,3.0
130,786,4.0
130,805,3.0
130,832,3.0
130,852,4.0
130,858,5.0
130,866,4.0
130,899,5.0
130,912,5.0
130,924,5.0
130,1047,4.0
130,1061,3.0
130,1073,4.0
130,1084,4.0
130,1097,3.0
130,1172,5.0
130,1179,4.0
130,1193,4.0
130,1196,4.0
130,1198,4.0
130,1200,4.0
130,1201,4.0
130,1208,5.0
130,1210,4.0
130,1214,5.0
130,1219,3.0
130,1221,5.0
130,1222,4.0
130,1225,5.0
130,1228,4.0
130,1240,4.0
130,1246,5.0
130,1247,5.0
130,1250,5.0
130,1259,4.0
130,1263,4.0
130,1270,5.0
130,1271,4.0
130,1275,3.0
130,1291,4.0
130,1300,4.0
130,1304,4.0
130,1307,4.0
130,1343,5.0
130,1356,3.0
131,1,4.0
131,17,5.0
131,32,3.0
131,34,3.0
131,39,4.0
131,62,3.0
131,260,3.5
131,296,2.5
131,357,3.0
131,364,2.5
131,455,1.0
131,497,4.5
131,500,1.0
131,520,2.5
131,539,2.0
131,586,1.0
131,588,4.0
131,593,3.0
131,597,3.0
131,608,2.5
131,708,3.5
131,736,3.0
131,780,3.0
131,912,3.5
131,920,3.5
131,924,1.0
131,953,3.0
131,1028,3.0
131,1035,4.0
131,1073,4.0
131,1080,4.5
131,1136,4.0
131,1196,3.0
131,1197,5.0
131,1210,3.0
131,1220,3.5
131,1225,2.5
131,1246,3.0
131,1265,4.0
131,1307,3.0
131,1391,2.5
131,1407,1.0
131,1416,3.0
131,1453,1.0
131,1485,1.0
131,1527,4.0
131,1580,3.0
131,1641,3.0
131,1644,1.0
131,1682,4.5
131,1704,3.5
131,1721,1.5
131,1777,4.0
131,1923,1.5
131,1961,3.5
131,2054,1.0
131,2236,0.5
131,2316,1.0
131,2321,3.0
131,2324,4.5
131,2336,3.5
131,2354,3.0
131,2396,3.5
131,2424,2.0
131,2542,3.5
131,2571,3.5
131,2572,2.0
131,2617,1.0
131,2671,3.0
131,2692,3.5
131,2699,1.5
131,2762,4.0
131,2888,1.5
131,2997,3.0
131,3051,0.5
131,3077,4.0
131,3114,3.5
131,3147,3.0
131,3175,2.5
131,3225,0.5
131,3751,3.5
131,3948,2.0
131,4014,2.0
131,4022,3.0
131,4025,4.0
131,4027,4.0
131,4226,4.5
131,4246,4.5
131,4306,4.0
131,4308,3.5
131,4310,0.5
131,4372,3.0
131,4447,4.0
131,4720,3.0
131,4878,5.0
131,4886,4.0
131,4963,4.0
131,4973,4.5
131,4979,2.5
131,4993,4.0
131,4995,4.0
131,5218,3.5
131,5299,3.5
131,5377,3.0
131,5380,3.0
131,5669,3.5
131,5679,2.5
131,5952,4.0
131,5956,2.5
131,5991,3.5
131,6212,2.0
131,6218,4.0
131,6711,3.0
131,6863,4.0
131,6942,4.0
131,7153,4.0
131,7361,5.0
131,8622,3.5
131,8784,5.0
131,8949,2.5
131,8961,4.5
131,8984,1.5
131,33679,2.5
131,38038,3.5
131,39183,4.5
131,40819,2.5
131,44195,4.0
131,46578,5.0
131,46976,4.5
131,48385,4.0
131,49272,3.5
131,54286,3.5
131,59369,1.0
131,60069,4.0
131,61323,4.0
132,73,4.5
132,223,5.0
132,318,5.0
132,405,3.0
132,558,4.5
132,1587,4.0
132,1753,3.5
132,1873,4.0
132,2080,3.5
132,2382,4.0
132,2471,3.5
132,3624,4.5
132,3959,4.5
132,4254,3.5
132,4701,4.0
132,5040,4.5
132,6156,4.5
132,6996,2.5
132,60074,3.0
132,68954,4.5
132,73804,4.5
133,50,5.0
133,318,5.0
133,527,5.0
133,541,5.0
133,593,5.0
133,608,4.5
133,750,5.0
133,858,5.0
133,1136,5.0
133,1196,5.0
133,1198,5.0
133,1214,5.0
133,1221,5.0
133,1653,3.5
133,1721,3.5
133,2028,5.0
133,2571,4.5
133,2762,5.0
133,2959,4.0
133,3578,4.0
133,4226,4.0
133,7153,4.0
133,54286,4.0
133,58559,5.0
133,59315,4.0
133,68157,4.0
133,68954,4.0
133,79132,4.0
133,84152,3.0
133,96079,3.0
133,122914,4.0
133,183837,3.0
133,194448,4.0
133,197529,3.0
133,197879,4.0
133,202429,3.5
134,236,3.0
134,333,3.0
134,480,3.0
134,586,3.0
134,628,5.0
134,914,5.0
134,919,3.0
134,920,5.0
134,1025,3.0
134,1197,3.0
134,1210,5.0
134,1219,5.0
134,1307,5.0
134,1377,5.0
134,1562,5.0
134,1588,3.0
134,1721,4.0
134,1777,3.0
134,2081,5.0
134,2125,4.0
134,2170,4.0
134,2430,4.0
134,2541,4.0
134,2558,3.0
134,2565,5.0
134,2572,4.0
134,2683,4.0
134,2687,4.0
134,2701,3.0
134,2792,4.0
134,2875,4.0
134,2918,4.0
134,3179,3.0
134,3248,4.0
134,3598,5.0
134,3844,5.0
134,3988,5.0
134,4016,4.0
134,4228,4.0
134,4306,4.0
134,4308,5.0
134,4343,3.0
134,4366,4.0
134,4367,4.0
134,4369,2.0
134,4638,4.0
134,4703,3.0
134,4770,2.0
134,4993,5.0
134,4995,3.0
134,5102,5.0
135,1,5.0
135,50,4.5
135,110,1.5
135,230,1.5
135,260,5.0
135,273,1.5
135,296,4.0
135,318,4.5
135,319,3.0
135,362,2.5
135,377,2.5
135,380,3.5
135,441,4.0
135,457,3.0
135,480,4.5
135,527,3.5
135,589,4.0
135,593,3.5
135,616,2.0
135,745,3.5
135,750,3.5
135,928,3.0
135,968,2.0
135,1036,5.0
135,1079,4.5
135,1097,4.5
135,1127,3.0
135,1136,3.5
135,1148,4.0
135,1196,5.0
135,1197,4.5
135,1198,5.0
135,1200,4.5
135,1201,4.0
135,1210,5.0
135,1214,5.0
135,1215,4.0
135,1220,4.5
135,1223,3.5
135,1240,3.5
135,1261,4.5
135,1265,3.5
135,1270,5.0
135,1274,3.5
135,1278,4.5
135,1291,5.0
135,1307,3.0
135,1347,3.0
135,1356,2.5
135,1373,2.0
135,1374,4.0
135,1387,3.5
135,1500,3.5
135,1527,4.5
135,1580,3.5
135,1680,2.0
135,1682,3.5
135,1717,2.0
135,1805,3.5
135,1967,3.5
135,1968,3.0
135,2005,4.0
135,2011,4.0
135,2012,5.0
135,2115,4.0
135,2140,5.0
135,2161,3.5
135,2174,4.0
135,2193,4.0
135,2329,3.5
135,2355,3.0
135,2490,2.5
135,2571,4.0
135,2707,3.0
135,2716,5.0
135,2761,4.5
135,2795,2.5
135,2797,3.5
135,2858,3.0
135,2951,3.5
135,2959,4.0
135,2987,5.0
135,3039,4.5
135,3114,4.5
135,3147,3.5
135,3471,3.0
135,3527,4.0
135,3552,2.5
135,3671,3.0
135,3793,3.0
135,3996,4.0
135,4027,3.5
135,4226,3.0
135,4306,4.0
135,4886,4.5
135,4896,2.5
135,4963,3.0
135,4973,3.5
135,4993,5.0
135,5349,3.0
135,5618,4.5
135,5782,3.5
135,5903,3.5
135,5952,5.0
135,6333,2.5
135,6377,3.5
135,6539,4.5
135,7022,3.5
135,7153,5.0
135,7361,3.5
135,8368,4.0
135,8636,2.5
135,8874,5.0
135,8961,4.0
135,31658,3.5
135,33794,3.0
135,34405,5.0
135,40815,3.5
135,48780,3.5
135,58559,4.0
135,59315,3.5
135,60069,4.0
135,66934,4.5
135,68954,3.5
135,71535,4.0
135,76093,3.5
135,79132,3.5
135,89745,4.5
136,260,3.0
136,318,5.0
136,356,5.0
136,1704,5.0
136,4232,1.5
136,4995,5.0
136,5995,4.5
136,8361,4.0
136,49272,4.5
136,58559,4.5
136,63072,3.5
136,68358,4.5
136,70286,4.0
136,72998,4.5
136,79132,4.5
136,80463,4.0
136,88744,3.0
136,89745,3.5
136,91500,4.0
136,91529,4.5
136,92259,5.0
136,93510,4.0
136,94864,4.5
136,96079,5.0
136,98809,5.0
136,102445,5.0
136,103688,3.5
136,104841,3.5
136,106782,4.0
136,108190,3.5
136,109487,5.0
136,111113,2.5
136,111759,4.5
136,112138,3.0
136,112623,3.5
136,112852,5.0
136,114180,3.5
136,114662,4.0
136,115713,4.0
136,116823,4.0
136,117529,3.5
136,117895,4.0
136,118696,4.0
136,119145,4.5
136,120466,4.0
136,130490,3.0
136,132046,4.0
136,132796,2.5
136,134130,5.0
136,136020,5.0
136,143385,3.5
136,164179,2.5
137,13,4.0
137,34,3.5
137,48,5.0
137,158,4.0
137,260,5.0
137,337,0.5
137,355,3.0
137,356,4.0
137,362,0.5
137,364,5.0
137,480,5.0
137,551,0.5
137,586,1.5
137,588,5.0
137,594,5.0
137,596,5.0
137,616,5.0
137,631,5.0
137,709,5.0
137,783,5.0
137,899,5.0
137,910,5.0
137,914,5.0
137,916,3.0
137,919,5.0
137,1015,1.5
137,1022,5.0
137,1023,5.0
137,1025,5.0
137,1028,4.0
137,1029,4.0
137,1032,0.5
137,1033,5.0
137,1097,2.5
137,1196,5.0
137,1207,5.0
137,1210,5.0
137,1219,5.0
137,1258,0.5
137,1282,1.0
137,1286,5.0
137,1367,1.0
137,1380,3.0
137,1489,5.0
137,1517,4.0
137,1566,5.0
137,1674,5.0
137,1682,0.5
137,1688,5.0
137,1721,0.5
137,1784,2.0
137,1894,5.0
137,1907,5.0
137,1967,5.0
137,2018,5.0
137,2033,4.0
137,2080,5.0
137,2081,5.0
137,2083,5.0
137,2085,3.5
137,2087,5.0
137,2089,3.5
137,2090,5.0
137,2096,5.0
137,2100,3.5
137,2123,5.0
137,2137,5.0
137,2139,5.0
137,2142,5.0
137,2174,1.0
137,2291,5.0
137,2354,0.5
137,2355,2.0
137,2420,3.0
137,2683,3.5
137,2687,3.0
137,2739,5.0
137,2918,0.5
137,2987,5.0
137,3000,5.0
137,3034,5.0
137,3054,5.0
137,3081,2.0
137,3114,4.0
137,3253,5.0
137,3254,5.0
137,3489,5.0
137,3524,5.0
137,3552,2.0
137,3751,3.0
137,3809,5.0
137,3964,5.0
137,3988,0.5
137,3996,4.0
137,4016,1.5
137,4306,4.0
137,4361,5.0
137,4366,3.0
137,5159,5.0
137,5481,5.0
137,5618,5.0
137,5690,5.0
137,5903,0.5
137,5971,5.0
137,6350,5.0
137,6377,2.5
137,6863,0.5
137,6936,5.0
137,7178,3.5
137,7451,0.5
137,7720,5.0
137,8360,3.0
137,8376,4.0
137,8533,5.0
137,8641,5.0
137,8651,5.0
137,25856,5.0
137,26084,5.0
137,26662,5.0
137,26858,5.0
137,26903,5.0
137,30793,0.5
137,31658,3.5
137,31923,5.0
137,35836,5.0
137,40629,5.0
137,40819,0.5
137,41566,1.5
137,43560,0.5
137,45431,1.0
137,45517,1.0
137,45672,0.5
137,45720,0.5
137,46578,3.0
137,46972,2.0
137,48982,2.0
137,49272,0.5
137,49274,2.5
137,49817,5.0
137,50872,2.5
137,51077,3.0
137,53996,0.5
137,54190,0.5
137,54229,5.0
137,56367,0.5
137,58490,5.0
137,59018,0.5
137,59315,1.0
137,60069,5.0
137,61024,0.5
137,64614,5.0
137,69644,2.0
137,72261,5.0
137,72641,4.0
137,78499,5.0
137,79091,5.0
137,79428,5.0
137,81512,3.0
137,85316,5.0
137,86882,5.0
137,88163,5.0
137,91337,5.0
137,91500,0.5
137,92719,5.0
137,93272,5.0
137,94953,0.5
137,95309,5.0
137,97913,3.5
137,101142,2.5
137,108932,5.0
137,115945,5.0
137,115949,5.0
137,122886,5.0
137,130522,3.0
137,131168,5.0
137,131248,1.0
137,135216,5.0
137,142628,5.0
137,166528,5.0
138,1,3.0
138,16,3.5
138,29,4.0
138,32,4.5
138,47,4.5
138,50,5.0
138,88,3.0
138,107,2.0
138,111,3.5
138,123,5.0
138,126,1.0
138,160,0.5
138,163,3.0
138,165,3.0
138,169,1.0
138,172,1.5
138,223,4.5
138,253,3.0
138,260,3.5
138,267,2.5
138,293,3.5
138,296,4.5
138,318,5.0
138,333,3.5
138,344,2.0
138,345,3.5
138,353,3.0
138,355,1.0
138,370,3.5
138,374,1.5
138,377,2.5
138,380,2.0
138,441,4.0
138,471,4.0
138,520,4.0
138,533,2.5
138,541,4.5
138,543,3.5
138,546,1.0
138,551,5.0
138,553,3.5
138,562,4.5
138,589,2.5
138,593,4.5
138,608,4.0
138,610,3.0
138,653,3.0
138,661,3.5
138,663,5.0
138,671,3.5
138,673,0.5
138,720,5.0
138,733,1.5
138,737,0.5
138,741,4.0
138,745,4.0
138,750,4.0
138,778,4.5
138,780,2.5
138,784,3.0
138,832,2.5
138,880,1.0
138,904,4.0
138,924,4.5
138,968,3.5
138,1036,3.5
138,1060,4.0
138,1073,4.5
138,1080,4.0
138,1089,4.5
138,1097,3.0
138,1104,2.5
138,1136,5.0
138,1148,4.5
138,1193,4.0
138,1196,4.0
138,1197,4.0
138,1198,3.5
138,1200,4.5
138,1201,4.0
138,1206,4.5
138,1214,4.5
138,1215,3.5
138,1217,5.0
138,1218,4.0
138,1222,4.0
138,1223,5.0
138,1241,4.5
138,1252,4.0
138,1256,3.5
138,1258,4.0
138,1261,2.5
138,1262,3.0
138,1274,3.5
138,1278,3.5
138,1282,4.5
138,1288,4.5
138,1297,3.5
138,1307,4.0
138,1321,4.0
138,1347,3.5
138,1348,4.0
138,1358,4.0
138,1380,3.5
138,1485,1.0
138,1500,2.0
138,1591,2.0
138,1597,2.0
138,1603,1.5
138,1617,4.0
138,1639,3.0
138,1653,1.0
138,1676,1.0
138,1732,4.5
138,1747,2.0
138,1748,4.5
138,1805,2.0
138,1845,3.5
138,1876,2.0
138,1884,3.5
138,1889,4.5
138,1895,3.5
138,1921,3.5
138,1945,3.5
138,1953,4.0
138,1967,5.0
138,1994,4.0
138,1997,4.5
138,2004,1.5
138,2005,4.0
138,2011,3.0
138,2019,4.5
138,2046,4.5
138,2053,1.0
138,2076,4.0
138,2082,2.5
138,2083,5.0
138,2109,4.0
138,2110,3.5
138,2133,2.5
138,2141,2.5
138,2161,5.0
138,2162,4.0
138,2167,3.0
138,2174,4.0
138,2193,3.5
138,2291,4.5
138,2318,4.5
138,2329,3.5
138,2359,4.0
138,2363,4.5
138,2395,3.5
138,2502,3.5
138,2542,3.5
138,2571,3.5
138,2572,1.5
138,2579,4.5
138,2580,2.5
138,2599,2.5
138,2617,2.0
138,2628,2.0
138,2648,4.0
138,2686,4.5
138,2692,3.5
138,2693,3.5
138,2700,4.5
138,2706,2.5
138,2707,4.0
138,2713,2.0
138,2716,4.0
138,2723,2.5
138,2746,4.5
138,2761,4.5
138,2770,2.0
138,2788,4.5
138,2791,4.5
138,2794,4.0
138,2795,4.5
138,2804,4.5
138,2826,2.5
138,2858,3.5
138,2890,3.5
138,2918,4.0
138,2952,4.5
138,2959,4.0
138,2968,3.5
138,2987,4.5
138,2995,2.0
138,2997,4.0
138,3000,4.5
138,3016,4.0
138,3040,1.5
138,3052,3.5
138,3081,3.5
138,3129,3.5
138,3146,0.5
138,3153,3.5
138,3177,1.5
138,3186,1.5
138,3189,3.0
138,3190,2.0
138,3210,3.0
138,3265,4.0
138,3267,4.0
138,3271,4.0
138,3300,3.5
138,3396,4.5
138,3409,2.0
138,3421,2.0
138,3429,5.0
138,3439,2.5
138,3440,2.5
138,3481,3.5
138,3484,1.0
138,3536,1.5
138,3546,3.0
138,3552,3.0
138,3556,4.5
138,3564,0.5
138,3578,4.0
138,3593,0.5
138,3617,1.5
138,3637,5.0
138,3646,1.0
138,3655,4.5
138,3671,4.0
138,3672,2.5
138,3703,3.0
138,3704,2.0
138,3706,4.5
138,3730,4.5
138,3741,4.5
138,3751,3.5
138,3760,3.0
138,3783,5.0
138,3785,3.5
138,3788,4.0
138,3793,2.0
138,3826,2.5
138,3852,3.5
138,3863,3.5
138,3868,4.5
138,3882,1.5
138,3897,3.0
138,3911,5.0
138,3949,4.0
138,3968,2.0
138,3994,3.5
138,3996,4.0
138,4011,4.0
138,4016,2.5
138,4020,4.0
138,4022,2.5
138,4025,2.0
138,4027,3.5
138,4034,4.0
138,4085,2.5
138,4090,4.5
138,4105,4.0
138,4158,4.0
138,4166,4.0
138,4218,4.0
138,4226,3.5
138,4235,4.5
138,4239,3.0
138,4248,1.5
138,4306,3.0
138,4327,4.0
138,4329,3.0
138,4333,1.0
138,4340,0.5
138,4343,1.5
138,4344,1.0
138,4366,2.0
138,4369,1.0
138,4378,5.0
138,4467,4.0
138,4483,2.0
138,4489,2.0
138,4553,1.5
138,4571,3.0
138,4638,1.5
138,4641,4.0
138,4642,4.5
138,4686,2.5
138,4718,1.5
138,4720,3.5
138,4728,4.0
138,4765,4.5
138,4816,2.0
138,4823,4.5
138,4824,4.0
138,4846,3.5
138,4865,3.5
138,4873,3.5
138,4876,1.5
138,4878,4.5
138,4881,4.0
138,4886,4.0
138,4890,3.5
138,4902,4.0
138,4914,5.0
138,4973,4.0
138,4974,1.5
138,4975,2.0
138,4979,4.0
138,4980,2.5
138,4993,4.0
138,4995,3.0
138,5047,1.0
138,5074,4.5
138,5105,5.0
138,5299,4.0
138,5303,2.5
138,5349,4.0
138,5452,1.5
138,5464,4.0
138,5483,4.0
138,5500,3.5
138,5502,1.0
138,5617,3.5
138,5618,4.5
138,5666,4.0
138,5669,2.5
138,5679,3.5
138,5690,5.0
138,5782,3.5
138,5902,4.0
138,5903,3.0
138,5952,4.0
138,5954,4.0
138,5971,4.5
138,5989,3.0
138,6003,3.5
138,6016,4.0
138,6104,4.0
138,6197,4.5
138,6242,4.0
138,6281,1.5
138,6296,4.5
138,6331,4.5
138,6333,4.0
138,6375,5.0
138,6377,3.5
138,6380,4.5
138,6482,0.5
138,6502,4.0
138,6539,4.0
138,6586,1.0
138,6611,3.5
138,6618,4.0
138,6620,4.0
138,6711,4.0
138,6807,4.0
138,6857,3.0
138,6863,4.0
138,6870,4.5
138,6874,4.0
138,6957,5.0
138,6963,4.5
138,6987,4.0
138,7022,3.5
138,7067,4.5
138,7090,4.5
138,7091,4.5
138,7099,4.5
138,7124,1.5
138,7137,4.0
138,7147,5.0
138,7153,4.0
138,7163,2.0
138,7360,3.0
138,7361,4.0
138,7387,4.0
138,7438,4.5
138,7445,4.0
138,7454,0.5
138,7647,5.0
138,7706,5.0
138,7790,1.0
138,7836,4.5
138,7845,1.5
138,7899,4.0
138,7932,4.5
138,8014,4.0
138,8157,4.0
138,8197,4.5
138,8364,3.5
138,8370,4.5
138,8376,3.5
138,8464,2.5
138,8507,3.5
138,8528,2.5
138,8607,4.5
138,8633,4.0
138,8636,4.0
138,8751,4.5
138,8783,2.0
138,8784,3.0
138,8798,4.5
138,8807,3.5
138,8874,4.0
138,8910,4.5
138,8914,4.5
138,8917,2.5
138,8950,3.5
138,8961,4.0
138,8981,3.5
138,8983,4.5
138,26776,4.0
138,26865,4.5
138,27801,4.5
138,27869,4.5
138,27876,4.0
138,27899,3.5
138,27912,4.0
138,30707,4.5
138,30793,4.5
138,30810,4.5
138,31682,4.0
138,31878,4.0
138,32349,4.0
138,32587,5.0
138,32666,1.0
138,33085,3.5
138,33138,4.5
138,33166,4.5
138,33493,3.0
138,33639,3.5
138,33677,4.0
138,33683,4.0
138,33794,4.5
138,34048,1.0
138,34143,1.5
138,34162,3.5
138,34323,2.0
138,34334,1.0
138,34645,4.5
139,1,4.0
139,19,4.0
139,110,4.0
139,153,4.5
139,165,4.5
139,173,4.0
139,260,4.0
139,316,4.5
139,344,4.5
139,355,3.0
139,356,4.5
139,364,4.0
139,367,4.0
139,586,4.0
139,588,5.0
139,648,4.0
139,750,5.0
139,912,2.0
139,1036,4.5
139,1101,4.0
139,1356,4.0
139,1374,4.0
139,1515,4.0
139,1517,2.0
139,1580,4.5
139,1713,4.0
139,1721,4.5
139,1917,4.5
139,2028,5.0
139,2054,4.0
139,2253,3.5
139,2393,4.0
139,2662,3.0
139,2683,2.5
139,2826,4.0
139,3053,4.0
139,3114,4.0
139,3157,4.5
139,3435,4.0
139,3452,4.0
139,3578,4.5
139,3624,3.0
139,3793,4.0
139,3996,4.0
139,4306,4.5
139,4973,1.0
139,4993,5.0
139,5952,5.0
139,6016,3.0
139,7153,5.0
139,8132,4.5
139,33162,5.0
139,45950,4.0
139,48385,1.5
139,49272,4.5
139,49530,4.0
139,51662,4.0
140,34,4.5
140,260,4.0
140,318,5.0
140,356,4.5
140,527,5.0
140,1196,4.5
140,1221,4.5
140,1704,4.5
140,2329,5.0
140,2858,4.0
140,2959,4.5
140,3147,4.5
140,3916,5.0
140,4993,4.5
140,5952,4.5
140,6016,4.5
140,6870,3.5
140,7153,5.0
140,30707,5.0
140,31685,4.0
140,44555,4.5
140,47099,5.0
140,48780,5.0
140,54001,4.5
140,56587,3.5
140,58803,5.0
140,60069,4.5
140,68954,4.0
140,72641,5.0
140,74458,3.5
140,76093,3.5
140,79132,5.0
140,81229,4.0
140,89492,4.5
140,89774,4.5
140,92259,5.0
140,93510,4.0
140,94959,2.0
140,96821,5.0
140,97921,4.5
140,99114,4.5
140,102903,5.0
140,104913,4.5
140,106782,4.5
140,106920,5.0
140,109487,5.0
140,111759,4.0
140,112138,3.5
140,112552,4.5
140,112556,4.5
140,112852,5.0
140,114935,4.5
140,115210,4.0
140,116797,5.0
140,119145,5.0
140,122882,3.5
140,122904,5.0
140,122918,5.0
140,122920,3.5
140,122922,5.0
140,134130,5.0
140,135143,5.0
140,135436,3.5
140,140110,3.0
140,140174,4.5
140,142488,4.0
140,148626,5.0
140,160954,3.0
140,160980,4.0
140,161131,5.0
140,161582,3.0
140,165551,4.0
140,166528,5.0
140,166635,5.0
140,168250,4.0
140,168254,2.5
140,170697,5.0
140,174055,4.5
140,176101,5.0
140,177593,5.0
140,177765,5.0
140,187593,5.0
141,253,4.0
141,293,5.0
141,551,4.0
141,593,3.5
141,778,4.0
141,912,4.0
141,1089,4.0
141,1246,4.5
141,1285,4.0
141,1645,4.5
141,1688,4.5
141,1921,4.0
141,2124,4.0
141,2160,4.0
141,2291,3.5
141,2858,5.0
141,2959,5.0
141,3186,3.5
141,3503,4.0
141,3535,3.5
141,3550,3.0
141,3556,4.0
141,3897,4.0
141,3910,4.5
141,4014,4.5
141,4226,4.0
141,4641,4.0
141,4886,4.0
141,4973,3.5
141,5618,5.0
141,5991,5.0
141,5995,4.0
141,7347,3.0
141,7371,4.5
141,7380,3.0
141,8529,3.5
141,8981,4.0
141,25914,4.5
141,26662,4.5
141,26680,3.5
141,26776,4.0
141,26903,4.0
141,27773,4.5
141,30793,4.0
141,31658,5.0
141,31696,4.0
141,32840,3.5
141,34437,3.0
141,37729,3.5
141,40966,3.5
141,41571,3.5
141,41699,4.5
141,48997,4.0
141,50872,3.5
141,53318,3.5
141,56757,5.0
141,57504,4.0
141,57669,4.0
141,58154,3.5
141,58559,3.5
141,59725,2.5
141,64993,4.0
141,65261,4.0
141,66097,4.0
141,70093,4.0
141,70293,3.0
141,74545,3.0
141,74553,4.0
141,78174,3.5
141,78335,5.0
141,79091,4.5
141,79357,4.5
141,79702,4.0
141,81456,5.0
141,81564,3.5
141,81591,4.0
141,85372,3.0
141,88179,2.5
141,89118,4.5
141,89480,2.0
141,90405,3.5
141,94478,3.5
141,94959,4.0
141,95873,3.5
141,96821,3.5
141,96829,4.5
141,96966,4.0
141,97306,3.5
141,98975,3.5
141,101088,3.5
141,101498,4.0
141,103980,3.5
141,105355,3.0
141,105593,4.0
141,105835,3.5
141,105869,4.0
141,106920,4.0
141,106983,4.0
141,107314,3.5
141,107771,4.5
141,108981,3.5
141,109374,5.0
141,111659,3.0
141,112183,3.5
141,112552,4.5
141,113225,4.0
141,115122,4.0
141,116797,4.5
141,117444,3.5
141,118896,4.0
141,122922,3.0
141,127114,4.0
141,127130,4.0
141,127202,3.5
141,128360,4.5
141,128838,3.5
141,134021,4.5
141,134107,4.0
141,134252,4.5
141,135536,2.5
141,139385,3.5
141,139415,2.5
141,140267,3.5
141,140956,3.5
141,141004,3.0
141,141397,2.5
141,141688,3.5
141,142456,4.0
141,142488,3.0
141,152081,3.5
141,155064,3.5
141,156605,3.5
141,158238,3.5
141,158528,1.5
141,158783,5.0
141,158966,4.5
141,159191,3.5
141,159193,3.5
141,162634,2.0
141,162738,3.5
141,163134,4.0
141,163809,4.0
141,165551,3.5
141,166788,4.0
141,166940,4.0
141,167794,5.0
141,168492,4.0
141,171007,1.0
141,171141,2.5
141,173941,3.0
141,175303,3.0
141,175429,4.0
141,175755,4.0
141,176419,5.0
141,177615,3.5
141,178061,4.0
141,180297,3.5
141,186991,2.5
141,193147,3.0
142,2,4.0
142,3,3.0
142,7,3.0
142,10,3.0
142,14,4.0
142,17,4.0
142,21,4.0
142,24,4.0
142,25,4.0
142,32,5.0
142,45,4.0
142,50,4.0
142,52,4.0
142,58,4.0
142,62,4.0
142,105,3.0
142,107,3.0
142,141,4.0
142,194,4.0
142,608,4.0
142,610,4.0
142,637,3.0
142,736,3.0
142,778,5.0
142,780,3.0
142,800,4.0
143,3,3.0
143,7,5.0
143,9,3.0
143,12,3.0
143,17,3.0
143,62,5.0
143,64,4.0
143,66,3.0
143,74,3.0
143,95,5.0
143,96,3.0
143,100,1.0
143,102,4.0
143,107,3.0
143,117,2.0
143,129,3.0
143,137,3.0
143,138,3.0
143,152,4.0
143,236,5.0
143,376,4.0
143,494,3.0
143,605,4.0
143,609,4.0
143,617,4.0
143,618,2.0
143,626,3.0
143,631,3.0
143,648,4.0
143,653,3.0
143,664,2.0
143,707,2.0
143,719,3.0
143,733,4.0
143,736,4.0
143,743,3.0
143,780,4.0
143,784,2.0
143,786,5.0
143,816,3.0
143,828,5.0
143,830,4.0
143,832,5.0
143,839,2.0
143,848,3.0
143,986,4.0
143,994,2.0
143,1003,3.0
143,1004,3.0
143,1040,4.0
143,1042,4.0
143,1047,3.0
143,1058,3.0
143,1059,4.0
143,1353,4.0
143,1354,4.0
143,1355,5.0
143,1356,4.0
143,1357,3.0
143,1358,3.0
143,1359,3.0
143,1364,2.0
143,1365,4.0
143,1366,3.0
143,1367,4.0
143,1368,3.0
144,6,4.0
144,47,5.0
144,50,5.0
144,161,4.5
144,208,2.0
144,288,5.0
144,293,4.5
144,296,5.0
144,318,5.0
144,349,4.0
144,356,4.0
144,480,3.5
144,527,5.0
144,541,5.0
144,589,4.0
144,593,4.5
144,608,4.5
144,733,3.5
144,750,5.0
144,780,3.0
144,858,5.0
144,923,4.0
144,924,5.0
144,1089,4.5
144,1198,4.5
144,1201,4.0
144,1208,5.0
144,1213,5.0
144,1214,4.5
144,1240,4.5
144,1270,4.5
144,1573,3.5
144,1584,3.5
144,1625,4.0
144,1653,4.0
144,1917,3.0
144,2028,4.5
144,2571,5.0
144,2762,4.5
144,2858,3.5
144,2916,4.5
144,2959,5.0
144,3275,4.0
144,3300,3.0
144,3408,4.0
144,3555,3.5
144,3578,4.0
144,3717,3.0
144,3755,3.5
144,3897,4.0
144,3994,4.0
144,4011,5.0
144,4223,3.5
144,4226,4.5
144,4306,4.5
144,4310,4.0
144,4370,3.5
144,4878,4.5
144,4886,4.0
144,4995,4.0
144,5010,4.5
144,5108,4.0
144,5377,3.5
144,5445,4.0
144,5502,4.0
144,6016,4.5
144,6214,4.0
144,6365,3.5
144,6377,4.0
144,6874,4.5
144,6934,3.0
144,6947,3.5
144,7438,4.5
144,8360,2.5
144,8361,2.5
144,8783,4.0
144,8798,3.5
144,27773,5.0
144,30707,4.0
144,30812,4.0
144,33679,4.0
144,34048,3.5
144,44191,4.5
144,44199,4.5
144,48774,4.5
144,49278,4.0
144,51662,4.5
144,53996,2.5
144,55820,5.0
144,59615,2.0
144,60069,4.5
144,61323,4.5
144,67255,4.0
144,68157,5.0
144,70286,4.5
144,71535,4.5
144,74458,4.0
144,76093,4.5
144,79132,3.5
144,80463,3.5
144,90405,4.0
144,96610,4.0
144,99114,4.5
144,102903,4.0
144,103341,3.5
144,103883,3.5
144,104841,4.0
144,109487,4.5
144,111364,1.0
144,111759,3.5
144,112171,4.0
144,112852,4.0
144,115149,4.5
144,116797,4.0
144,119145,4.5
144,122904,4.5
144,134130,3.5
144,148626,4.5
144,162082,3.5
144,164179,4.5
144,166534,4.0
144,170705,5.0
144,185029,3.5
144,194951,4.0
144,196029,3.5
144,196889,4.0
144,202439,5.0
144,204352,3.0
144,204698,4.5
144,205072,4.0
144,207830,2.0
144,208703,4.5
144,209497,3.5
144,213129,2.5
144,213914,3.5
144,220792,3.5
144,226270,4.0
144,265432,3.5
144,284937,3.5
145,2,3.0
145,11,4.0
145,19,5.0
145,21,3.0
145,32,4.0
145,47,4.0
145,110,5.0
145,150,4.0
145,153,3.0
145,160,3.0
145,165,3.0
145,173,2.0
145,208,3.0
145,231,4.0
145,253,3.0
145,266,5.0
145,288,1.0
145,292,4.0
145,296,3.0
145,316,4.0
145,318,5.0
145,329,3.0
145,344,3.0
145,349,3.0
145,350,5.0
145,356,3.0
145,357,3.0
145,367,5.0
145,377,3.0
145,380,3.0
145,410,2.0
145,420,1.0
145,434,3.0
145,435,3.0
145,480,4.0
145,500,5.0
145,527,5.0
145,539,5.0
145,587,5.0
145,590,4.0
145,592,3.0
145,597,3.0
146,10,3.0
146,13,5.0
146,19,3.0
146,21,4.0
146,34,5.0
146,39,5.0
146,45,4.0
146,153,3.0
146,157,3.0
146,163,3.0
146,185,3.0
146,186,1.0
146,208,2.0
146,231,3.0
146,234,4.0
146,248,4.0
146,256,3.0
146,260,5.0
146,293,5.0
146,296,4.0
146,303,3.0
146,305,1.0
146,316,3.0
146,317,1.0
146,327,4.0
146,344,5.0
146,348,3.0
146,357,2.0
146,364,3.0
146,367,4.0
146,370,4.0
146,377,3.0
146,380,5.0
146,410,5.0
146,413,3.0
146,434,3.0
146,435,3.0
146,440,3.0
146,445,3.0
146,457,5.0
146,466,4.0
146,468,1.0
146,480,3.0
146,485,3.0
146,497,4.0
146,500,3.0
146,520,3.0
146,539,2.0
146,541,5.0
146,542,3.0
146,543,4.0
146,546,3.0
146,551,5.0
146,552,4.0
146,585,4.0
146,588,3.0
146,589,5.0
146,592,2.0
146,595,4.0
146,610,3.0
146,616,3.0
146,709,3.0
146,1022,3.0
146,1029,3.0
146,1030,3.0
146,1033,3.0
146,1057,3.0
146,1101,2.0
146,1136,5.0
146,1148,5.0
146,1188,4.0
146,1196,5.0
146,1197,5.0
146,1198,5.0
146,1200,4.0
146,1201,4.0
146,1210,5.0
146,1215,4.0
146,1220,4.0
146,1223,5.0
146,1240,4.0
146,1257,3.0
146,1265,4.0
146,1270,5.0
146,1275,4.0
146,1278,4.0
146,1285,2.0
146,1291,5.0
146,1297,2.0
146,1304,3.0
146,1307,2.0
146,1320,4.0
146,1370,2.0
146,1374,3.0
146,1375,2.0
146,1376,3.0
146,1377,3.0
146,1380,5.0
146,1394,5.0
146,1396,5.0
146,1485,5.0
146,1588,5.0
146,1606,5.0
146,1639,4.0
146,1676,5.0
146,1682,5.0
146,1688,3.0
146,1690,5.0
146,1713,3.0
146,1722,4.0
146,1732,3.0
146,1801,5.0
147,110,5.0
147,785,5.0
147,858,5.0
147,908,4.0
147,1127,3.0
147,1210,4.0
147,1221,5.0
147,2023,4.0
147,2097,4.0
147,2403,4.0
147,2502,4.0
147,2605,1.0
147,2683,5.0
147,2699,3.0
147,2706,5.0
147,2716,5.0
147,2804,5.0
147,2826,3.0
147,2900,2.0
147,2959,5.0
147,3005,3.0
147,3113,3.0
147,3160,4.0
147,3175,3.0
147,3203,3.0
147,3298,4.0
147,3543,2.0
147,3578,5.0
147,3593,1.0
147,3623,3.0
147,3717,3.0
147,3877,1.0
147,3952,3.0
147,3977,3.0
148,1,1.0
148,2,2.5
148,10,4.0
148,47,3.5
148,50,4.0
148,110,4.0
148,111,3.0
148,165,4.0
148,260,4.5
148,288,1.0
148,293,3.5
148,296,4.5
148,333,0.5
148,364,2.5
148,480,3.0
148,541,3.0
148,551,0.5
148,588,2.0
148,589,3.5
148,592,1.0
148,593,3.5
148,594,1.0
148,595,1.0
148,596,1.0
148,608,2.5
148,610,1.0
148,648,3.5
148,733,4.0
148,858,4.0
148,903,1.0
148,919,0.5
148,924,1.0
148,953,0.5
148,969,1.0
148,971,1.0
148,1017,1.0
148,1028,1.0
148,1036,4.0
148,1073,1.0
148,1079,1.0
148,1088,0.5
148,1089,3.0
148,1090,3.5
148,1097,2.0
148,1131,1.0
148,1196,4.5
148,1198,4.0
148,1200,3.5
148,1206,2.0
148,1210,4.0
148,1214,4.0
148,1220,0.5
148,1221,4.0
148,1222,4.0
148,1240,3.5
148,1258,2.0
148,1270,3.0
148,1291,3.5
148,1345,1.0
148,1380,0.5
148,1387,1.0
148,1449,1.0
148,1544,3.0
148,1573,2.5
148,1587,1.0
148,1676,3.0
148,1954,2.5
148,1974,1.0
148,1982,0.5
148,1994,1.0
148,1997,2.0
148,2011,3.0
148,2012,3.0
148,2019,4.0
148,2028,3.5
148,2078,2.0
148,2080,1.0
148,2085,1.0
148,2115,3.5
148,2116,3.0
148,2193,1.0
148,2294,2.0
148,2329,3.0
148,2366,1.0
148,2376,4.0
148,2398,1.0
148,2402,3.5
148,2403,3.0
148,2409,2.0
148,2470,2.5
148,2495,1.0
148,2502,3.0
148,2571,4.5
148,2648,1.0
148,2696,1.0
148,2706,3.5
148,2710,1.0
148,2716,0.5
148,2858,1.0
148,2947,4.5
148,2948,4.5
148,2949,5.0
148,2959,4.5
148,2985,2.0
148,2989,3.5
148,2990,4.0
148,2991,4.0
148,2993,5.0
148,3114,0.5
148,3275,3.0
148,3471,0.5
148,3508,1.0
148,3527,3.0
148,3552,1.0
148,3578,3.5
148,3635,3.5
148,3638,3.0
148,3639,3.5
148,3742,1.0
148,3752,0.5
148,3984,4.5
148,4005,4.0
148,4011,3.0
148,4018,0.5
148,4262,3.5
148,4299,2.0
148,4306,0.5
148,4310,2.0
148,4519,1.0
148,4638,2.5
148,4718,3.0
148,4776,3.5
148,4886,1.0
148,4896,3.5
148,4963,4.0
148,4993,4.0
148,5218,1.0
148,5254,1.0
148,5418,3.5
148,5618,3.5
148,5679,1.0
148,5816,3.5
148,5872,3.0
148,5952,4.0
148,5956,3.5
148,5989,4.0
148,6016,1.0
148,6156,1.0
148,6157,2.5
148,6281,3.5
148,6291,2.5
148,6365,4.0
148,6537,3.0
148,6564,2.5
148,6796,1.0
148,6874,4.0
148,6888,1.0
148,6934,4.0
148,7022,4.0
148,7099,1.0
148,7116,1.0
148,7143,3.5
148,7153,4.0
148,7254,3.5
148,7438,4.0
148,7439,2.5
148,7573,3.0
148,8360,1.0
148,8361,3.0
148,8368,3.5
148,8376,0.5
148,8507,1.0
148,8665,3.5
148,8907,1.0
148,8972,3.5
148,32587,3.0
148,33162,3.0
148,33166,3.0
148,33493,3.5
148,33794,3.5
148,34405,3.0
148,39446,3.0
148,40339,1.5
148,42734,1.0
148,42738,3.0
148,44191,3.5
148,45431,1.0
148,45722,4.0
148,46723,1.0
148,48516,4.0
148,48744,1.0
148,49272,3.5
148,50872,1.0
148,51662,3.5
148,51935,3.0
148,52435,0.5
148,52722,2.5
148,53121,1.0
148,53322,3.5
148,53972,3.5
148,54281,1.0
148,54286,3.5
148,54997,3.0
148,55276,3.0
148,55768,1.0
148,55820,4.0
148,55995,1.5
148,56367,0.5
148,56782,3.0
148,56949,1.0
148,57528,2.0
148,58156,1.0
148,58299,1.0
148,58559,4.0
148,59315,4.0
148,59369,3.5
148,59421,1.0
148,59725,0.5
148,59784,1.0
148,60074,1.0
148,60487,1.0
148,61160,1.0
148,61240,1.0
148,61323,3.0
148,63853,1.0
148,63859,1.0
148,64034,1.0
148,64249,1.0
148,66097,1.0
148,67408,1.0
148,67734,1.0
148,68791,3.0
148,68954,0.5
148,69644,1.0
148,69784,1.0
148,69844,3.5
148,71264,1.0
148,72226,1.0
148,72489,1.5
148,72641,1.0
148,72737,1.0
148,72998,4.0
148,73017,3.5
148,74458,4.0
148,74545,3.0
148,74754,1.0
148,76077,1.0
148,76251,1.0
148,77561,3.5
148,77866,2.5
148,78105,2.0
148,78499,0.5
148,78637,1.0
148,79132,3.5
148,79139,2.5
148,79242,1.0
148,79251,1.0
148,79695,2.5
148,80615,1.0
148,81564,1.0
148,81834,3.0
148,81847,1.0
148,82169,1.0
148,83132,1.0
148,84152,3.0
148,84637,1.0
148,84772,1.0
148,84944,1.0
148,85414,4.0
148,86298,1.0
148,86833,1.0
148,86880,3.0
148,86882,1.0
148,86911,1.0
148,87869,0.5
148,87876,1.0
148,88125,3.5
148,88810,1.0
148,89774,1.0
148,90647,1.0
148,90866,1.0
148,91077,1.5
148,91094,1.0
148,91485,2.5
148,91529,3.0
148,91535,3.0
148,91542,3.0
148,91630,3.0
148,91974,2.0
148,93272,1.0
148,94959,1.0
148,95167,1.0
148,95510,3.0
148,96821,1.0
148,97913,1.0
148,98243,1.0
148,98809,3.5
148,99114,1.0
148,100083,1.0
148,100611,1.0
148,101142,1.0
148,102125,3.0
148,102407,3.0
148,102720,1.0
148,103141,1.0
148,103335,1.0
148,103772,1.0
148,105468,1.0
148,105844,1.0
148,106072,1.0
148,106489,3.0
148,106696,1.0
148,106782,4.0
148,108932,1.0
148,109846,1.0
148,110102,1.0
148,112175,1.0
148,112290,1.0
148,115617,1.0
148,115713,3.5
148,117176,2.0
148,117851,1.0
148,120138,1.0
148,122886,3.0
148,130520,1.0
148,134853,1.0
148,136016,1.0
148,142827,1.0
149,6,3.0
149,21,4.0
149,170,1.0
149,260,4.0
149,265,4.0
149,296,5.0
149,457,5.0
149,527,5.0
149,589,4.0
149,593,5.0
149,597,3.0
149,608,5.0
149,762,1.0
149,839,1.0
149,858,3.0
149,1081,4.0
149,1197,3.0
149,1214,5.0
149,1270,3.0
149,1297,2.0
149,1307,5.0
149,1590,1.0
149,1912,5.0
149,1958,5.0
149,1968,5.0
149,2009,4.0
149,2028,5.0
149,2058,4.0
149,2065,4.0
149,2137,4.0
149,2138,5.0
149,2144,5.0
149,2174,2.0
149,2243,5.0
149,2248,5.0
149,2263,3.0
149,2346,5.0
149,2406,4.0
149,2463,4.0
149,2527,3.0
149,2571,5.0
149,2692,4.0
149,2716,4.0
149,2746,3.0
149,2750,4.0
149,2791,2.0
149,2804,4.0
149,2858,5.0
149,2908,4.0
149,2915,4.0
149,2918,4.0
149,2973,5.0
149,3072,5.0
149,3173,2.0
149,3183,5.0
149,3210,3.0
149,3267,3.0
149,3361,4.0
149,3418,5.0
149,3424,3.0
149,3471,5.0
149,3481,4.0
149,3526,4.0
149,3534,4.0
149,3552,2.0
149,3727,4.0
149,3819,4.0
150,1,4.0
150,29,5.0
150,34,5.0
150,448,4.0
150,527,4.0
150,541,5.0
150,608,5.0
150,968,5.0
150,1079,4.0
150,1096,3.0
150,1132,3.0
150,1148,5.0
150,1196,4.0
150,1197,5.0
150,1198,4.0
150,1199,5.0
150,1200,4.0
150,1211,4.0
150,1217,4.0
150,1218,3.0
150,1224,3.0
150,1225,4.0
150,1231,5.0
150,1236,5.0
150,1238,4.0
150,1240,4.0
150,1242,4.0
150,1258,4.0
150,1259,4.0
150,1261,5.0
150,1266,5.0
150,1274,3.0
150,1288,5.0
150,1293,3.0
150,1296,3.0
150,1297,4.0
150,1307,4.0
150,1343,3.0
150,1344,5.0
150,1374,5.0
150,1376,4.0
150,1378,3.0
150,1394,5.0
150,1584,4.0
150,1648,4.0
150,1663,4.0
150,1704,4.0
150,1957,3.0
150,1960,3.0
150,1961,3.0
150,1965,5.0
150,1967,3.0
150,2000,3.0
150,2020,4.0
150,2064,4.0
150,2118,4.0
150,2134,3.0
150,2146,2.0
150,2148,3.0
150,2149,3.0
150,2150,4.0
150,2173,4.0
150,2193,1.0
150,2248,5.0
150,2288,4.0
150,2311,3.0
150,2313,4.0
150,2362,4.0
150,2396,4.0
150,2401,4.0
150,2406,3.0
150,2432,1.0
150,2467,4.0
150,2492,4.0
150,2497,3.0
150,2501,4.0
150,2506,2.0
150,2518,3.0
150,2529,5.0
150,2563,4.0
150,2571,4.0
150,2580,4.0
150,2582,4.0
150,2583,5.0
150,2628,3.0
150,2710,3.0
150,2716,4.0
150,2739,3.0
150,2762,5.0
150,2791,3.0
150,2797,4.0
150,2857,4.0
150,2858,5.0
150,2901,5.0
150,2919,3.0
150,2921,5.0
150,2938,5.0
150,2968,5.0
150,3481,5.0
151,6,4.0
151,32,4.5
151,36,2.0
151,47,5.0
151,110,3.0
151,145,4.0
151,150,4.0
151,163,4.5
151,165,4.0
151,253,4.5
151,260,3.0
151,288,4.0
151,293,3.5
151,296,5.0
151,316,2.5
151,318,1.0
151,349,3.5
151,353,4.5
151,356,4.0
151,370,4.0
151,377,3.0
151,380,2.0
151,457,4.0
151,474,3.5
151,480,2.0
151,508,2.0
151,541,4.0
151,555,4.0
151,589,4.0
151,593,4.0
151,648,3.5
151,733,3.0
151,736,2.5
151,778,3.5
151,780,3.0
151,832,2.5
151,858,5.0
151,1036,3.5
151,1079,3.5
151,1089,4.5
151,1090,4.5
151,1097,2.0
151,1100,3.0
151,1196,3.0
151,1197,0.5
151,1198,2.0
151,1200,3.0
151,1208,5.0
151,1214,3.5
151,1222,4.0
151,1234,3.0
151,1240,4.0
151,1291,2.0
151,1295,3.5
151,1298,4.5
151,1299,4.0
151,1370,3.5
151,1391,3.5
151,1405,4.0
151,1517,4.0
151,1527,3.5
151,1544,3.0
151,1573,3.0
151,1580,3.0
151,1608,3.0
151,1610,3.5
151,1625,4.0
151,1676,3.5
151,1682,3.5
151,1732,2.0
151,1909,3.5
151,1917,1.0
151,1918,4.0
151,1962,1.0
151,1968,3.5
151,2000,3.5
151,2001,4.0
151,2002,4.0
151,2023,4.5
151,2028,4.0
151,2167,3.5
151,2193,2.0
151,2278,4.0
151,2329,3.5
151,2355,0.5
151,2403,3.0
151,2411,1.0
151,2571,5.0
151,2617,3.5
151,2710,1.5
151,2712,4.5
151,2739,1.5
151,2858,4.5
151,2916,3.5
151,2918,5.0
151,2959,4.5
151,2985,2.0
151,3006,3.5
151,3020,4.0
151,3081,3.0
151,3147,1.5
151,3252,3.0
151,3275,4.0
151,3285,2.5
151,3408,3.0
151,3409,2.0
151,3504,4.0
151,3527,3.5
151,3552,2.5
151,3578,4.0
151,3615,2.0
151,3623,3.5
151,3703,3.5
151,3744,4.0
151,3751,1.0
151,3753,3.0
151,3784,1.0
151,3793,0.5
151,3821,1.0
151,3868,4.0
151,3869,4.0
151,3946,3.5
151,3968,3.0
151,3977,2.0
151,3994,3.5
151,4007,3.0
151,4018,3.0
151,4022,2.0
151,4027,0.5
151,4052,3.0
151,4069,0.5
151,4085,4.0
151,4226,5.0
151,4246,3.5
151,4254,0.5
151,4262,4.5
151,4270,4.0
151,4306,1.0
151,4310,3.0
151,4369,3.0
151,4448,3.5
151,4848,5.0
151,4878,5.0
151,4886,1.0
151,4896,3.5
151,4901,3.5
151,4963,4.0
151,4973,4.0
151,4981,4.5
151,4993,4.5
151,4995,2.0
151,5010,3.5
151,5049,4.0
151,5093,3.5
151,5128,4.5
151,5218,3.0
151,5219,4.0
151,5254,4.0
151,5299,3.0
151,5378,3.0
151,5400,4.0
151,5418,4.0
151,5445,4.0
151,5459,3.5
151,5481,4.0
151,5528,3.5
151,5574,4.0
151,5618,1.0
151,5621,0.5
151,5669,2.5
151,5679,4.0
151,5785,4.5
151,5816,3.5
151,5872,4.0
151,5903,3.5
151,5952,4.5
151,5956,3.0
151,5992,2.0
151,6003,3.5
151,6016,2.5
151,6333,1.0
151,6365,5.0
151,6373,3.0
151,6377,1.0
151,6378,3.0
151,6482,3.5
151,6502,4.0
151,6537,3.5
151,6539,3.5
151,6548,3.5
151,6550,3.0
151,6564,3.5
151,6664,3.0
151,6709,5.0
151,6711,5.0
151,6754,4.5
151,6774,4.0
151,6787,3.0
151,6874,5.0
151,6934,5.0
151,7143,3.5
151,7153,4.5
151,7254,3.5
151,7347,3.5
151,7361,4.0
151,7362,3.0
151,7369,0.5
151,7387,3.0
151,7438,5.0
151,7445,3.0
151,7454,3.5
151,8360,1.0
151,8361,3.0
151,8368,4.0
151,8371,4.0
151,8464,3.5
151,8529,4.0
151,8622,4.0
151,8636,3.5
151,8641,3.0
151,8644,4.0
151,8665,4.5
151,8783,3.5
151,8784,2.0
151,8810,2.5
151,8860,2.5
151,8874,4.0
151,8969,2.5
151,8972,3.5
151,8984,4.0
151,8985,3.5
151,27238,4.5
151,27821,4.0
151,27839,4.0
151,30707,3.5
151,30812,3.0
151,30825,2.0
151,31410,4.0
151,31685,2.0
151,31696,4.5
151,31804,3.5
151,32587,5.0
151,32596,3.5
151,33145,2.5
151,33158,3.0
151,33166,4.5
151,33493,2.5
151,33615,1.0
151,33679,2.5
151,33794,3.0
151,34048,3.0
151,34072,0.5
151,34319,2.0
151,34405,3.5
151,34437,4.5
151,36517,3.5
151,36519,3.5
151,37380,3.0
151,37729,0.5
151,37731,3.0
151,37741,2.5
151,38061,4.5
151,39292,3.5
151,40278,4.0
151,40583,3.5
151,40819,4.0
151,41566,2.5
151,42718,3.5
151,42723,0.5
151,42738,4.5
151,43836,1.0
151,43919,3.0
151,44022,2.5
151,44191,3.0
151,44195,3.5
151,44397,0.5
151,44665,4.0
151,44694,2.0
151,44974,3.5
151,45062,3.5
151,45186,3.5
151,45431,1.0
151,45447,5.0
151,45672,2.5
151,45720,2.5
151,45722,3.0
151,46335,2.5
151,46723,3.5
151,46965,1.0
151,46972,3.5
151,47044,4.0
151,47200,4.0
151,47491,2.5
151,48304,3.0
151,48322,4.0
151,48385,4.0
151,48516,4.0
151,48774,3.5
151,48780,3.0
151,49272,4.0
151,49278,3.5
151,50794,4.0
151,50798,1.5
151,51086,4.0
151,51255,4.0
151,51662,4.0
151,51935,4.5
151,52245,1.5
151,52281,5.0
151,52950,3.5
151,53000,3.5
151,53318,5.0
151,53322,4.0
151,53519,5.0
151,53894,3.0
151,53953,3.5
151,53972,4.0
151,54001,3.5
151,54286,4.5
151,54995,5.0
151,55232,4.0
151,55247,3.5
151,55267,3.0
151,55282,3.5
151,55290,3.5
151,55444,3.5
151,55577,0.5
151,55765,4.0
151,55820,4.0
151,56171,3.0
151,56174,4.0
151,56587,3.0
151,56775,3.0
151,56782,2.0
151,57274,3.0
151,57368,4.0
151,57528,3.0
151,58025,4.0
151,58295,4.0
151,58376,3.0
151,58559,3.0
151,59000,4.5
151,59369,3.0
151,59615,2.5
151,60040,2.0
151,60072,3.0
151,60074,4.0
151,61248,3.5
151,62394,3.5
151,62439,4.0
151,62849,4.0
151,63062,2.0
151,63082,3.0
151,63113,4.5
151,64030,3.5
151,64614,4.0
151,64983,4.0
151,65682,4.5
151,66198,4.0
151,67255,4.0
151,67923,4.0
151,68157,5.0
151,68554,5.0
151,68793,2.5
151,69122,5.0
151,69306,2.5
151,69481,3.5
151,69524,2.5
151,69784,3.5
151,69844,3.5
151,70286,4.0
151,71205,2.0
151,71254,3.0
151,71530,3.5
151,71535,3.5
151,72011,3.5
151,72378,3.5
151,72380,2.5
151,72407,3.0
151,72998,2.5
151,73268,3.0
151,73321,4.0
151,73323,4.0
151,74458,4.0
151,74484,4.5
151,74510,4.0
151,74545,3.5
151,74795,3.0
151,76251,1.0
151,77561,1.5
151,77800,5.0
151,77866,3.0
151,78772,3.0
151,78893,1.0
151,79091,0.5
151,79132,5.0
151,79293,3.5
151,80126,4.5
151,80219,4.0
151,80363,4.0
151,80463,3.5
151,80489,1.5
151,80846,2.5
151,81229,4.5
151,81562,1.0
151,81591,2.0
151,81834,3.5
151,81845,3.5
151,82461,1.0
151,84152,4.0
151,84273,3.5
151,84954,2.0
151,85020,3.5
151,85056,4.0
151,85414,4.0
151,85510,2.5
151,86190,4.0
151,86332,2.0
151,86644,4.0
151,87869,3.5
151,88125,3.5
151,88129,3.5
151,88744,4.0
151,89470,3.5
151,89745,2.0
151,90405,3.5
151,90600,4.0
151,91077,3.0
151,91485,4.0
151,91500,3.0
151,91535,4.0
151,91630,3.5
151,91658,3.5
151,91974,4.5
151,92259,3.5
151,93510,4.0
151,93838,3.5
151,93855,5.0
151,94677,3.5
151,94864,2.5
151,95875,3.5
151,96079,4.0
151,96610,4.0
151,96737,3.0
151,96811,2.5
151,96861,3.5
151,97304,2.0
151,97752,3.0
151,99112,4.0
151,99114,5.0
151,100498,4.0
151,101864,4.0
151,102125,2.0
151,103228,3.5
151,103249,4.0
151,103253,3.5
151,103339,3.5
151,103341,4.0
151,103810,4.0
151,104211,3.5
151,104243,4.0
151,104841,4.0
151,106002,3.0
151,106072,3.0
151,106487,3.0
151,106489,4.5
151,106782,4.5
151,106918,3.5
151,107069,3.0
151,108190,3.5
151,108729,3.5
151,109487,4.0
151,111360,4.0
151,111362,1.0
151,111759,4.0
151,111781,4.0
151,112138,4.0
151,112171,4.5
151,112556,4.0
151,112623,3.0
151,113573,4.5
151,114180,2.5
151,114246,4.0
151,114662,4.0
151,114795,4.0
151,114935,4.0
151,115149,5.0
151,115210,4.5
151,115569,2.5
151,115713,4.0
151,116823,3.0
151,117529,2.5
151,117590,4.0
151,119141,4.0
151,119145,4.0
151,120799,4.0
151,122882,4.0
151,129354,3.5
151,130490,3.5
151,134368,3.5
152,32,0.5
152,70,1.0
152,296,5.0
152,589,4.5
152,1089,1.0
152,1206,2.0
152,1213,0.5
152,2329,1.0
152,2858,5.0
152,2959,2.0
152,4262,5.0
152,6016,4.5
152,6874,4.5
152,7438,5.0
152,32587,3.0
152,48394,1.5
152,48516,5.0
152,58559,0.5
152,63082,0.5
152,68157,1.0
152,70286,2.5
152,88129,1.5
152,99114,3.0
152,122882,2.5
153,36,5.0
153,58,5.0
153,62,3.0
153,141,3.0
153,608,4.0
153,736,3.0
153,778,2.0
153,780,3.0
153,800,5.0
153,802,4.0
153,805,3.0
153,830,4.0
153,848,5.0
153,852,3.0
153,858,4.0
153,862,5.0
153,994,4.0
153,1041,5.0
153,1061,4.0
153,1183,5.0
153,1357,5.0
153,1358,5.0
153,1393,3.0
153,1399,5.0
153,1401,3.0
153,1409,3.0
153,1414,3.0
153,1446,5.0
153,1465,3.0
154,7,5.0
154,11,5.0
154,21,3.0
154,25,3.0
154,236,4.0
154,339,5.0
154,356,4.0
154,370,3.0
154,440,5.0
154,1080,3.0
154,1220,4.0
154,1230,4.0
154,1234,5.0
154,1238,3.0
154,1256,4.0
154,1259,3.0
154,1265,4.0
154,1270,4.0
154,1278,5.0
154,1288,4.0
154,1292,5.0
154,1297,5.0
154,1304,4.0
154,1307,4.0
154,1485,3.0
154,1500,3.0
154,1689,4.0
154,1784,3.0
154,1883,3.0
154,1923,4.0
154,1968,3.0
154,2001,4.0
154,2064,4.0
154,2100,4.0
154,2150,5.0
154,2245,5.0
154,2359,4.0
154,2395,3.0
154,2407,3.0
154,2433,4.0
154,2671,4.0
154,2683,4.0
154,2707,4.0
154,2716,4.0
154,2734,3.0
154,3087,4.0
154,3101,4.0
154,3219,4.0
154,3247,3.0
154,3361,3.0
154,3363,4.0
154,3450,3.0
154,3501,3.0
154,3507,4.0
154,3552,4.0
154,3769,4.0
154,5060,5.0
155,111,4.0
155,176,4.0
155,223,1.0
155,232,4.0
155,260,4.0
155,348,4.0
155,352,3.0
155,357,4.0
155,468,3.0
155,471,2.0
155,497,4.0
155,527,2.0
155,750,5.0
155,912,5.0
155,919,3.0
155,921,4.0
155,1077,4.0
155,1079,3.0
155,1171,4.0
155,1180,4.0
155,1188,4.0
155,1193,3.0
155,1197,2.0
155,1211,3.0
155,1220,3.0
155,1228,4.0
155,1236,5.0
155,1238,4.0
155,1243,3.0
155,1244,5.0
155,1267,5.0
155,1273,5.0
155,1288,5.0
155,1307,3.0
155,1394,4.0
155,1449,4.0
155,1461,1.0
155,1500,3.0
155,1542,3.0
155,1677,4.0
155,1701,4.0
155,1834,5.0
155,1885,4.0
155,1914,3.0
155,2013,3.0
155,2065,5.0
155,2248,3.0
155,2282,4.0
155,2289,4.0
155,2295,4.0
155,2324,3.0
155,2371,4.0
155,2396,4.0
155,2416,4.0
155,2502,4.0
155,2657,5.0
155,2696,4.0
155,2716,3.0
155,2791,3.0
155,2918,3.0
155,2929,5.0
155,2953,3.0
155,5060,4.0
156,296,5.0
156,318,4.0
156,527,4.5
156,593,4.0
156,608,4.5
156,778,4.5
156,1089,3.5
156,2571,4.5
156,2858,3.5
156,2959,4.5
156,3949,4.0
156,8874,4.0
156,51255,4.5
156,57669,4.0
156,64614,4.0
156,68157,4.5
156,68954,4.0
156,71535,4.0
156,81591,4.0
156,99114,4.5
156,115149,4.0
156,115569,4.0
156,115713,4.5
156,134130,4.0
156,202439,5.0
156,204698,4.0
156,207313,4.0
156,208703,4.0
156,210861,3.5
157,1,4.5
157,10,4.5
157,16,4.0
157,19,3.0
157,34,4.0
157,47,4.0
157,48,3.5
157,70,3.5
157,104,4.0
157,110,4.5
157,111,5.0
157,145,3.5
157,150,4.0
157,153,2.5
157,180,4.0
157,216,4.5
157,231,4.5
157,246,4.0
157,260,5.0
157,288,3.5
157,293,4.0
157,296,4.5
157,317,3.5
157,318,4.5
157,333,4.5
157,356,3.5
157,364,3.5
157,367,3.0
157,374,3.0
157,377,3.5
157,380,3.5
157,455,3.0
157,457,4.5
157,480,5.0
157,500,3.5
157,527,4.0
157,586,4.5
157,588,4.0
157,589,5.0
157,592,3.5
157,593,4.0
157,608,5.0
157,648,4.5
157,673,2.5
157,733,4.5
157,736,4.0
157,765,3.5
157,778,4.5
157,780,4.5
157,784,3.5
157,785,4.0
157,788,3.0
157,858,3.5
157,904,4.0
157,953,4.5
157,1032,3.0
157,1035,4.5
157,1036,4.0
157,1073,4.5
157,1089,4.5
157,1090,4.0
157,1097,4.5
157,1101,4.0
157,1193,4.0
157,1196,5.0
157,1198,3.5
157,1200,4.0
157,1206,4.5
157,1208,3.5
157,1210,5.0
157,1213,4.5
157,1214,4.0
157,1221,3.5
157,1222,4.0
157,1228,4.5
157,1240,4.0
157,1252,3.5
157,1258,4.0
157,1265,4.0
157,1270,4.5
157,1291,4.0
157,1320,2.5
157,1367,3.0
157,1377,3.0
157,1391,2.5
157,1393,3.5
157,1407,4.5
157,1485,4.0
157,1517,4.0
157,1527,4.0
157,1544,3.5
157,1573,4.0
157,1580,4.0
157,1584,4.5
157,1608,4.5
157,1676,4.0
157,1682,4.0
157,1702,3.0
157,1704,5.0
157,1717,4.0
157,1721,4.0
157,1777,4.5
157,1917,3.5
157,1923,4.5
157,1954,4.0
157,1961,4.0
157,1997,4.0
157,2003,4.0
157,2005,5.0
157,2011,4.5
157,2012,4.5
157,2019,2.5
157,2028,4.5
157,2054,4.0
157,2059,3.5
157,2078,4.0
157,2080,4.0
157,2081,3.0
157,2083,4.0
157,2115,4.0
157,2174,4.0
157,2329,4.0
157,2353,4.0
157,2378,4.0
157,2403,4.0
157,2490,4.0
157,2502,4.0
157,2542,5.0
157,2571,4.5
157,2617,2.5
157,2628,4.0
157,2683,3.5
157,2694,4.0
157,2706,4.0
157,2762,4.5
157,2858,4.5
157,2918,4.5
157,2953,4.0
157,2959,3.5
157,2985,4.5
157,3114,4.5
157,3275,4.0
157,3408,4.0
157,3489,5.0
157,3499,4.0
157,3527,4.0
157,3578,5.0
157,3624,2.0
157,3698,4.0
157,3702,3.5
157,3717,3.5
157,3752,4.5
157,3753,4.0
157,3755,4.0
157,3785,3.5
157,3868,3.5
157,3897,4.0
157,3948,4.0
157,3949,4.5
157,3994,3.5
157,4011,5.0
157,4022,4.0
157,4223,4.5
157,4239,4.0
157,4247,2.0
157,4262,4.0
157,4299,3.0
157,4306,4.0
157,4310,2.0
157,4447,3.0
157,4718,4.0
157,4734,3.0
157,4776,4.5
157,4816,3.5
157,4855,4.5
157,4886,4.0
157,4890,3.5
157,4896,3.5
157,4963,4.5
157,4993,3.5
157,4995,4.5
157,5010,4.0
157,5110,3.5
157,5254,1.0
157,5349,3.0
157,5378,3.5
157,5418,4.5
157,5445,4.0
157,5449,3.5
157,5481,3.5
157,5669,3.5
157,5785,4.0
157,5804,3.5
157,5952,4.0
157,5956,3.0
157,5989,4.0
157,5995,4.5
157,6016,4.0
157,6059,3.5
157,6188,4.5
157,6213,4.0
157,6281,3.0
157,6365,4.0
157,6377,4.0
157,6378,4.0
157,6502,5.0
157,6537,2.0
157,6539,3.0
157,6548,2.0
157,6664,3.5
157,6863,4.0
157,6870,4.5
157,6874,3.0
157,6934,3.5
157,6936,4.0
157,7022,4.0
157,7143,3.5
157,7147,4.0
157,7153,3.5
157,7161,4.0
157,7254,3.5
157,7438,3.0
157,8360,3.5
157,8376,4.0
157,8528,4.0
157,8636,4.0
157,8641,4.5
157,8665,4.0
157,8784,4.0
157,8798,3.5
157,8807,4.0
157,8874,4.5
157,8917,3.5
157,8957,4.0
157,8961,4.0
157,8965,3.0
157,8972,3.5
157,8984,4.0
157,27773,3.5
157,27808,4.0
157,30707,4.5
157,30793,2.0
157,30810,4.0
157,30825,4.0
157,31420,3.0
157,32587,3.0
157,33166,4.0
157,33493,4.0
157,33679,2.5
157,34162,3.5
157,36529,4.0
157,37731,3.0
157,37733,4.5
157,39183,4.5
157,40583,4.0
157,40815,3.5
157,41997,4.5
157,42725,3.5
157,44195,4.5
157,44555,4.5
157,45186,2.5
157,45447,4.0
157,45517,3.0
157,45666,4.0
157,45672,2.5
157,45722,2.0
157,46578,4.5
157,46970,4.0
157,46972,3.0
157,47099,4.0
157,47629,4.5
157,47640,3.0
157,48304,4.0
157,48322,4.0
157,48385,4.5
157,48394,4.5
157,48516,4.5
157,48738,4.5
157,48774,5.0
157,49530,4.5
157,50872,5.0
157,50912,4.0
157,51255,5.0
157,51540,4.5
157,51662,4.0
157,51935,4.0
157,52952,5.0
157,52973,4.5
157,53123,4.5
157,53125,2.0
157,53972,3.0
157,54001,3.5
157,54286,4.0
157,54503,4.5
157,54995,3.0
157,54997,4.5
157,55118,4.5
157,55247,4.5
157,55276,4.5
157,55290,4.5
157,55765,4.0
157,55820,4.5
157,56174,3.0
157,56367,4.5
157,56775,3.5
157,56782,5.0
157,56788,4.5
157,57528,2.5
157,57669,5.0
157,58295,4.0
157,58559,3.0
157,58998,4.5
157,59369,4.0
157,59784,4.0
157,60069,4.0
157,60756,4.5
157,61024,4.5
157,61132,4.0
157,61323,4.0
157,63082,4.5
157,63113,3.0
157,63131,4.5
157,63876,4.5
157,64034,4.0
157,64575,4.5
157,64614,4.5
157,64620,4.0
157,64839,4.5
157,64957,4.0
157,66509,3.5
157,67087,4.5
157,67255,4.5
157,68157,4.0
157,68358,3.0
157,68954,4.5
157,69122,4.5
157,69481,4.5
157,70286,5.0
157,71379,4.0
157,71579,4.5
157,72011,4.5
157,72226,5.0
157,72395,4.0
157,72998,3.5
157,73017,3.0
157,73323,4.5
157,74458,4.5
157,74510,4.5
157,76077,3.5
157,76251,4.0
157,78209,4.0
157,78499,4.0
157,78574,4.0
157,79132,3.5
157,79242,4.5
157,79592,3.0
157,80489,4.5
157,81562,4.0
157,81845,4.5
157,81932,4.5
157,82459,4.5
157,86190,3.0
157,86882,4.5
157,87222,4.0
157,87232,2.0
157,87869,4.0
157,88129,4.5
157,89745,2.0
157,89774,4.5
157,90866,3.5
157,91529,3.5
157,91542,3.0
157,91630,3.0
157,91658,4.5
157,93831,4.0
157,93840,2.5
157,94959,4.5
157,96610,4.0
157,97304,4.5
157,97306,4.5
157,97938,4.5
157,98809,3.0
157,98961,4.0
157,99112,4.0
157,99114,4.0
157,101525,4.5
157,102123,4.0
157,102194,4.0
157,104841,5.0
157,105504,4.0
157,106072,1.0
157,106100,4.0
157,106916,4.0
157,107069,4.5
157,107406,0.5
157,109374,4.5
157,109578,4.0
157,111360,1.5
157,111759,4.0
157,112552,5.0
157,112556,4.5
157,112623,1.5
157,112852,2.0
157,113573,2.5
157,114662,4.5
157,115210,4.0
157,115569,4.5
157,115713,4.0
157,116897,5.0
157,119141,4.0
157,119145,3.5
157,122882,4.0
157,122886,4.5
157,122904,1.5
157,139385,4.5
157,143385,4.5
157,148626,4.0
158,1,4.0
158,2,2.0
158,3,2.0
158,6,4.0
158,14,2.0
158,16,2.0
158,17,4.0
158,19,1.0
158,21,4.0
158,25,3.0
158,26,3.0
158,32,4.0
158,34,5.0
158,39,3.0
158,42,3.0
158,45,3.0
158,47,2.0
158,48,2.0
158,50,5.0
158,60,3.0
158,62,3.0
158,70,2.0
158,79,2.0
158,86,3.0
158,88,2.0
158,95,2.0
158,101,3.0
158,104,2.0
158,110,3.0
158,125,3.0
158,144,3.0
158,150,4.0
158,160,2.0
158,161,3.0
158,163,2.0
158,174,1.0
158,175,2.0
158,176,3.0
158,186,2.0
158,193,1.0
158,194,4.0
158,198,2.0
158,207,2.0
158,208,1.0
158,216,3.0
158,222,3.0
158,223,5.0
158,224,3.0
158,225,2.0
158,228,3.0
158,229,2.0
158,231,2.0
158,234,2.0
158,235,4.0
158,236,4.0
158,247,3.0
158,252,4.0
158,253,3.0
158,255,1.0
158,260,4.0
158,262,3.0
158,266,1.0
158,268,3.0
158,272,4.0
158,276,3.0
158,279,4.0
158,281,2.0
158,288,2.0
158,289,4.0
158,292,2.0
158,293,4.0
158,296,4.0
158,300,4.0
158,303,2.0
158,314,4.0
158,316,2.0
158,317,2.0
158,318,5.0
158,322,3.0
158,327,1.0
158,329,3.0
158,333,3.0
158,337,3.0
158,339,3.0
158,344,4.0
158,348,3.0
158,352,3.0
158,353,3.0
158,354,2.0
158,356,3.0
158,357,3.0
158,368,3.0
158,372,2.0
158,380,3.0
158,382,3.0
158,386,3.0
158,413,3.0
158,419,1.0
158,424,1.0
158,429,3.0
158,431,3.0
158,435,1.0
158,437,2.0
158,438,2.0
158,440,3.0
158,441,3.0
158,448,3.0
158,454,2.0
158,457,3.0
158,458,2.0
158,459,3.0
158,471,3.0
158,480,3.0
158,481,3.0
158,485,1.0
158,497,4.0
158,507,3.0
158,508,3.0
158,516,3.0
158,517,4.0
158,520,2.0
158,524,3.0
158,527,3.0
158,528,2.0
158,538,3.0
158,539,3.0
158,541,4.0
158,542,2.0
158,543,3.0
158,551,4.0
158,555,4.0
158,562,3.0
158,564,2.0
158,585,3.0
158,587,2.0
158,589,3.0
158,590,4.0
158,593,4.0
158,595,4.0
158,597,2.0
158,608,5.0
158,647,3.0
158,648,3.0
158,661,2.0
158,663,3.0
158,673,2.0
158,694,2.0
158,695,2.0
158,708,3.0
158,719,2.0
158,720,4.0
158,725,3.0
158,736,1.0
158,748,3.0
158,750,4.0
158,778,4.0
158,780,1.0
158,784,4.0
158,785,4.0
158,800,4.0
158,805,2.0
158,838,3.0
158,852,3.0
158,892,3.0
158,915,3.0
158,933,3.0
158,991,3.0
158,994,4.0
158,999,3.0
158,1027,1.0
158,1036,3.0
158,1037,2.0
158,1041,4.0
158,1042,3.0
158,1049,3.0
158,1051,2.0
158,1053,3.0
158,1060,4.0
158,1061,3.0
158,1073,2.0
158,1078,4.0
158,1079,4.0
158,1080,3.0
158,1089,5.0
158,1093,3.0
158,1094,3.0
158,1095,2.0
158,1112,3.0
158,1114,2.0
158,1120,3.0
158,1136,5.0
158,1148,4.0
158,1171,3.0
158,1179,4.0
158,1183,3.0
158,1197,4.0
158,1213,4.0
158,1215,4.0
158,1220,3.0
158,1233,4.0
158,1234,4.0
158,1238,2.0
158,1243,4.0
158,1245,3.0
158,1257,4.0
158,1259,4.0
158,1265,4.0
158,1269,4.0
158,1270,3.0
158,1276,5.0
158,1278,4.0
158,1285,4.0
158,1288,4.0
158,1292,4.0
158,1297,3.0
158,1304,4.0
158,1307,3.0
158,1312,3.0
158,1320,3.0
158,1354,3.0
158,1356,3.0
158,1358,4.0
158,1365,3.0
158,1377,3.0
158,1379,2.0
158,1388,3.0
158,1391,2.0
158,1393,3.0
158,1394,5.0
158,1395,4.0
158,1396,3.0
158,1405,3.0
158,1408,5.0
158,1409,2.0
158,1410,2.0
158,1440,3.0
158,1449,4.0
158,1461,2.0
158,1465,3.0
158,1466,3.0
158,1482,3.0
158,1485,3.0
158,1499,1.0
158,1500,3.0
158,1503,2.0
158,1513,1.0
158,1517,4.0
158,1527,4.0
158,1542,3.0
158,1544,2.0
158,1562,2.0
158,1563,3.0
158,1580,2.0
158,1584,4.0
158,1589,4.0
158,1594,2.0
158,1610,4.0
158,1611,2.0
158,1617,3.0
158,1625,3.0
158,1635,2.0
158,1639,3.0
158,1641,4.0
158,1642,2.0
158,1644,2.0
158,1645,2.0
158,1653,2.0
158,1663,4.0
158,1673,3.0
158,1676,2.0
158,1680,4.0
158,1682,2.0
158,1694,2.0
158,1704,3.0
158,1711,4.0
158,1721,1.0
158,1725,3.0
158,1729,4.0
158,1732,4.0
158,1747,3.0
158,1748,4.0
158,1753,3.0
158,1777,3.0
158,1779,2.0
158,1783,3.0
158,1784,3.0
158,1785,3.0
158,1799,4.0
158,1801,2.0
158,1804,3.0
158,1805,2.0
158,1810,3.0
158,1816,2.0
158,1824,4.0
158,1831,3.0
158,1834,4.0
158,1841,2.0
158,1845,4.0
158,1870,3.0
158,1883,3.0
158,1884,4.0
158,1885,4.0
158,1909,3.0
158,1912,4.0
158,1914,3.0
158,1916,3.0
158,1920,2.0
158,1923,4.0
158,1954,4.0
158,1958,3.0
158,1965,3.0
158,1968,2.0
158,2024,2.0
158,2028,5.0
158,2046,3.0
158,2058,3.0
158,2071,3.0
158,2100,4.0
158,2108,2.0
158,2109,2.0
158,2110,3.0
158,2112,3.0
158,2119,2.0
158,2120,3.0
158,2124,3.0
158,2126,2.0
158,2144,4.0
158,2145,1.0
158,2150,3.0
158,2152,1.0
158,2153,1.0
158,2155,3.0
158,2174,4.0
158,2243,3.0
158,2247,3.0
158,2248,3.0
158,2249,3.0
158,2252,1.0
158,2253,1.0
158,2268,2.0
158,2278,3.0
158,2280,4.0
158,2282,4.0
158,2289,4.0
158,2291,3.0
158,2294,2.0
158,2295,4.0
158,2300,4.0
158,2302,4.0
158,2320,3.0
158,2324,5.0
158,2325,2.0
158,2329,4.0
158,2331,3.0
158,2333,3.0
158,2336,3.0
158,2347,4.0
158,2352,3.0
158,2355,3.0
158,2358,3.0
158,2359,3.0
158,2361,3.0
158,2371,3.0
158,2384,1.0
158,2387,5.0
158,2389,3.0
158,2391,4.0
158,2394,3.0
158,2395,3.0
158,2396,3.0
158,2406,3.0
158,2407,3.0
158,2409,2.0
158,2410,1.0
158,2411,1.0
158,2424,3.0
158,2427,2.0
158,2439,2.0
158,2457,3.0
158,2463,3.0
158,2470,3.0
158,2490,4.0
158,2496,3.0
158,2500,2.0
158,2501,4.0
158,2502,4.0
158,2504,2.0
158,2507,3.0
158,2539,3.0
158,2541,2.0
158,2542,4.0
158,2558,1.0
158,2560,2.0
158,2561,2.0
158,2567,3.0
158,2571,4.0
158,2580,4.0
158,2583,4.0
158,2596,4.0
158,2599,4.0
158,2600,3.0
158,2616,2.0
158,2617,3.0
158,2622,3.0
158,2640,3.0
158,2641,3.0
158,2671,4.0
158,2672,3.0
158,2682,4.0
158,2683,2.0
158,2688,3.0
158,2690,4.0
158,2692,5.0
158,2694,2.0
158,2700,3.0
158,2702,4.0
158,2706,3.0
158,2712,2.0
158,2716,3.0
158,2718,4.0
158,2723,3.0
158,2724,1.0
158,2736,3.0
158,2759,4.0
158,2761,4.0
158,2791,4.0
158,2795,4.0
158,2797,3.0
158,2798,1.0
158,2804,5.0
158,2805,3.0
158,2806,3.0
158,2822,3.0
158,2829,2.0
158,2836,4.0
158,2844,3.0
158,2858,4.0
158,2873,3.0
158,2875,3.0
158,2883,3.0
158,2885,3.0
158,2889,3.0
158,2890,3.0
158,2891,4.0
158,2908,3.0
158,2912,3.0
158,2915,3.0
158,2916,3.0
158,2918,4.0
158,2952,3.0
158,2953,1.0
158,2959,4.0
158,2976,3.0
158,2977,3.0
158,2997,4.0
158,3006,4.0
158,3020,3.0
158,3037,5.0
158,3045,2.0
158,3052,4.0
158,3060,3.0
158,3078,2.0
158,3079,2.0
158,3098,5.0
158,3100,3.0
158,3104,4.0
158,3107,3.0
158,3108,3.0
158,3114,4.0
158,3129,3.0
158,3141,3.0
158,3147,4.0
158,3157,2.0
158,3173,1.0
158,3174,2.0
158,3175,3.0
158,3178,4.0
158,3184,3.0
158,3200,4.0
158,3210,3.0
158,3243,1.0
158,3246,3.0
158,3250,3.0
158,3253,3.0
158,3254,2.0
158,3255,4.0
158,3256,3.0
158,3257,1.0
158,3259,2.0
158,3261,2.0
158,3262,3.0
158,3263,3.0
158,3271,3.0
158,3272,4.0
158,3274,3.0
158,3275,4.0
158,3301,3.0
158,3317,4.0
158,3358,5.0
158,3361,4.0
158,3362,3.0
158,3363,5.0
158,3386,2.0
158,3418,4.0
158,3421,4.0
158,3448,3.0
158,3450,3.0
158,3471,4.0
158,3476,4.0
158,3477,2.0
158,3481,3.0
158,3483,3.0
158,3521,4.0
158,3524,3.0
158,3526,3.0
158,3527,3.0
158,3543,4.0
158,3552,5.0
158,3562,3.0
158,3566,3.0
158,3614,3.0
158,3619,2.0
158,3669,3.0
158,3671,4.0
158,3685,4.0
158,3723,3.0
158,3751,4.0
158,3754,3.0
158,3764,2.0
158,3809,3.0
158,3812,2.0
158,3827,3.0
158,3836,4.0
158,3841,3.0
158,3868,4.0
158,3893,3.0
158,3897,4.0
158,3911,4.0
158,3948,3.0
158,3969,3.0
158,4002,4.0
158,4016,3.0
158,4024,2.0
158,4027,4.0
158,4034,5.0
158,4040,2.0
158,4047,3.0
158,4079,3.0
158,4085,3.0
158,4116,3.0
158,4121,3.0
158,4128,3.0
158,4203,2.0
158,4214,2.0
158,4220,4.0
158,4276,3.0
158,4280,4.0
158,4284,2.0
158,4291,2.0
158,4293,2.0
158,4306,4.0
158,4321,3.0
158,4322,4.0
158,4326,4.0
158,4329,3.0
158,4331,2.0
158,4333,1.0
158,4337,4.0
158,4349,5.0
158,4351,2.0
158,4353,3.0
159,2,3.0
159,39,3.0
159,104,5.0
159,333,5.0
159,356,5.0
159,368,5.0
159,480,4.0
159,589,4.0
159,648,5.0
159,786,3.0
159,886,5.0
159,1089,4.0
159,1091,4.0
159,1101,5.0
159,1270,5.0
159,1387,3.0
159,1393,4.0
159,1552,3.0
159,1573,5.0
159,1617,5.0
159,1753,5.0
159,1792,3.0
159,1961,5.0
159,1968,4.0
159,2060,5.0
159,2115,4.0
159,2231,5.0
159,2268,4.0
159,2447,4.0
159,2565,2.0
159,2572,4.0
159,2587,4.0
159,2628,3.0
159,2694,4.0
159,2699,3.0
159,2706,5.0
159,2707,2.0
159,2762,4.0
159,2763,4.0
159,2820,2.0
159,2915,5.0
159,3173,4.0
159,3298,5.0
159,3409,3.0
159,3755,4.0
159,3882,3.0
159,3916,4.0
159,3948,5.0
159,4022,4.0
159,4226,5.0
159,4233,5.0
159,4321,4.0
159,4351,4.0
159,4369,5.0
159,4487,4.0
159,4643,1.0
159,4776,5.0
159,4963,5.0
159,4979,1.0
159,5108,4.0
159,5171,1.0
159,5349,2.0
159,5400,4.0
159,5418,5.0
159,5445,5.0
159,5449,4.0
159,5459,3.0
159,5502,4.0
159,5507,2.0
159,5524,4.0
159,5568,4.0
159,5672,1.0
159,5785,3.0
159,5952,4.0
159,5957,3.0
159,5989,3.0
159,6059,5.0
160,260,5.0
160,750,5.0
160,858,5.0
160,903,5.0
160,904,5.0
160,942,4.0
160,950,4.0
160,969,4.0
160,1176,4.0
160,1212,5.0
160,1219,5.0
160,1258,4.0
160,1269,5.0
160,1333,5.0
160,1348,5.0
160,1387,4.0
160,1441,3.0
160,1682,4.5
160,1702,2.0
160,1777,1.0
160,2012,3.0
160,2208,4.0
160,2315,2.0
160,2366,3.0
160,2453,4.0
160,2524,3.0
160,2527,4.0
160,2617,0.5
160,2628,4.0
160,2664,4.0
160,2710,1.5
160,2918,4.0
160,3018,1.0
160,3698,3.0
160,3730,3.0
160,4105,2.0
160,4546,4.0
160,4969,4.0
160,5008,5.0
161,3,1.0
161,4,3.0
161,11,4.0
161,16,3.0
161,17,4.0
161,22,3.0
161,24,4.0
161,25,1.0
161,31,4.0
161,34,3.0
161,47,3.0
161,48,3.0
161,60,3.0
161,62,4.0
161,79,3.0
161,100,3.0
161,110,4.0
161,140,3.0
161,141,3.0
161,150,5.0
161,151,3.0
161,161,3.0
161,164,3.0
161,168,3.0
161,174,3.0
161,185,2.0
161,191,4.0
161,207,3.0
161,225,4.0
161,230,3.0
161,231,3.0
161,232,3.0
161,237,3.0
161,246,3.0
161,248,3.0
161,252,3.0
161,256,3.0
161,257,5.0
161,261,3.0
161,262,3.0
161,265,3.0
161,266,3.0
161,273,4.0
161,277,5.0
161,282,4.0
161,292,4.0
161,296,3.0
161,299,3.0
161,300,3.0
161,305,2.0
161,314,2.0
161,318,5.0
161,337,3.0
161,339,3.0
161,351,3.0
161,356,5.0
161,357,3.0
161,361,5.0
161,364,4.0
161,368,4.0
161,371,3.0
161,377,4.0
161,378,3.0
161,380,5.0
161,434,4.0
161,454,4.0
161,455,3.0
161,457,5.0
161,468,3.0
161,474,4.0
161,475,5.0
161,477,4.0
161,480,5.0
161,490,3.0
161,494,5.0
161,500,3.0
161,508,3.0
161,509,3.0
161,515,5.0
161,524,5.0
161,527,5.0
161,529,3.0
161,531,3.0
161,534,5.0
161,539,3.0
161,540,3.0
161,542,3.0
161,587,4.0
161,590,4.0
161,592,3.0
161,594,4.0
161,595,5.0
161,596,4.0
161,597,5.0
161,608,4.0
161,616,3.0
161,780,5.0
161,788,3.0
161,1073,4.0
162,29,3.0
162,105,4.0
162,318,4.5
162,362,2.5
162,455,2.5
162,527,4.0
162,585,1.0
162,673,2.0
162,858,4.5
162,904,4.0
162,912,3.5
162,1029,3.0
162,1172,5.0
162,1193,4.5
162,1207,4.5
162,1339,4.0
162,1479,2.5
162,1947,3.5
162,1994,3.0
162,2124,2.5
162,2278,3.0
162,2455,4.0
162,4085,2.0
162,6016,4.0
162,6373,3.5
163,1,4.0
163,16,4.0
163,32,4.5
163,47,5.0
163,50,5.0
163,104,3.0
163,110,4.5
163,150,3.5
163,260,4.0
163,293,4.5
163,296,5.0
163,318,5.0
163,333,4.0
163,356,4.0
163,364,4.0
163,457,4.5
163,480,4.0
163,593,4.0
163,608,5.0
163,733,3.5
163,750,4.5
163,778,5.0
163,858,5.0
163,924,4.5
163,1036,3.5
163,1089,5.0
163,1097,3.0
163,1136,4.0
163,1196,4.0
163,1203,5.0
163,1206,3.5
163,1207,4.5
163,1208,5.0
163,1210,4.0
163,1213,5.0
163,1221,5.0
163,1222,5.0
163,1237,3.5
163,1246,4.5
163,1258,5.0
163,1265,4.0
163,1270,3.5
163,1291,3.5
163,1302,3.5
163,1307,4.0
163,1387,3.5
163,1393,3.5
163,1485,4.0
163,1527,4.0
163,1573,2.0
163,1673,4.5
163,1682,3.5
163,1704,5.0
163,1732,5.0
163,1777,2.5
163,1884,4.0
163,1923,3.5
163,1954,3.0
163,1997,2.5
163,2028,4.0
163,2268,4.5
163,2288,4.0
163,2291,3.0
163,2329,5.0
163,2371,4.0
163,2395,5.0
163,2423,4.0
163,2502,5.0
163,2542,5.0
163,2571,4.0
163,2683,4.0
163,2791,4.5
163,2795,4.5
163,2804,3.5
163,2858,5.0
163,2918,4.0
163,2959,4.0
163,2997,4.0
163,3000,4.5
163,3039,3.5
163,3052,3.0
163,3147,4.5
163,3253,4.0
163,3275,4.0
163,3421,4.5
163,3448,4.0
163,3535,5.0
163,3552,5.0
163,3578,5.0
163,3623,3.0
163,3671,4.0
163,3751,2.5
163,3752,3.0
163,3793,3.0
163,3882,1.0
163,3897,3.5
163,3916,4.0
163,3948,4.0
163,3949,5.0
163,3969,3.5
163,3988,1.5
163,3994,4.0
163,4002,4.0
163,4011,5.0
163,4016,3.0
163,4022,4.5
163,4025,1.5
163,4027,5.0
163,4148,4.0
163,4226,5.0
163,4239,5.0
163,4262,4.0
163,4270,2.5
163,4306,2.5
163,4310,2.5
163,4489,4.0
163,4638,3.0
163,4643,3.0
163,4701,3.5
163,4718,2.5
163,4728,1.5
163,4776,5.0
163,4816,3.5
163,4878,3.5
163,4886,2.5
163,4896,1.5
163,4963,4.5
163,4979,5.0
163,4993,5.0
163,4995,4.5
163,5010,4.5
163,5110,5.0
163,5299,2.0
163,5349,3.5
163,5378,1.0
163,5418,4.5
163,5445,3.5
163,5459,2.0
163,5481,3.5
163,5502,4.0
163,5507,1.0
163,5618,4.0
163,5620,2.0
163,5669,2.0
163,5785,0.5
163,5810,4.0
163,5816,2.0
163,5952,5.0
163,5956,5.0
163,5989,5.0
163,5995,4.5
163,6016,5.0
163,6155,3.0
163,6188,3.5
163,6333,2.5
163,6365,3.0
163,6373,3.0
163,6377,4.0
163,6378,3.5
163,6383,1.0
163,6539,2.5
163,6541,3.0
163,6548,3.0
163,6711,5.0
163,6863,3.5
163,6870,4.5
163,6874,5.0
163,6936,3.0
163,7147,4.0
163,7153,5.0
163,7293,2.5
163,7347,4.0
163,7360,3.5
163,7373,3.5
163,7438,5.0
163,7444,1.5
163,7451,2.5
163,7458,4.0
163,8368,1.5
163,8376,2.0
163,8464,2.0
163,8528,4.0
163,8636,3.0
163,8641,4.5
163,8665,4.5
163,8807,4.0
163,8874,4.5
163,8917,3.0
163,8961,3.5
163,27706,4.0
163,30810,4.0
163,30812,5.0
163,30825,3.0
163,31878,5.0
163,33004,3.0
163,33493,1.0
163,33615,2.0
163,33679,3.0
163,33794,5.0
163,34150,0.5
163,34162,4.0
163,34319,4.0
163,35836,4.0
163,36529,4.0
163,37741,4.5
163,40815,3.0
163,40819,4.5
163,42725,3.5
163,44191,3.5
163,44195,5.0
163,44555,5.0
163,45447,3.0
163,45499,2.0
163,45672,2.5
163,48304,4.5
163,48385,4.0
163,48394,3.5
163,48516,5.0
163,48780,5.0
163,49272,4.0
163,49530,3.0
163,50804,3.5
163,50872,4.0
163,51255,4.0
163,51540,3.5
163,51662,2.5
163,51935,3.0
163,52722,1.5
163,52973,3.5
163,53121,1.0
163,53125,1.5
163,53322,3.0
163,53972,3.5
163,54001,1.5
163,54272,2.0
163,54286,4.0
163,54503,4.5
163,54997,5.0
163,55247,4.0
163,55269,4.5
163,55765,5.0
163,55820,5.0
163,56145,3.5
163,56174,4.0
163,56367,3.0
163,56757,4.0
163,56775,3.5
163,56782,5.0
163,57640,2.5
163,57669,5.0
163,58295,4.5
163,58559,4.5
163,58803,4.0
163,58998,3.0
163,59315,2.5
163,59369,2.5
163,59615,2.5
163,59784,3.0
163,60069,4.0
163,60684,4.5
163,60756,4.0
163,61024,3.5
163,61132,4.0
163,61240,2.0
163,61323,5.0
163,63082,3.0
163,63992,0.5
163,64614,4.5
163,64957,4.5
163,64969,3.5
163,64983,4.5
163,68157,5.0
163,68954,4.0
163,69122,3.5
163,69406,2.5
163,69481,4.5
163,69526,1.0
163,69844,2.0
163,70183,3.0
163,71535,3.5
163,71838,4.0
163,72226,4.0
163,72998,2.5
163,73017,3.0
163,73321,4.5
163,74789,3.0
163,76093,3.5
163,78499,4.0
163,79091,1.5
163,79132,4.5
163,79592,3.0
163,79702,4.0
163,80463,4.5
163,81591,4.0
163,81834,3.0
163,81845,4.5
163,82461,4.0
163,84152,5.0
163,86880,2.0
163,86882,4.0
163,87232,3.0
163,87869,2.5
163,88125,2.0
163,88129,4.0
163,88163,4.0
163,89492,5.0
163,89804,4.5
163,91500,1.0
163,91529,5.0
163,91658,4.5
163,93510,4.0
163,94777,2.0
163,94864,4.5
163,94959,4.0
163,95441,1.5
163,95510,2.5
163,96079,3.5
163,97304,5.0
163,97306,4.5
163,97921,3.5
163,97938,4.0
163,98154,5.0
163,98809,4.0
163,99114,5.0
163,101525,5.0
163,102407,3.5
163,103042,3.0
163,104243,2.5
163,104841,4.5
163,104913,4.0
163,105213,3.0
163,106487,0.5
163,106489,3.5
163,106782,5.0
163,106920,4.0
163,109374,3.5
163,109487,4.5
163,111362,3.0
163,112183,4.5
163,112552,4.0
163,112556,4.5
163,112623,3.0
163,114662,3.5
163,115569,4.0
163,115713,3.5
163,116797,4.0
163,117176,4.5
163,117529,2.5
163,118696,3.5
163,122882,3.5
163,122886,2.5
163,122892,4.0
163,122904,1.5
163,122906,0.5
163,122912,4.0
163,122918,3.5
163,128360,4.5
163,133771,5.0
163,134130,4.0
163,134853,2.5
163,136018,4.5
163,139385,4.5
163,139644,4.0
163,146656,3.0
163,148626,5.0
163,158238,3.5
163,161131,4.0
163,161582,5.0
163,164909,4.0
163,166534,2.5
163,166946,4.5
163,168250,2.0
163,169906,3.5
163,174055,3.5
163,176371,4.0
163,176751,3.5
163,177689,5.0
163,180031,3.0
163,182715,4.0
164,541,4.0
164,592,4.0
164,610,2.0
164,1079,3.0
164,1081,3.0
164,1090,4.0
164,1097,5.0
164,1101,4.0
164,1127,2.0
164,1129,3.0
164,1135,3.0
164,1173,5.0
164,1185,4.0
164,1186,3.0
164,1196,4.0
164,1197,5.0
164,1198,4.0
164,1199,5.0
164,1200,3.0
164,1217,4.0
164,1220,4.0
164,1222,4.0
164,1224,5.0
164,1225,5.0
164,1231,4.0
164,1240,4.0
164,1242,5.0
164,1246,4.0
164,1257,3.0
164,1258,3.0
164,1259,4.0
164,1270,4.0
164,1274,5.0
164,1275,4.0
164,1285,3.0
164,1286,3.0
164,1288,4.0
164,1289,5.0
164,1291,4.0
164,1293,5.0
164,1297,3.0
164,1298,5.0
164,1299,5.0
164,1307,3.0
164,1321,4.0
164,1347,3.0
164,1394,3.0
164,1663,4.0
164,1907,5.0
164,1909,3.0
164,1960,4.0
164,1961,4.0
164,1965,4.0
164,1967,2.0
164,1968,4.0
164,1994,3.0
164,2003,3.0
164,2005,4.0
164,2011,3.0
164,2028,5.0
164,2064,4.0
164,2097,4.0
164,2117,5.0
164,2133,4.0
164,2134,3.0
164,2140,3.0
164,2143,4.0
164,2145,3.0
164,2150,4.0
164,2161,3.0
164,2174,4.0
164,2193,2.0
164,2240,4.0
164,2245,3.0
165,1,3.0
165,3,3.0
165,5,3.0
165,6,5.0
165,7,4.0
165,17,3.0
165,25,4.0
165,32,3.0
165,36,4.0
165,62,3.0
165,95,4.0
165,141,3.0
165,376,3.0
165,494,4.0
165,648,3.0
165,733,5.0
165,736,5.0
165,780,5.0
165,784,3.0
165,786,4.0
166,1,4.0
166,6,4.0
166,16,4.0
166,25,5.0
166,32,4.0
166,45,4.0
166,47,5.0
166,50,5.0
166,101,5.0
166,111,5.0
166,147,3.0
166,149,3.0
166,150,3.0
166,159,3.0
166,162,5.0
166,163,4.0
166,165,3.0
166,175,4.0
166,193,3.0
166,215,2.0
166,223,3.0
166,231,3.0
166,233,3.0
166,235,3.0
166,246,4.0
166,259,3.0
166,260,5.0
166,268,4.0
166,272,3.0
166,288,2.0
166,292,3.0
166,293,4.0
166,296,5.0
166,300,3.0
166,306,4.0
166,318,4.0
166,319,4.0
166,333,2.0
166,335,2.0
166,337,3.0
166,344,3.0
166,349,3.0
166,352,2.0
166,353,4.0
166,356,3.0
166,367,3.0
166,370,2.0
166,377,3.0
166,380,3.0
166,417,4.0
166,431,3.0
166,457,3.0
166,464,3.0
166,466,2.0
166,474,3.0
166,475,4.0
166,480,4.0
166,493,4.0
166,521,4.0
166,535,4.0
166,538,4.0
166,543,3.0
166,550,1.0
166,551,4.0
166,553,4.0
166,555,5.0
166,589,4.0
166,592,3.0
166,593,4.0
166,608,4.0
166,667,3.0
167,5,2.0
167,337,4.0
167,527,4.0
167,942,5.0
167,988,3.0
167,1230,5.0
167,2023,2.0
167,3298,3.0
167,3317,5.0
167,3408,4.0
167,3481,3.0
167,3536,3.0
167,3571,3.0
167,3578,4.0
167,3594,3.0
167,3618,4.0
167,3720,3.0
167,3747,3.0
167,3751,4.0
167,3753,3.0
167,3783,5.0
167,3823,4.0
167,3852,4.0
167,3897,5.0
167,3911,4.0
167,3915,5.0
167,3949,4.0
167,3952,4.0
167,3953,3.0
167,3967,4.0
167,3969,2.0
168,34,3.5
168,318,4.5
168,356,4.5
168,480,3.0
168,1036,2.5
168,1307,4.0
168,1682,4.0
168,1704,4.5
168,2324,4.0
168,2805,4.5
168,2858,5.0
168,3147,5.0
168,4246,4.5
168,4308,3.5
168,5989,4.0
168,6942,4.0
168,7361,4.0
168,8533,4.5
168,46578,4.0
168,56782,5.0
168,57669,1.0
168,58998,4.0
168,59784,3.5
168,79132,3.0
168,89864,4.5
168,91500,3.5
168,93510,5.0
168,99114,2.0
168,104841,3.0
168,106782,3.5
168,106920,3.5
168,115617,4.0
168,117176,3.5
168,148626,3.5
168,165551,5.0
168,177593,5.0
168,180045,3.5
168,183837,2.5
168,187717,5.0
168,190939,5.0
168,192803,2.0
168,194448,4.0
169,2028,4.5
169,3578,4.5
169,5445,4.0
169,7254,4.5
169,8368,4.0
169,40815,4.5
169,68358,4.5
169,69844,4.5
169,81834,4.5
169,82461,4.0
169,85414,4.0
169,99114,4.0
169,102445,4.5
169,106002,4.0
169,109487,4.5
169,111759,4.0
169,122886,5.0
169,122904,4.0
169,134853,4.0
169,152081,4.5
170,318,5.0
170,527,4.0
170,1210,4.0
170,2571,5.0
170,2959,3.5
170,3030,5.0
170,3052,4.5
170,4306,2.5
170,5816,4.5
170,5952,5.0
170,6027,5.0
170,6818,4.5
170,49276,4.0
170,91529,5.0
170,116897,5.0
170,134130,4.5
170,142184,4.5
170,158045,5.0
170,159363,5.0
170,168248,4.0
170,202439,4.5
170,219852,4.5
170,250010,5.0
170,272977,4.0
170,279718,4.0
171,1,5.0
171,356,4.0
171,480,4.0
171,527,5.0
171,1907,4.5
171,1917,4.0
171,2355,5.0
171,2571,3.0
171,3147,4.0
171,3751,3.5
171,4896,5.0
171,6377,4.0
171,8644,4.0
171,8961,3.5
171,58559,3.5
171,60069,3.5
171,66097,4.0
171,69844,4.5
171,76093,4.0
171,81834,3.5
171,86882,5.0
171,88125,3.5
171,88810,5.0
171,89492,5.0
171,90866,5.0
171,96821,5.0
171,97913,5.0
171,98243,4.0
171,102903,4.0
171,111362,3.0
171,112852,4.5
171,115617,3.5
171,122892,4.0
171,122918,5.0
171,134853,5.0
171,135143,5.0
171,137857,4.0
171,143355,5.0
171,157296,4.5
171,162600,4.0
171,168252,5.0
171,176101,4.0
172,3,1.0
172,25,4.0
172,33,5.0
172,37,5.0
172,58,1.0
172,81,3.0
172,105,1.0
172,122,3.0
172,164,1.0
172,224,3.0
172,253,2.0
172,339,3.0
172,346,4.0
172,353,2.0
172,356,5.0
172,364,2.0
172,444,1.0
172,471,5.0
172,539,3.0
172,543,3.0
172,551,5.0
172,555,5.0
172,588,2.0
172,594,2.0
172,597,4.0
172,648,2.0
172,736,1.0
172,788,4.0
172,802,3.0
172,829,1.0
172,898,3.0
172,899,1.0
172,919,5.0
172,1022,3.0
172,1029,3.0
172,1030,2.0
172,1032,4.0
172,1035,1.0
172,1088,1.0
172,1093,5.0
172,1094,1.0
172,1097,5.0
172,1100,3.0
172,1101,5.0
172,1183,1.0
172,1188,1.0
172,1197,5.0
172,1210,5.0
172,1230,4.0
172,1247,5.0
172,1265,4.0
172,1282,3.0
172,1288,5.0
172,1307,5.0
172,1357,2.0
172,1380,4.0
172,1381,1.0
172,1393,5.0
172,1409,3.0
172,1416,1.0
172,1461,2.0
172,1464,1.0
172,1487,1.0
172,1556,1.0
172,1589,4.0
172,1597,3.0
172,1625,3.0
172,1627,5.0
172,1645,4.0
172,1674,4.0
172,1689,3.0
172,1732,3.0
172,1754,3.0
172,1772,1.0
172,1777,2.0
172,1783,3.0
172,1797,5.0
172,1835,3.0
172,1856,3.0
172,1909,5.0
172,1968,5.0
172,2006,3.0
172,2011,3.0
172,2076,1.0
172,2078,4.0
172,2080,4.0
172,2081,1.0
172,2088,2.0
172,2100,3.0
172,2126,3.0
172,2145,4.0
172,2146,3.0
172,2171,3.0
172,2243,3.0
172,2248,4.0
172,2291,4.0
172,2297,4.0
172,2311,4.0
172,2369,3.0
172,2385,2.0
172,2405,4.0
172,2406,5.0
172,2413,4.0
172,2424,3.0
172,2671,2.0
172,2724,1.0
172,2763,2.0
172,2805,3.0
172,2857,5.0
172,2942,3.0
172,3044,3.0
172,3081,4.0
172,3101,4.0
172,3108,1.0
172,3142,3.0
172,3159,5.0
172,3257,3.0
172,3358,3.0
172,3386,4.0
172,3422,3.0
172,3528,3.0
172,3549,1.0
172,3614,3.0
172,3684,2.0
172,3706,3.0
172,3953,1.0
172,3978,1.0
172,4018,3.0
172,4033,3.0
172,4039,3.0
172,4041,5.0
172,4054,1.0
172,4061,5.0
172,4069,4.0
172,4226,4.0
172,4238,3.0
172,4285,3.0
172,4304,4.0
172,4310,2.0
172,4361,1.0
172,4453,5.0
172,4458,5.0
172,4487,3.0
172,4589,4.0
172,4639,3.0
172,4783,5.0
172,4848,3.0
172,4857,1.0
172,4865,1.0
172,4936,3.0
172,4975,5.0
172,4995,4.0
172,5012,1.0
172,5151,1.0
172,5303,1.0
172,5452,1.0
172,5501,1.0
172,5553,5.0
172,5630,3.0
172,5693,3.0
172,5694,3.0
172,5927,2.0
172,5938,4.0
172,5943,1.0
172,6308,3.0
173,1,4.5
173,2,2.0
173,10,3.0
173,19,1.0
173,34,3.5
173,104,3.0
173,110,4.0
173,150,3.0
173,260,4.0
173,296,4.0
173,317,3.0
173,318,4.5
173,333,4.0
173,344,1.5
173,364,3.5
173,380,3.5
173,480,3.5
173,497,4.5
173,527,3.5
173,586,3.5
173,588,4.0
173,589,3.5
173,594,3.5
173,595,3.0
173,648,2.0
173,653,2.0
173,733,4.0
173,745,4.5
173,750,4.0
173,778,3.5
173,858,5.0
173,904,4.0
173,924,3.0
173,1028,4.5
173,1035,4.0
173,1080,3.5
173,1101,3.5
173,1136,4.0
173,1148,4.5
173,1196,4.5
173,1197,5.0
173,1198,4.0
173,1210,4.0
173,1213,3.5
173,1223,4.0
173,1225,5.0
173,1230,4.0
173,1243,5.0
173,1246,4.0
173,1265,4.0
173,1270,3.5
173,1282,4.0
173,1291,4.0
173,1302,3.5
173,1307,4.5
173,1517,3.0
173,1544,2.0
173,1580,4.0
173,1584,2.5
173,1653,3.5
173,1665,3.5
173,1682,4.5
173,1702,2.5
173,1704,4.5
173,1707,1.0
173,1721,3.0
173,1732,4.5
173,1777,3.5
173,1884,4.5
173,1917,1.5
173,1968,4.0
173,2012,3.0
173,2054,3.5
173,2115,2.5
173,2132,5.0
173,2321,3.5
173,2335,3.0
173,2355,4.0
173,2502,4.5
173,2549,1.0
173,2571,4.0
173,2628,1.0
173,2640,3.5
173,2683,3.5
173,2687,3.0
173,2700,3.5
173,2701,3.0
173,2706,3.0
173,2716,3.5
173,2724,2.5
173,2761,4.5
173,2762,2.5
173,2791,4.5
173,2797,4.0
173,2918,4.0
173,2953,3.0
173,2959,4.0
173,2987,4.0
173,2990,3.0
173,3000,4.0
173,3082,3.0
173,3114,3.5
173,3174,4.0
173,3253,4.0
173,3328,4.0
173,3578,3.5
173,3623,2.0
173,3639,2.5
173,3751,4.0
173,3793,2.0
173,3977,2.5
173,3996,2.0
173,4005,3.5
173,4226,4.0
173,4306,4.5
173,4367,1.5
173,4370,1.0
173,4427,4.5
173,4816,3.5
173,4874,3.5
173,4886,4.0
173,4896,2.0
173,4963,4.5
173,4973,5.0
173,4993,4.5
173,4995,3.0
173,5064,4.0
173,5349,3.5
173,5378,1.5
173,5418,4.5
173,5459,2.0
173,5470,4.5
173,5952,4.0
173,5957,3.5
173,6333,4.0
173,6377,4.0
173,6537,2.0
173,6539,4.5
173,6807,3.5
173,6874,2.5
173,6934,1.5
173,7090,3.5
173,7143,4.0
173,7153,4.0
173,7439,1.0
173,7454,2.0
173,8366,4.0
173,8368,4.0
173,8464,3.5
173,8580,3.5
173,8636,4.0
173,8641,3.5
173,8784,4.5
173,8874,4.5
173,8910,4.0
173,8949,4.0
173,8961,5.0
173,31685,3.5
173,33004,3.0
173,33493,1.0
173,33679,3.0
173,33794,5.0
173,34150,2.0
173,34319,2.0
173,34405,4.5
173,37386,1.0
173,37830,1.0
173,37857,4.0
173,38038,3.5
173,38061,3.5
173,40815,3.5
173,40851,2.0
173,41566,3.5
173,41997,4.0
173,42009,1.5
173,43871,3.0
173,44191,4.5
173,44665,4.5
173,45186,3.5
173,45431,3.5
173,45499,2.0
173,46530,4.5
173,46578,4.0
173,46965,2.5
173,49272,4.5
174,1,3.5
174,6,3.5
174,47,4.5
174,48,1.5
174,50,4.5
174,111,4.0
174,163,2.5
174,231,3.0
174,253,2.5
174,260,1.0
174,356,5.0
174,364,4.0
174,367,4.5
174,370,4.0
174,377,4.0
174,480,3.5
174,500,4.5
174,586,4.5
174,587,4.0
174,588,5.0
174,589,5.0
174,593,3.5
174,595,4.5
174,597,3.0
174,648,4.5
174,665,4.0
174,733,4.0
174,858,5.0
174,912,4.0
174,920,5.0
174,923,4.0
174,1022,4.0
174,1029,4.0
174,1035,4.0
174,1059,3.5
174,1066,3.5
174,1196,1.0
174,1200,1.5
174,1201,4.5
174,1206,4.0
174,1210,1.0
174,1214,2.0
174,1221,4.5
174,1222,4.5
174,1240,2.5
174,1258,4.0
174,1281,5.0
174,1298,4.5
174,1333,4.0
174,1339,4.0
174,1348,4.0
174,1350,4.0
174,1407,3.5
174,1466,4.0
174,1485,4.5
174,1517,2.0
174,1573,4.5
174,1580,3.5
174,1625,5.0
174,1645,4.5
174,1682,4.5
174,1717,3.5
174,1721,5.0
174,1777,3.5
174,1900,4.5
174,1923,4.0
174,1961,3.0
174,1997,3.5
174,2078,4.5
174,2081,5.0
174,2096,3.5
174,2160,4.5
174,2291,4.5
174,2338,2.0
174,2496,4.5
174,2571,4.5
174,2617,2.5
174,2648,4.0
174,2683,2.0
174,2694,3.0
174,2700,3.5
174,2706,2.0
174,2710,2.5
174,2729,4.0
174,2762,5.0
174,2827,3.0
174,2858,4.0
174,2959,5.0
174,2987,3.5
174,3034,5.0
174,3081,2.5
174,3089,4.0
174,3114,2.5
174,3147,4.5
174,3155,3.5
174,3198,4.5
174,3259,3.5
174,3355,4.0
174,3362,4.5
174,3456,5.0
174,3462,5.0
174,3578,4.5
174,3623,4.0
174,3677,4.0
174,3751,3.0
174,3910,4.5
174,3948,4.5
174,3949,4.5
174,3992,4.5
174,4014,4.0
174,4148,3.5
174,4262,4.5
174,4306,4.5
174,4308,4.0
174,4369,2.5
174,4370,5.0
174,4718,1.0
174,4720,4.5
174,4865,4.0
174,4886,5.0
174,4896,2.0
174,4954,4.5
174,4963,4.5
174,4967,2.5
174,4969,5.0
174,4973,5.0
174,4993,4.5
174,4995,4.5
174,5218,4.5
174,5219,3.0
174,5349,3.0
174,5377,3.5
174,5388,4.0
174,5418,3.0
174,5445,4.5
174,5449,2.5
174,5529,1.5
174,5630,3.0
174,5640,2.0
174,5669,4.0
174,5679,5.0
174,5868,4.5
174,5945,4.0
174,5952,4.0
174,5955,3.5
174,5956,2.0
174,5989,4.5
174,5990,2.0
174,5991,4.5
174,6016,4.5
174,6185,3.0
174,6224,3.5
174,6379,3.0
174,6436,4.0
174,6539,4.5
174,6659,2.0
174,6711,4.0
174,6743,4.5
174,6909,3.0
174,6923,4.5
174,6942,4.0
174,6987,4.0
174,7062,4.5
174,7143,4.0
174,7162,3.0
174,7254,4.5
174,7293,3.0
174,7346,2.0
174,7347,3.5
174,7458,3.5
174,7982,5.0
174,8132,4.0
174,8291,4.0
174,8340,4.5
174,8360,4.0
174,8636,3.5
174,8783,3.5
174,8861,3.0
174,8880,4.0
174,8957,3.0
174,8961,3.0
174,8970,2.5
174,8971,3.5
174,8981,0.5
174,9010,4.0
174,27772,4.5
174,27773,4.5
174,27815,4.5
174,30793,2.5
174,30812,3.0
174,31696,4.5
174,33164,4.0
174,33493,1.0
174,34162,3.0
174,35836,1.0
174,37720,4.0
174,37729,3.5
174,38038,4.0
174,38798,3.0
174,40414,4.5
174,40581,2.0
174,40614,4.0
174,40732,4.5
174,40815,2.0
174,41566,4.0
174,41573,2.5
174,43333,4.0
174,43396,4.0
174,44022,5.0
174,44665,4.0
174,44974,4.0
174,45081,4.0
174,45501,3.0
174,45666,1.0
174,45672,4.0
174,45722,3.5
174,46335,0.5
174,48385,1.5
174,48516,3.5
174,48738,4.5
174,48780,4.0
174,49272,2.5
174,50872,4.5
174,51077,1.5
174,51086,2.5
174,51662,0.5
174,52328,4.5
174,54286,4.0
174,54785,0.5
174,55232,4.0
174,55442,5.0
174,55820,2.5
174,56174,3.5
174,56757,3.5
174,57368,4.5
174,60069,4.0
174,60072,4.0
174,63859,3.5
174,64622,2.5
174,66097,5.0
174,67087,3.5
174,67193,3.0
174,68791,2.0
174,68954,3.5
174,69122,3.5
174,70159,4.5
174,71379,4.5
174,72998,5.0
174,74458,4.5
174,79132,4.5
174,80094,2.0
174,80463,2.5
174,81782,3.0
174,81932,3.0
175,163,4.0
175,318,5.0
175,858,5.0
175,1221,5.0
175,1792,4.0
175,1894,3.0
175,2023,5.0
175,2060,3.5
175,2245,4.0
175,2497,3.0
175,2959,4.5
175,3510,5.0
175,3555,5.0
175,3578,5.0
175,3624,4.0
175,3751,3.5
175,3753,3.5
175,3948,4.0
175,3977,2.0
175,4025,1.0
175,4247,3.5
175,4270,5.0
175,4306,3.5
175,4638,3.0
175,4643,5.0
175,4720,4.0
175,4727,4.5
175,4744,3.5
175,4776,4.0
175,4886,5.0
175,4993,5.0
175,4995,5.0
175,5349,4.0
175,5502,4.0
175,5679,4.0
175,5952,5.0
175,5956,4.5
175,5995,5.0
175,6377,5.0
175,6502,4.5
175,6539,4.0
175,6874,5.0
175,6947,5.0
175,7153,5.0
175,7293,4.0
175,7438,5.0
175,7458,3.0
175,8361,4.0
175,8529,4.5
175,8636,3.5
175,8644,4.0
175,8781,4.5
175,8949,3.5
175,8957,4.0
175,8961,4.0
175,30749,4.5
175,32296,2.0
175,33794,5.0
175,34048,4.0
175,34520,3.5
175,45722,4.0
175,49530,4.0
175,50872,5.0
175,58559,4.5
175,68954,5.0
175,72998,5.0
175,73017,5.0
175,79132,5.0
175,91500,5.0
175,91529,4.5
175,99114,4.5
175,106782,3.5
175,109487,5.0
176,1,2.5
176,6,3.5
176,16,4.0
176,22,3.5
176,31,0.5
176,32,4.0
176,44,1.5
176,47,4.5
176,50,5.0
176,104,3.0
176,110,3.5
176,150,3.0
176,153,2.0
176,165,2.5
176,223,3.5
176,259,3.5
176,260,2.5
176,266,4.0
176,277,1.5
176,288,3.0
176,292,3.0
176,293,4.5
176,296,4.5
176,316,3.0
176,318,5.0
176,319,2.5
176,349,3.0
176,353,3.5
176,356,4.0
176,372,3.0
176,377,2.5
176,380,2.5
176,413,2.5
176,428,4.0
176,431,4.0
176,434,2.5
176,441,3.5
176,457,3.0
176,459,3.0
176,480,3.5
176,481,3.0
176,512,3.5
176,524,3.0
176,529,4.0
176,541,3.5
176,555,4.5
176,589,4.0
176,592,3.0
176,593,4.5
176,608,3.0
176,628,4.0
176,648,3.0
176,661,1.0
176,733,2.5
176,778,4.0
176,780,2.5
176,836,2.5
176,858,3.5
176,903,4.5
176,904,4.0
176,906,4.0
176,908,3.0
176,913,5.0
176,953,3.5
176,1036,4.0
176,1061,4.0
176,1089,3.5
176,1090,3.5
176,1097,3.0
176,1128,3.0
176,1196,2.5
176,1197,4.0
176,1198,3.5
176,1200,3.5
176,1206,3.0
176,1208,4.0
176,1210,3.0
176,1213,4.0
176,1214,4.0
176,1215,4.0
176,1219,4.0
176,1221,3.0
176,1222,3.5
176,1228,3.0
176,1234,3.5
176,1240,4.0
176,1242,3.0
176,1252,4.5
176,1257,3.5
176,1258,4.0
176,1259,4.5
176,1265,3.5
176,1270,4.0
176,1276,3.5
176,1282,2.5
176,1285,3.5
176,1291,3.5
176,1321,3.5
176,1343,3.5
176,1387,4.0
176,1393,3.5
176,1407,4.0
176,1495,0.5
176,1500,3.0
176,1617,5.0
176,1625,3.5
176,1653,4.0
176,1674,3.5
176,1690,1.5
176,1704,4.0
176,1732,4.0
176,1748,3.5
176,1754,3.5
176,1805,4.0
176,1953,3.5
176,1961,3.0
176,1968,4.0
176,1982,4.5
176,1997,3.5
176,2000,3.5
176,2002,1.0
176,2028,4.0
176,2066,3.5
176,2076,3.5
176,2194,4.5
176,2231,4.5
176,2248,4.5
176,2278,4.0
176,2288,4.0
176,2329,5.0
176,2395,4.0
176,2428,3.0
176,2502,4.0
176,2571,4.0
176,2580,3.5
176,2599,2.5
176,2628,1.5
176,2706,3.0
176,2761,3.5
176,2762,5.0
176,2803,4.0
176,2804,4.0
176,2858,4.0
176,2917,3.5
176,2918,4.0
176,2959,4.5
176,3101,2.5
176,3107,3.0
176,3147,3.5
176,3261,4.0
176,3264,3.0
176,3275,4.0
176,3360,3.5
176,3386,4.0
176,3468,3.5
176,3476,4.0
176,3481,3.5
176,3505,4.0
176,3510,3.0
176,3551,4.0
176,3703,3.0
176,3897,3.5
176,4007,3.0
176,4011,4.0
176,4034,4.0
176,4037,3.0
176,4128,4.0
176,4226,4.5
176,4239,3.5
176,4546,4.0
176,4572,3.0
176,4720,4.0
176,4776,4.0
176,4816,3.0
176,4878,3.5
176,5008,4.0
176,5103,3.0
176,5120,4.0
176,5418,4.0
176,5445,3.0
176,5464,4.0
176,5669,4.0
176,5679,4.5
176,5782,4.5
176,5952,3.5
176,5954,3.5
176,5959,3.5
176,6016,3.5
176,6365,3.5
176,6483,0.5
176,6502,4.0
176,6538,2.0
176,6639,4.0
176,6796,3.5
176,6870,2.5
176,6874,4.0
176,6890,2.5
176,7115,3.5
176,7147,2.5
176,7153,3.5
176,7361,4.0
176,7438,3.5
176,7445,3.0
176,7802,3.0
176,8158,3.0
176,8395,4.0
176,8622,4.0
176,8636,4.0
176,8665,3.5
176,8784,4.5
176,8859,0.5
176,8874,4.0
176,26242,4.0
176,27391,2.5
176,27773,4.5
176,27831,4.0
176,30749,3.5
176,31878,3.5
176,32587,3.5
176,33166,4.0
176,33794,3.5
176,36529,4.0
176,37733,4.0
176,38061,4.5
176,41997,3.5
176,44199,3.0
176,44665,2.5
176,44761,4.5
176,45210,3.5
176,46970,2.5
176,46976,2.5
176,47610,3.0
176,48394,3.0
176,48516,4.5
176,48774,5.0
176,48780,4.0
176,49272,3.5
176,51255,4.0
176,51540,4.0
176,51662,4.0
176,52241,2.5
176,52281,3.5
176,52722,2.5
176,52973,3.5
176,53129,3.5
176,53894,3.5
176,54881,4.5
176,54997,3.0
176,55290,4.0
176,55765,3.5
176,55820,4.0
176,56339,3.5
176,56367,3.5
176,58559,4.5
176,59315,3.5
176,60069,3.5
176,61323,3.0
176,61348,0.5
177,2,4.5
177,153,4.5
177,260,4.5
177,318,5.0
177,356,5.0
177,858,5.0
177,912,5.0
177,1196,3.5
177,1210,4.5
177,1221,4.5
177,1517,5.0
177,1544,5.0
177,1608,3.5
177,1682,4.5
177,1704,5.0
177,1721,4.5
177,1732,5.0
177,2355,5.0
177,2571,5.0
177,2628,5.0
177,2683,3.5
177,2959,4.5
177,5378,5.0
177,5481,5.0
177,7361,5.0
177,8641,3.5
177,8644,5.0
177,33493,5.0
177,33794,5.0
177,34048,4.0
177,44022,5.0
177,44191,5.0
177,45210,0.5
177,45672,5.0
177,45950,5.0
177,46530,5.0
177,46972,3.5
177,47099,5.0
177,49272,5.0
177,49278,5.0
177,49530,5.0
177,51412,4.5
177,52245,5.0
177,53464,5.0
177,54001,5.0
177,54272,5.0
177,54503,5.0
177,56775,5.0
177,57368,3.5
177,57528,4.5
177,58559,5.0
177,58803,5.0
177,59315,4.0
177,59900,5.0
177,60040,5.0
177,60072,5.0
177,60074,5.0
177,60756,5.0
177,60950,5.0
177,61024,5.0
177,63113,5.0
177,63992,3.5
177,64614,5.0
177,64716,5.0
177,64957,4.5
177,68157,4.0
177,68319,5.0
177,69784,1.0
177,71156,5.0
177,71530,5.0
177,72378,5.0
177,72998,5.0
177,74458,5.0
177,79132,5.0
177,84152,5.0
177,86332,4.0
177,88129,4.0
177,91529,4.5
177,109487,5.0
177,111360,5.0
177,115667,5.0
177,115713,5.0
177,120466,5.0
177,122886,4.0
177,134130,4.0
178,180,4.5
178,215,5.0
178,223,2.5
178,260,4.5
178,318,4.0
178,441,5.0
178,480,4.0
178,858,4.0
178,1036,3.0
178,1097,3.5
178,1136,4.0
178,1196,4.5
178,1198,2.5
178,1210,4.5
178,1220,4.5
178,1230,4.0
178,1240,4.0
178,1244,4.0
178,1265,4.5
178,1270,5.0
178,1295,5.0
178,1356,5.0
178,1393,2.5
178,1527,3.0
178,1580,4.0
178,1584,5.0
178,1639,4.0
178,1653,4.0
178,2011,5.0
178,2012,5.0
178,2028,4.0
178,2054,2.0
178,2248,4.0
178,2571,5.0
178,2572,3.5
178,2628,3.0
178,2692,2.5
178,2706,3.0
178,2858,4.0
178,2959,4.0
178,3261,3.0
178,3471,3.5
178,3481,5.0
178,3897,5.0
178,4734,3.5
178,4873,5.0
178,4878,3.5
178,4975,5.0
178,4995,4.0
178,5445,4.0
178,5956,4.0
178,5989,3.5
178,6016,2.0
178,6863,4.0
178,7254,2.5
178,7361,5.0
178,8529,2.5
178,8638,5.0
178,8784,5.0
178,8949,2.5
178,27904,4.5
178,33493,3.0
178,34048,3.0
178,34314,4.0
178,39231,3.0
178,52668,2.5
178,55247,5.0
178,56782,4.0
178,62434,2.5
178,62439,2.5
178,63131,3.0
178,69757,5.0
178,79132,4.5
178,81949,2.0
178,84374,3.0
178,88163,4.0
178,89864,4.0
178,93723,1.5
178,96821,5.0
178,99110,4.0
178,100714,3.5
178,102800,3.0
178,104374,4.0
178,105213,2.5
178,109487,5.0
178,112290,4.0
178,116413,4.0
178,122886,4.0
178,134130,3.0
178,134528,2.0
178,140956,3.5
178,142422,3.0
178,144950,4.0
178,151317,4.0
178,156371,5.0
178,179819,3.0
178,190349,3.5
178,231181,5.0
178,253690,5.0
178,272547,3.5
179,3,3.0
179,5,2.0
179,6,3.0
179,7,3.0
179,14,4.0
179,17,4.0
179,25,3.0
179,36,3.0
179,41,3.0
179,52,4.0
179,55,5.0
179,58,4.0
179,62,4.0
179,68,3.0
179,78,3.0
179,82,5.0
179,85,4.0
179,94,5.0
179,95,3.0
179,100,3.0
179,107,3.0
179,118,3.0
179,140,3.0
179,141,4.0
179,376,3.0
179,562,4.0
179,581,3.0
179,605,3.0
179,608,3.0
179,628,4.0
179,630,4.0
179,633,3.0
179,637,3.0
179,639,3.0
179,648,3.0
179,664,3.0
179,673,3.0
179,694,3.0
179,708,3.0
179,728,4.0
179,733,2.0
179,736,3.0
179,761,2.0
179,762,2.0
179,766,4.0
179,780,3.0
179,781,3.0
179,786,3.0
179,788,3.0
179,802,3.0
179,804,3.0
179,805,4.0
179,832,3.0
179,837,3.0
179,852,3.0
179,1041,5.0
179,1056,3.0
179,1057,4.0
179,1061,3.0
179,1073,3.0
179,1120,4.0
179,1183,4.0
179,1353,3.0
179,1354,4.0
179,1356,3.0
179,1357,5.0
179,1363,3.0
179,1366,5.0
179,1393,3.0
179,1409,4.0
179,1414,3.0
179,1416,5.0
179,1417,3.0
179,4424,3.0
180,16,1.0
180,19,3.5
180,246,1.5
180,315,3.0
180,368,3.0
180,435,0.5
180,442,2.0
180,589,3.0
180,590,3.5
180,1208,4.5
180,1258,3.5
180,1387,4.0
180,1394,0.5
180,1407,2.5
180,1527,2.5
180,1610,4.0
180,1968,3.5
180,2174,1.5
180,2683,3.5
180,2797,3.5
180,3578,5.0
180,5010,2.5
180,5945,2.5
181,50,4.5
181,296,5.0
181,1590,5.0
181,2571,5.0
181,2959,4.5
181,3262,5.0
181,4848,4.0
181,4975,4.0
181,7361,5.0
181,7438,5.0
181,55820,5.0
181,76077,4.0
181,79132,5.0
181,109487,4.5
181,115713,4.5
181,182715,5.0
181,183869,3.5
181,196997,5.0
181,198185,5.0
181,201340,1.0
181,218537,4.0
182,1,3.0
182,50,3.0
182,318,4.5
182,356,5.0
182,527,4.0
182,593,2.0
182,858,3.0
182,1193,3.0
182,1221,2.5
182,1270,3.5
182,2571,5.0
182,3578,4.0
182,3623,3.5
182,3753,4.0
182,4022,4.5
182,4993,4.0
182,5349,3.5
182,5418,4.0
182,6016,1.5
182,58559,4.0
182,86332,3.0
182,87232,4.0
182,88129,2.5
182,89745,4.0
182,91529,3.5
182,93510,4.0
182,96079,4.0
182,96610,2.5
182,98809,3.0
182,99114,4.5
182,104841,2.5
182,106782,4.0
182,109487,5.0
182,111759,2.5
182,130450,3.5
182,130686,2.5
182,142975,2.0
183,260,4.5
183,318,5.0
183,356,5.0
183,1196,4.5
183,1198,4.5
183,1210,4.5
183,1682,5.0
183,1704,5.0
183,1907,5.0
183,1954,4.5
183,2329,5.0
183,2571,4.5
183,2628,5.0
183,2762,4.5
183,2959,5.0
183,3147,5.0
183,3578,4.5
183,3793,5.0
183,4011,4.0
183,4306,5.0
183,4886,4.5
183,4896,5.0
183,4993,5.0
183,4995,5.0
183,5679,0.5
183,5952,5.0
183,5989,5.0
183,6377,5.0
183,6539,5.0
183,6874,3.5
183,7153,5.0
183,8368,5.0
183,8529,5.0
183,33794,4.5
183,40815,5.0
183,47610,5.0
183,52722,4.5
183,54001,5.0
183,58559,4.5
183,58803,5.0
183,59315,4.5
183,59615,4.5
183,60074,5.0
183,63082,5.0
183,64716,5.0
183,76093,4.5
183,79132,5.0
183,79592,4.0
183,81834,5.0
183,86332,4.5
183,88125,5.0
183,88129,5.0
183,88140,4.5
183,89745,4.5
183,91529,4.0
183,92259,5.0
183,99114,4.5
183,102125,4.5
183,106487,4.5
183,106782,5.0
183,109487,4.5
183,111759,5.0
183,112852,4.5
183,116797,5.0
183,117176,5.0
183,120466,4.5
183,122914,4.5
183,122922,4.5
183,129354,5.0
183,134853,4.5
183,286901,4.0
183,286905,4.5
184,32,4.0
184,47,5.0
184,110,5.0
184,180,4.0
184,193,1.0
184,216,4.0
184,260,4.0
184,293,3.5
184,296,3.0
184,318,5.0
184,356,3.5
184,413,3.0
184,441,3.5
184,527,4.0
184,541,3.0
184,593,4.0
184,628,4.0
184,1047,3.0
184,1049,3.5
184,1196,5.0
184,1197,4.0
184,1198,5.0
184,1200,3.5
184,1210,4.0
184,1215,4.5
184,1242,5.0
184,1291,4.5
184,1479,3.0
184,1748,4.0
184,1784,2.5
184,2028,5.0
184,2058,3.5
184,2072,3.5
184,2231,4.5
184,2405,3.0
184,2571,5.0
184,2572,3.0
184,2580,3.0
184,2618,2.5
184,2688,2.0
184,2707,4.0
184,2722,3.0
184,2826,3.0
184,2959,5.0
184,3005,3.0
184,3020,4.0
184,3039,4.0
184,3052,3.0
184,3147,3.5
184,3578,4.0
184,3911,3.0
184,4033,3.5
184,4776,4.0
184,4993,5.0
184,4995,4.0
184,5151,2.0
184,5418,4.0
184,5903,3.5
184,5952,5.0
184,6283,3.5
184,6323,3.5
184,6383,2.0
184,6502,5.0
184,7153,5.0
184,7293,3.5
184,8665,4.5
184,8784,4.0
184,8874,3.5
184,8961,4.0
184,32587,4.0
184,33166,3.0
184,33660,4.5
184,33794,4.0
184,34405,3.5
184,35836,5.0
184,37731,4.0
184,40819,1.5
184,43936,3.0
184,44191,4.0
184,46578,4.5
184,46976,2.5
184,48774,5.0
184,48780,5.0
184,49272,3.0
184,51255,4.0
184,51540,3.5
184,51662,4.5
184,52973,4.5
184,53000,4.0
184,53207,2.5
184,54259,3.5
184,54272,4.5
184,54286,5.0
184,54997,4.0
184,55280,3.5
184,55282,3.5
184,56171,3.0
184,56367,5.0
184,56949,1.5
184,58025,3.0
184,58293,2.5
184,58559,5.0
184,59315,4.0
184,60126,2.5
184,62374,3.0
185,110,3.0
185,154,4.0
185,232,3.0
185,246,3.0
185,308,3.0
185,350,4.0
185,412,4.0
185,593,4.0
185,1265,5.0
185,1393,3.0
185,1428,4.0
185,1588,1.0
185,1635,4.0
185,1639,5.0
185,1648,3.0
185,1649,2.0
185,1671,4.0
185,1721,3.0
185,1770,4.0
185,1794,2.0
185,1845,3.0
185,1898,3.0
185,1904,3.0
185,1912,3.0
185,1914,3.0
185,1916,4.0
185,1922,2.0
185,2153,2.0
185,2166,4.0
185,2190,3.0
185,2231,3.0
185,2272,4.0
185,2294,2.0
185,2324,3.0
185,2331,2.0
185,2341,4.0
185,2355,3.0
185,2436,4.0
185,2440,3.0
185,2571,2.0
185,2599,4.0
185,2600,2.0
185,2605,4.0
185,2627,3.0
185,2671,3.0
185,2677,4.0
185,2678,4.0
185,2682,3.0
185,2683,3.0
185,2690,2.0
185,2692,4.0
185,2693,3.0
185,2701,2.0
185,2706,2.0
185,2710,3.0
185,2711,5.0
185,2712,4.0
185,2721,1.0
185,2762,4.0
185,2763,4.0
185,2834,3.0
185,2858,5.0
185,2883,4.0
185,2890,2.0
185,2891,5.0
185,2908,3.0
185,2912,3.0
185,2966,3.0
185,2996,3.0
185,2997,5.0
185,2998,4.0
185,3006,4.0
185,3007,2.0
185,3008,3.0
185,3051,3.0
185,3078,4.0
185,3082,3.0
185,3160,5.0
185,3175,5.0
185,3457,5.0
185,3556,5.0
185,3683,5.0
185,3751,3.0
186,2,4.0
186,39,3.0
186,110,5.0
186,112,4.0
186,208,5.0
186,258,4.0
186,325,5.0
186,356,4.0
186,377,5.0
186,480,5.0
186,505,2.0
186,543,4.0
186,546,4.0
186,577,3.0
186,648,3.0
186,653,4.0
186,1059,5.0
186,1101,4.0
186,1197,4.0
186,1215,3.0
186,1247,4.0
186,1265,4.0
186,1275,5.0
186,1290,3.0
186,1377,2.0
186,1500,5.0
186,1544,3.0
186,1552,4.0
186,1580,3.0
186,1597,4.0
186,1676,5.0
186,1753,5.0
186,1777,5.0
186,1779,3.0
186,1835,3.0
186,1894,4.0
186,1895,3.0
186,1913,4.0
186,1921,5.0
186,1967,3.0
186,2006,5.0
186,2125,4.0
186,2161,3.0
186,2167,2.0
186,2373,2.0
186,2396,4.0
186,2405,4.0
186,2502,5.0
186,2571,5.0
186,2572,4.0
186,2700,5.0
186,2860,4.0
186,2959,5.0
186,3081,5.0
186,3273,2.0
186,3316,2.0
186,3320,4.0
186,3355,4.0
186,3408,3.0
186,3452,5.0
186,3510,4.0
186,3513,3.0
186,3536,4.0
186,3578,5.0
186,3616,4.0
186,3699,2.0
186,3743,3.0
186,3745,5.0
186,3751,2.0
186,3753,4.0
186,3785,3.0
186,3793,4.0
186,3826,3.0
186,3988,1.0
186,3996,3.0
186,4027,4.0
186,4034,5.0
186,4054,3.0
186,4069,2.0
186,4092,4.0
186,4159,5.0
186,4239,5.0
186,4246,3.0
186,4343,4.0
186,4446,4.0
186,4643,5.0
186,4867,4.0
186,4873,5.0
186,4887,4.0
186,4974,5.0
186,4989,3.0
186,4993,5.0
186,5039,4.0
186,5108,5.0
186,5378,4.0
186,5418,5.0
186,5419,3.0
186,5445,4.0
186,5448,3.0
186,5460,2.0
186,5469,4.0
187,1,4.5
187,2,3.0
187,3,2.0
187,11,3.5
187,13,3.0
187,31,3.0
187,34,3.0
187,44,2.0
187,47,4.0
187,50,4.5
187,65,2.0
187,69,3.0
187,95,2.5
187,104,4.0
187,107,3.0
187,141,4.0
187,145,3.0
187,153,3.0
187,163,3.0
187,204,2.0
187,234,2.5
187,239,2.5
187,253,3.0
187,256,1.5
187,258,1.5
187,260,5.0
187,288,4.0
187,292,2.0
187,296,4.0
187,303,3.5
187,318,4.0
187,329,2.0
187,344,3.5
187,355,3.0
187,356,5.0
187,357,4.0
187,362,2.5
187,364,4.0
187,367,3.5
187,368,4.0
187,370,3.0
187,377,3.0
187,379,2.0
187,380,3.0
187,410,2.5
187,413,2.5
187,414,1.0
187,415,0.5
187,416,3.0
187,419,3.5
187,434,1.0
187,435,2.0
187,438,4.0
187,442,2.5
187,455,2.0
187,457,4.5
187,464,1.5
187,466,2.5
187,473,1.5
187,502,1.5
187,520,4.5
187,524,4.5
187,539,4.0
187,542,2.5
187,546,0.5
187,552,3.0
187,553,4.5
187,569,2.5
187,585,1.5
187,586,3.0
187,587,3.0
187,588,3.5
187,590,4.0
187,592,3.0
187,593,4.0
187,594,3.0
187,597,4.0
187,610,3.5
187,648,4.0
187,653,2.5
187,673,2.5
187,694,3.5
187,707,3.5
187,708,3.5
187,733,4.5
187,736,4.0
187,743,2.5
187,780,5.0
187,784,1.0
187,788,3.0
187,810,0.5
187,852,4.5
187,905,3.5
187,919,4.0
187,999,4.0
187,1004,1.5
187,1005,2.0
187,1007,3.0
187,1009,2.5
187,1010,3.0
187,1011,3.0
187,1013,3.0
187,1015,3.5
187,1016,3.0
187,1017,2.5
187,1018,3.0
187,1020,2.0
187,1021,2.5
187,1028,2.0
187,1033,3.0
187,1036,3.5
187,1042,4.0
187,1049,5.0
187,1073,4.0
187,1088,3.0
187,1089,4.5
187,1091,3.5
187,1097,3.5
187,1100,3.0
187,1101,4.0
187,1120,2.5
187,1125,3.0
187,1127,4.0
187,1135,2.0
187,1196,4.0
187,1197,5.0
187,1198,5.0
187,1210,5.0
187,1215,3.5
187,1220,4.5
187,1222,5.0
187,1240,2.5
187,1242,4.5
187,1246,4.5
187,1257,3.5
187,1259,3.0
187,1261,3.5
187,1265,1.5
187,1270,4.0
187,1275,4.0
187,1285,1.5
187,1291,4.5
187,1297,2.5
187,1302,3.0
187,1304,4.0
187,1347,4.0
187,1356,3.0
187,1367,3.0
187,1370,3.0
187,1371,2.0
187,1373,3.0
187,1374,3.0
187,1375,2.5
187,1376,2.5
187,1377,3.0
187,1378,4.5
187,1379,4.0
187,1380,4.0
187,1381,3.0
187,1382,1.5
187,1385,3.0
187,1390,2.5
187,1391,3.0
187,1394,3.5
187,1407,3.0
187,1422,3.0
187,1440,2.5
187,1441,4.0
187,1445,2.5
187,1461,2.0
187,1474,0.5
187,1479,3.5
187,1517,4.0
187,1552,4.0
187,1562,3.0
187,1580,4.0
187,1617,4.0
187,1620,3.0
187,1663,3.5
187,1673,3.0
187,1676,3.0
187,1681,1.5
187,1713,2.5
187,1717,3.0
187,1752,2.0
187,1777,3.5
187,1784,3.5
187,1837,1.5
187,1863,1.0
187,1876,1.5
187,1888,4.5
187,1911,3.0
187,1917,5.0
187,1920,2.5
187,1923,4.0
187,1950,3.0
187,1954,3.5
187,1961,3.5
187,1965,1.5
187,1967,2.5
187,1968,3.5
187,1969,3.0
187,1970,3.0
187,1971,3.0
187,1972,2.5
187,1991,0.5
187,2000,4.0
187,2001,4.0
187,2002,3.0
187,2003,2.5
187,2005,2.5
187,2006,3.0
187,2011,3.0
187,2012,3.5
187,2014,2.0
187,2015,3.0
187,2016,3.0
187,2028,4.5
187,2038,3.0
187,2040,3.0
187,2042,3.0
187,2050,3.0
187,2051,3.0
187,2052,0.5
187,2054,2.0
187,2055,3.5
187,2058,3.0
187,2059,3.5
187,2072,2.5
187,2082,3.0
187,2083,3.5
187,2085,3.0
187,2088,3.0
187,2090,3.0
187,2091,3.0
187,2094,2.5
187,2095,2.5
187,2100,2.5
187,2109,2.0
187,2110,2.5
187,2111,2.0
187,2115,4.0
187,2119,2.0
187,2121,3.0
187,2123,3.5
187,2124,3.0
187,2126,3.5
187,2133,2.0
187,2134,3.0
187,2136,3.0
187,2137,4.5
187,2139,3.0
187,2143,1.0
187,2144,4.0
187,2147,2.0
187,2161,1.0
187,2174,4.0
187,2193,3.0
187,2194,4.5
187,2253,1.0
187,2268,3.5
187,2278,2.5
187,2279,2.0
187,2287,1.5
187,2321,2.5
187,2322,3.0
187,2335,4.0
187,2353,3.0
187,2355,4.0
187,2374,1.0
187,2375,1.0
187,2378,3.5
187,2379,2.5
187,2380,2.0
187,2381,2.0
187,2382,2.0
187,2383,2.0
187,2393,3.5
187,2402,0.5
187,2404,0.5
187,2405,2.0
187,2406,2.5
187,2409,2.5
187,2410,3.0
187,2411,2.5
187,2412,2.5
187,2413,3.0
187,2420,3.0
187,2421,3.5
187,2422,2.0
187,2423,4.5
187,2429,2.0
187,2451,2.0
187,2455,1.0
187,2468,2.0
187,2469,2.5
187,2470,3.0
187,2471,2.5
187,2473,2.0
187,2474,2.0
187,2476,3.5
187,2478,2.5
187,2513,2.5
187,2518,1.0
187,2527,3.5
187,2539,4.0
187,2571,4.5
187,2605,2.5
187,2617,3.5
187,2640,2.5
187,2641,1.5
187,2642,2.5
187,2643,2.5
187,2657,3.5
187,2671,3.0
187,2683,3.5
187,2687,3.5
187,2688,2.5
187,2694,3.0
187,2700,3.0
187,2701,1.5
187,2710,3.5
187,2716,4.0
187,2717,3.0
187,2724,4.0
187,2735,1.5
187,2763,3.0
187,2779,2.0
187,2791,3.0
187,2792,0.5
187,2794,2.5
187,2795,4.0
187,2796,1.5
187,2797,1.0
187,2804,3.5
187,2815,4.0
187,2816,2.5
187,2817,1.0
187,2840,1.0
187,2871,3.5
187,2872,3.5
187,2889,4.0
187,2915,3.0
187,2916,2.5
187,2918,4.0
187,2926,0.5
187,2944,3.5
187,2953,1.5
187,2977,3.0
187,2985,2.5
187,2987,4.0
187,3016,3.0
187,3017,3.0
187,3020,2.5
187,3033,1.5
187,3034,3.0
187,3039,2.0
187,3040,3.5
187,3071,3.0
187,3081,3.5
187,3082,3.0
187,3087,3.5
187,3098,3.0
187,3101,2.0
187,3104,0.5
187,3107,4.0
187,3114,4.5
187,3120,2.5
187,3144,3.5
187,3147,5.0
187,3176,2.0
187,3177,1.5
187,3189,3.5
187,3197,3.0
187,3208,1.5
187,3210,3.0
187,3243,1.5
187,3247,2.5
187,3248,3.5
187,3253,4.0
187,3254,2.0
187,3255,4.0
187,3258,2.0
187,3263,3.5
187,3273,2.0
187,3287,3.5
187,3343,2.5
187,3345,3.0
187,3360,3.5
187,3361,2.0
187,3363,3.0
187,3387,0.5
187,3388,1.5
187,3396,4.0
187,3398,3.0
187,3418,3.0
187,3421,3.0
187,3441,4.5
187,3444,3.0
187,3448,3.5
187,3479,3.0
187,3489,2.0
187,3508,4.0
187,3511,2.5
187,3524,1.5
187,3525,2.5
187,3527,2.5
187,3549,4.0
187,3552,4.0
187,3577,0.5
187,3578,5.0
187,3591,2.0
187,3608,0.5
187,3623,2.5
187,3624,4.5
187,3671,4.5
187,3675,3.5
187,3688,3.0
187,3689,2.0
187,3690,2.0
187,3697,3.0
187,3698,1.5
187,3701,2.5
187,3752,2.5
187,3753,4.0
187,3766,2.0
187,3774,1.0
187,3785,3.0
187,3793,4.0
187,3834,3.0
187,3841,0.5
187,3844,2.5
187,3861,3.5
187,3865,3.5
187,3868,2.5
187,3908,1.5
187,3948,3.5
187,3977,3.0
187,3979,2.0
187,3999,3.0
187,4002,2.0
187,4010,1.0
187,4012,0.5
187,4015,1.0
187,4016,3.0
187,4022,3.0
187,4025,2.5
187,4027,5.0
187,4066,3.0
187,4084,3.0
187,4085,4.0
187,4089,4.0
187,4091,3.0
187,4099,2.0
187,4102,3.0
187,4105,3.5
187,4121,1.5
187,4127,1.0
187,4128,4.0
187,4132,2.5
187,4133,0.5
187,4158,1.5
187,4203,2.5
187,4207,3.0
187,4213,2.5
187,4214,3.5
187,4215,2.0
187,4221,3.0
187,4222,2.5
187,4247,2.5
187,4280,2.5
187,4291,3.0
187,4293,2.5
187,4299,3.5
187,4306,5.0
187,4308,4.0
187,4327,4.5
187,4351,3.0
187,4353,4.0
187,4361,0.5
187,4368,3.0
187,4369,3.0
187,4386,3.0
187,4388,3.0
187,4396,2.5
187,4397,1.0
187,4466,2.5
187,4471,0.5
187,4473,2.5
187,4476,1.0
187,4477,0.5
187,4483,2.5
187,4489,2.5
187,4492,2.5
187,4493,0.5
187,4499,2.5
187,4504,3.0
187,4509,3.0
187,4511,1.0
187,4516,3.0
187,4519,2.0
187,4520,2.5
187,4525,2.0
187,4532,3.5
187,4534,4.0
187,4535,5.0
187,4544,0.5
187,4545,2.0
187,4558,3.0
187,4561,0.5
187,4563,2.0
187,4571,3.5
187,4578,1.0
187,4580,0.5
187,4587,1.5
187,4589,3.0
187,4603,0.5
187,4610,2.5
187,4613,3.5
187,4614,2.5
187,4618,2.5
187,4621,3.0
187,4622,2.5
187,4623,3.5
187,4629,3.0
187,4651,2.0
187,4652,2.5
187,4654,3.5
187,4662,3.0
187,4673,2.0
187,4676,0.5
187,4677,1.5
187,4678,1.5
187,4679,2.0
187,4686,2.5
187,4696,0.5
187,4700,3.0
187,4701,3.5
187,4709,1.5
187,4710,3.5
187,4714,3.0
187,4721,4.0
187,4733,2.0
187,4816,2.0
187,4834,2.5
187,4835,3.0
187,4845,0.5
187,4876,3.0
187,4886,4.5
187,4899,2.0
187,4915,3.0
187,4929,3.0
187,4939,3.0
187,4941,3.0
187,4950,4.0
187,4958,2.5
187,4963,4.5
187,4974,3.0
187,4979,3.0
187,4980,2.0
187,4991,2.0
187,5010,3.5
187,5027,2.0
187,5047,1.5
187,5048,3.0
187,5049,3.0
187,5060,3.0
187,5102,2.0
187,5106,4.0
187,5110,2.0
187,5125,1.0
187,5139,3.0
187,5140,1.0
187,5141,1.0
187,5185,1.0
187,5199,3.0
187,5200,3.0
187,5211,2.5
187,5213,2.0
187,5214,2.0
187,5215,1.5
187,5218,3.0
187,5226,2.0
187,5230,4.0
187,5237,4.0
187,5241,3.0
187,5246,3.0
187,5247,3.0
187,5250,3.0
187,5303,1.0
187,5308,3.0
187,5360,1.0
187,5363,2.5
187,5383,3.5
187,5401,3.0
187,5419,3.0
187,5438,2.0
187,5449,3.5
187,5452,0.5
187,5459,3.5
187,5462,1.0
187,5469,1.0
187,5481,2.5
187,5482,3.5
187,5500,3.0
187,5507,3.0
187,5540,3.0
187,5541,1.0
187,5553,1.0
187,5572,4.0
187,5582,1.0
187,5620,2.0
187,5651,3.0
187,5701,1.5
187,5705,2.5
187,5742,2.5
187,5761,4.0
187,5765,3.5
187,5785,3.0
187,5810,3.5
187,5852,2.0
187,5863,2.5
187,5874,2.5
187,5882,3.0
187,5927,3.0
187,6005,5.0
187,6050,3.0
187,6078,1.5
187,6128,3.0
187,6131,1.5
187,6153,2.5
187,6308,1.0
187,6333,4.0
187,6373,3.5
187,6377,3.5
187,6383,2.5
187,6410,3.0
187,6413,3.0
187,6484,2.5
187,6523,1.0
187,6559,3.0
187,6582,2.5
187,6628,1.0
187,6631,1.0
187,6638,2.0
187,6659,1.5
187,6662,3.0
187,6663,3.0
187,6720,1.5
187,6744,0.5
187,6800,0.5
187,6811,2.5
187,6813,3.0
187,6826,3.0
187,6850,2.5
187,6951,1.5
187,6979,1.5
187,6991,3.0
187,7004,2.0
187,7005,2.5
187,7012,3.0
187,7016,1.0
187,7026,3.0
187,7027,3.5
187,7033,3.0
187,7036,2.5
187,7045,1.0
187,7046,1.5
187,7101,2.5
187,7102,2.0
187,7104,2.0
187,7228,2.0
187,7247,3.0
187,7318,3.5
187,7340,1.0
188,1,4.0
188,2,4.0
188,5,3.5
188,6,5.0
188,7,5.0
188,8,1.0
188,11,3.0
188,13,4.0
188,15,4.0
188,16,5.0
188,17,2.5
188,18,3.0
188,19,3.5
188,21,4.5
188,24,4.0
188,25,2.5
188,27,4.0
188,29,5.0
188,31,4.0
188,32,5.0
188,34,4.5
188,38,3.0
188,39,4.0
188,44,2.5
188,45,4.0
188,47,4.5
188,48,2.5
188,50,4.5
188,52,4.5
188,55,2.5
188,57,4.0
188,58,3.0
188,60,0.5
188,62,4.0
188,64,3.0
188,70,5.0
188,74,0.5
188,88,4.0
188,89,3.5
188,92,1.5
188,94,3.5
188,101,4.0
188,102,4.5
188,104,2.0
188,107,4.0
188,111,5.0
188,125,3.0
188,126,1.0
188,131,3.0
188,135,2.0
188,140,3.0
188,141,3.5
188,144,2.5
188,147,5.0
188,150,4.0
188,153,4.0
188,154,4.5
188,158,2.5
188,162,4.0
188,165,4.0
188,168,2.0
188,169,0.5
188,170,3.0
188,172,1.5
188,175,5.0
188,176,5.0
188,179,0.5
188,180,5.0
188,181,0.5
188,185,3.5
188,186,2.0
188,187,4.0
188,193,1.5
188,198,2.0
188,199,4.0
188,202,4.0
188,203,2.5
188,215,3.0
188,216,0.5
188,223,4.5
188,224,3.0
188,225,2.5
188,230,3.0
188,231,5.0
188,235,4.5
188,236,4.5
188,239,3.0
188,247,4.5
188,250,4.5
188,252,3.5
188,253,3.5
188,256,2.5
188,258,0.5
188,260,4.5
188,261,4.5
188,262,4.5
188,265,3.5
188,266,4.0
188,274,1.5
188,278,3.0
188,288,5.0
188,289,3.5
188,292,3.0
188,293,5.0
188,296,4.0
188,300,3.5
188,303,4.5
188,305,3.0
188,308,3.0
188,317,3.5
188,318,4.5
188,319,5.0
188,333,4.0
188,337,5.0
188,339,3.5
188,342,2.0
188,344,3.5
188,348,2.0
188,350,3.0
188,351,4.5
188,353,3.0
188,355,3.0
188,356,3.5
188,357,1.5
188,360,2.5
188,362,2.5
188,364,3.0
188,367,2.5
188,368,5.0
188,370,1.5
188,372,5.0
188,374,1.5
188,377,3.0
188,380,4.0
188,382,3.0
188,410,2.5
188,413,3.0
188,416,0.5
188,419,1.5
188,421,4.0
188,432,1.5
188,435,2.5
188,436,3.5
188,437,3.0
188,441,4.5
188,454,3.0
188,455,1.5
188,457,4.0
188,468,3.0
188,471,4.0
188,480,5.0
188,481,5.0
188,486,2.5
188,491,4.5
188,492,4.0
188,498,3.5
188,499,3.5
188,500,4.0
188,502,1.0
188,514,3.5
188,516,4.0
188,520,4.5
188,521,2.5
188,527,5.0
188,529,4.0
188,531,4.0
188,532,4.5
188,537,2.0
188,539,3.0
188,540,2.0
188,541,3.0
188,542,3.5
188,546,3.0
188,551,5.0
188,552,4.0
188,553,4.0
188,555,4.5
188,558,3.5
188,562,5.0
188,574,4.0
188,575,3.5
188,581,4.0
188,585,1.0
188,586,4.0
188,587,4.0
188,588,3.0
188,592,5.0
188,593,5.0
188,594,2.0
188,595,3.0
188,596,3.0
188,597,3.0
188,605,4.5
188,608,3.0
188,609,2.0
188,616,4.0
188,617,3.5
188,627,5.0
188,628,3.5
188,637,3.0
188,648,4.5
188,653,2.5
188,661,5.0
188,662,4.5
188,664,1.5
188,673,0.5
188,674,3.0
188,680,4.0
188,688,3.0
188,691,3.0
188,697,3.0
188,703,2.0
188,708,3.5
188,709,3.0
188,711,2.5
188,714,5.0
188,719,3.0
188,724,4.5
188,736,3.5
188,743,1.0
188,745,4.0
188,747,0.5
188,750,5.0
188,754,3.0
188,761,1.0
188,762,3.5
188,763,3.0
188,764,1.0
188,765,0.5
188,766,4.0
188,778,5.0
188,780,3.0
188,781,2.5
188,783,2.0
188,784,4.5
188,785,3.5
188,786,2.5
188,799,4.0
188,801,3.5
188,802,3.5
188,803,4.0
188,804,2.5
188,810,0.5
188,818,1.5
188,830,2.5
188,832,3.5
188,837,5.0
188,838,3.0
188,841,4.0
188,848,3.0
188,852,4.0
188,858,5.0
188,867,0.5
188,870,3.0
188,880,2.0
188,885,2.0
188,892,4.0
188,898,2.5
188,899,3.0
188,900,3.0
188,902,3.0
188,903,4.5
188,904,5.0
188,905,5.0
188,908,4.5
188,909,5.0
188,910,4.0
188,912,5.0
188,913,2.5
188,914,2.0
188,915,3.5
188,916,2.5
188,919,3.0
188,920,5.0
188,922,5.0
188,923,4.5
188,924,4.0
188,926,4.0
188,930,3.0
188,932,4.5
188,933,2.5
188,943,5.0
188,949,4.5
188,953,4.5
188,954,4.5
188,955,5.0
188,968,2.5
188,971,4.5
188,986,4.5
188,991,2.5
188,994,3.5
188,1013,4.0
188,1014,3.0
188,1015,2.5
188,1017,3.0
188,1020,3.5
188,1021,2.5
188,1022,4.5
188,1025,5.0
188,1027,3.5
188,1028,5.0
188,1029,5.0
188,1030,5.0
188,1031,5.0
188,1032,5.0
188,1033,3.0
188,1034,2.5
188,1036,3.5
188,1042,5.0
188,1043,2.0
188,1047,3.0
188,1051,3.0
188,1057,2.5
188,1059,4.5
188,1060,4.5
188,1061,4.5
188,1073,5.0
188,1077,4.0
188,1078,4.5
188,1081,3.0
188,1084,3.5
188,1086,4.0
188,1088,5.0
188,1089,5.0
188,1091,4.0
188,1092,4.5
188,1093,2.5
188,1097,5.0
188,1103,5.0
188,1104,5.0
188,1112,3.5
188,1120,4.0
188,1126,5.0
188,1127,5.0
188,1135,3.0
188,1136,1.5
188,1148,4.0
188,1151,4.0
188,1171,3.0
188,1172,4.5
188,1175,5.0
188,1179,1.0
188,1185,3.0
188,1186,4.5
188,1188,3.0
188,1189,4.0
188,1190,4.0
188,1193,4.0
188,1196,4.5
188,1197,3.0
188,1198,5.0
188,1199,4.5
188,1201,5.0
188,1203,4.0
188,1204,4.0
188,1206,5.0
188,1207,3.0
188,1208,5.0
188,1210,4.5
188,1212,5.0
188,1213,5.0
188,1214,4.0
188,1215,3.5
188,1219,5.0
188,1220,3.5
188,1222,5.0
188,1225,3.5
188,1228,4.5
188,1230,5.0
188,1234,5.0
188,1235,5.0
188,1240,3.5
188,1243,4.5
188,1244,3.0
188,1245,3.0
188,1246,5.0
188,1247,2.5
188,1251,5.0
188,1252,5.0
188,1256,3.5
188,1257,3.0
188,1258,5.0
188,1259,4.5
188,1260,5.0
188,1261,5.0
188,1262,5.0
188,1265,3.0
188,1267,3.0
188,1268,4.0
188,1269,5.0
188,1270,4.0
188,1271,4.5
188,1276,5.0
188,1278,3.0
188,1279,3.5
188,1282,4.0
188,1285,5.0
188,1288,3.5
188,1290,3.5
188,1291,5.0
188,1296,5.0
188,1298,5.0
188,1302,3.5
188,1303,5.0
188,1304,5.0
188,1307,2.5
188,1321,3.0
188,1330,5.0
188,1333,4.0
188,1334,4.5
188,1339,3.5
188,1342,2.0
188,1343,2.5
188,1346,3.0
188,1347,4.0
188,1348,4.0
188,1350,3.0
188,1351,0.5
188,1353,3.5
188,1355,3.0
188,1359,0.5
188,1361,4.5
188,1363,3.0
188,1366,3.0
188,1367,2.5
188,1370,2.5
188,1377,5.0
188,1380,5.0
188,1381,1.5
188,1387,5.0
188,1391,4.0
188,1393,3.0
188,1394,3.5
188,1397,3.0
188,1399,3.5
188,1407,3.0
188,1409,3.5
188,1410,1.0
188,1411,4.0
188,1416,0.5
188,1425,2.5
188,1426,2.0
188,1437,3.5
188,1438,2.5
188,1441,5.0
188,1449,3.0
188,1460,3.5
188,1461,2.5
188,1464,5.0
188,1466,4.0
188,1474,1.0
188,1476,0.5
188,1479,3.5
188,1485,3.5
188,1487,3.5
188,1488,4.0
188,1489,3.0
188,1498,3.0
188,1499,3.0
188,1500,4.0
188,1513,2.0
188,1515,2.5
188,1517,3.5
188,1523,1.5
188,1527,4.5
188,1541,3.0
188,1552,5.0
188,1554,4.0
188,1562,3.0
188,1565,4.0
188,1569,2.5
188,1572,5.0
188,1573,5.0
188,1580,3.0
188,1582,2.0
188,1584,2.5
188,1585,2.0
188,1586,3.5
188,1588,2.0
188,1590,4.0
188,1592,1.0
188,1593,2.5
188,1594,2.5
188,1595,0.5
188,1596,3.5
188,1597,5.0
188,1602,2.0
188,1605,3.5
188,1614,3.0
188,1616,2.5
188,1617,3.5
188,1619,4.5
188,1620,3.0
188,1625,3.0
188,1629,4.0
188,1639,4.0
188,1641,4.0
188,1644,2.5
188,1645,4.0
188,1646,3.0
188,1651,2.0
188,1653,5.0
188,1658,4.5
188,1660,3.0
188,1672,4.0
188,1673,4.0
188,1674,4.5
188,1678,5.0
188,1680,4.5
188,1682,5.0
188,1683,3.0
188,1687,2.5
188,1688,3.0
188,1701,4.0
188,1702,1.5
188,1703,2.0
188,1704,5.0
188,1707,0.5
188,1711,2.0
188,1717,3.5
188,1719,2.0
188,1721,4.5
188,1727,2.0
188,1731,1.5
188,1732,5.0
188,1734,5.0
188,1735,3.5
188,1748,3.5
188,1752,2.5
188,1760,2.0
188,1767,3.5
188,1772,4.5
188,1777,4.5
188,1779,5.0
188,1784,4.5
188,1792,4.0
188,1801,4.0
188,1805,5.0
188,1806,1.0
188,1807,3.0
188,1816,3.0
188,1821,2.5
188,1822,2.0
188,1824,1.0
188,1831,3.0
188,1835,2.0
188,1845,1.5
188,1848,1.5
188,1855,1.0
188,1857,4.0
188,1866,1.0
188,1874,0.5
188,1876,2.5
188,1880,5.0
188,1882,3.5
188,1884,5.0
188,1885,3.0
188,1888,3.0
188,1889,2.5
188,1892,3.5
188,1894,4.0
188,1895,4.0
188,1907,3.0
188,1911,1.5
188,1912,4.0
188,1916,5.0
188,1917,3.5
188,1918,4.0
188,1921,4.5
188,1923,1.0
188,1945,4.5
188,1949,3.5
188,1950,3.0
188,1952,3.0
188,1955,4.0
188,1956,4.0
188,1958,4.0
188,1959,4.0
188,1961,5.0
188,1963,3.0
188,1964,4.0
188,1967,5.0
188,1968,5.0
188,1971,3.0
188,1982,5.0
188,1991,3.0
188,1992,1.0
188,1994,4.0
188,1997,3.5
188,2000,4.0
188,2001,4.0
188,2002,3.5
188,2003,2.5
188,2005,5.0
188,2006,3.5
188,2010,3.0
188,2011,4.5
188,2012,4.0
188,2013,3.0
188,2014,3.5
188,2017,3.0
188,2018,4.5
188,2019,5.0
188,2020,1.5
188,2021,4.0
188,2025,2.0
188,2027,1.0
188,2028,5.0
188,2036,1.5
188,2046,5.0
188,2047,5.0
188,2048,5.0
188,2052,3.0
188,2053,3.0
188,2054,3.5
188,2059,3.0
188,2065,3.5
188,2067,5.0
188,2072,3.5
188,2076,5.0
188,2078,5.0
188,2080,4.0
188,2081,4.0
188,2082,3.0
188,2083,5.0
188,2084,3.0
188,2085,4.5
188,2087,4.0
188,2089,4.0
188,2090,4.5
188,2093,5.0
188,2094,3.5
188,2096,5.0
188,2100,5.0
188,2106,5.0
188,2107,2.5
188,2109,1.0
188,2110,3.0
188,2111,3.5
188,2112,1.0
188,2114,3.5
188,2115,5.0
188,2116,3.5
188,2123,5.0
188,2124,5.0
188,2125,5.0
188,2132,4.5
188,2133,4.0
188,2135,4.5
188,2137,5.0
188,2139,4.5
188,2140,5.0
188,2141,4.5
188,2142,5.0
188,2144,5.0
188,2145,5.0
188,2146,3.0
188,2150,5.0
188,2153,4.0
188,2155,3.5
188,2160,5.0
188,2161,4.5
188,2168,2.5
188,2171,4.0
188,2173,2.5
188,2174,4.5
188,2183,4.0
188,2186,4.0
188,2188,2.5
188,2190,4.0
188,2193,5.0
188,2206,3.5
188,2231,4.5
188,2232,4.0
188,2236,1.5
188,2238,5.0
188,2239,3.5
188,2243,3.5
188,2245,4.0
188,2247,3.0
188,2248,2.5
188,2249,2.5
188,2265,2.0
188,2266,3.0
188,2268,5.0
188,2269,3.5
188,2273,3.5
188,2276,4.0
188,2279,3.0
188,2280,3.0
188,2282,5.0
188,2288,4.5
188,2289,3.0
188,2291,5.0
188,2292,3.0
188,2294,3.5
188,2297,3.0
188,2300,3.0
188,2302,5.0
188,2310,2.5
188,2313,4.0
188,2315,3.0
188,2316,4.0
188,2318,5.0
188,2321,4.0
188,2324,5.0
188,2329,3.0
188,2333,5.0
188,2336,4.0
188,2337,5.0
188,2338,2.5
188,2340,5.0
188,2348,4.0
188,2352,3.5
188,2353,4.0
188,2354,2.0
188,2355,3.0
188,2356,4.0
188,2359,3.0
188,2361,5.0
188,2369,3.0
188,2384,2.5
188,2385,3.0
188,2386,0.5
188,2387,3.0
188,2389,4.5
188,2394,3.0
188,2395,5.0
188,2396,4.0
188,2406,1.0
188,2407,5.0
188,2413,4.0
188,2417,2.0
188,2424,4.5
188,2428,2.5
188,2429,2.5
188,2431,3.0
188,2432,4.0
188,2439,2.5
188,2441,1.5
188,2443,4.0
188,2446,5.0
188,2453,4.0
188,2459,1.5
188,2463,3.0
188,2469,4.5
188,2474,4.5
188,2485,2.5
188,2488,4.5
188,2490,2.0
188,2491,1.5
188,2496,5.0
188,2498,0.5
188,2500,3.5
188,2501,4.0
188,2502,4.0
188,2504,5.0
188,2505,1.5
188,2506,3.0
188,2509,4.5
188,2539,2.5
188,2541,4.5
188,2546,4.0
188,2550,0.5
188,2555,0.5
188,2558,4.0
188,2563,2.0
188,2567,2.0
188,2570,3.0
188,2571,5.0
188,2572,4.5
188,2574,2.0
188,2580,5.0
188,2581,4.5
188,2583,3.0
188,2590,3.0
188,2592,3.0
188,2594,4.0
188,2596,5.0
188,2597,2.0
188,2598,1.5
188,2599,4.0
188,2600,3.5
188,2605,3.0
188,2606,4.5
188,2617,5.0
188,2622,3.5
188,2628,3.0
188,2629,2.5
188,2639,4.0
188,2644,4.0
188,2657,5.0
188,2664,4.5
188,2671,3.5
188,2676,5.0
188,2683,3.5
188,2686,2.5
188,2687,2.0
188,2690,2.5
188,2692,4.5
188,2701,2.5
188,2707,4.5
188,2709,1.0
188,2710,1.5
188,2711,2.5
188,2716,4.0
188,2717,3.5
188,2718,4.0
188,2719,3.5
188,2720,0.5
188,2722,2.0
188,2723,3.0
188,2724,3.0
188,2730,5.0
188,2731,4.5
188,2732,5.0
188,2734,4.0
188,2739,4.0
188,2745,3.0
188,2746,5.0
188,2747,3.0
188,2750,3.0
188,2759,3.5
188,2761,3.0
188,2762,4.0
188,2763,4.5
188,2766,4.0
188,2769,4.5
188,2771,3.0
188,2774,2.5
188,2779,3.5
188,2787,3.0
188,2791,2.0
188,2793,2.0
188,2796,1.5
188,2797,4.5
188,2798,2.0
188,2803,3.0
188,2804,2.0
188,2805,1.5
188,2806,3.0
188,2809,3.0
188,2819,3.5
188,2822,4.5
188,2827,4.5
188,2828,1.5
188,2829,3.5
188,2836,2.0
188,2840,3.5
188,2841,3.5
188,2844,0.5
188,2846,4.5
188,2857,5.0
188,2858,5.0
188,2860,3.0
188,2881,4.0
188,2883,4.0
188,2885,1.5
188,2888,2.5
188,2890,4.5
188,2891,4.0
188,2906,2.0
188,2907,1.5
188,2908,3.5
188,2913,0.5
188,2915,3.0
188,2917,3.5
188,2918,3.0
188,2926,5.0
188,2936,3.0
188,2943,3.0
188,2946,3.0
188,2950,3.0
188,2953,2.5
188,2959,5.0
188,2961,3.5
188,2964,4.0
188,2967,5.0
188,2968,3.0
188,2973,4.0
188,2976,4.0
188,2978,3.0
188,2987,4.5
188,2995,3.0
188,2997,5.0
188,3000,5.0
188,3004,3.0
188,3005,4.5
188,3006,3.0
188,3007,5.0
188,3008,3.0
188,3019,4.0
188,3020,4.5
188,3033,3.5
188,3034,4.0
188,3051,3.5
188,3052,5.0
188,3053,5.0
188,3063,1.0
188,3067,5.0
188,3071,4.0
188,3072,3.5
188,3076,5.0
188,3078,2.5
188,3081,4.5
188,3083,4.5
188,3087,3.5
188,3088,5.0
188,3097,4.5
188,3098,4.5
188,3099,2.5
188,3100,3.5
188,3101,3.0
188,3102,2.0
188,3105,4.5
188,3108,4.5
188,3114,3.0
188,3127,3.0
188,3145,3.0
188,3146,3.5
188,3147,4.5
188,3148,3.0
188,3152,4.0
188,3155,3.0
188,3156,1.5
188,3157,0.5
188,3160,4.5
188,3166,3.5
188,3167,4.0
188,3168,5.0
188,3174,5.0
188,3175,2.5
188,3176,4.5
188,3182,4.0
188,3186,5.0
188,3200,5.0
188,3201,3.5
188,3203,3.0
188,3210,4.0
188,3219,3.5
188,3238,4.5
188,3247,4.0
188,3248,1.0
188,3249,2.5
188,3252,4.0
188,3253,3.0
188,3255,5.0
188,3258,4.0
188,3261,4.5
188,3262,5.0
188,3269,3.5
188,3271,3.0
188,3273,4.5
188,3274,2.5
188,3275,4.0
188,3285,5.0
188,3299,1.5
188,3301,3.5
188,3307,5.0
188,3316,4.5
188,3317,4.0
188,3325,2.5
188,3326,3.0
188,3328,4.5
188,3343,2.5
188,3354,3.5
188,3355,4.0
188,3358,4.0
188,3361,3.0
188,3362,4.5
188,3363,4.0
188,3365,4.0
188,3387,2.0
188,3388,3.0
188,3396,4.5
188,3400,1.0
188,3408,5.0
188,3409,4.0
188,3435,4.5
188,3438,4.5
188,3439,4.5
188,3440,2.5
188,3448,4.0
188,3452,2.5
188,3454,3.0
188,3468,3.5
188,3471,4.5
188,3475,4.0
188,3476,3.5
188,3477,5.0
188,3479,4.0
188,3481,3.5
188,3483,2.5
188,3484,2.5
188,3489,5.0
188,3499,4.0
188,3504,3.5
188,3507,3.5
188,3510,3.5
188,3512,3.5
188,3516,3.0
188,3529,2.5
188,3534,4.0
188,3535,4.0
188,3536,2.0
188,3545,4.0
188,3546,4.5
188,3549,3.0
188,3550,5.0
188,3551,4.0
188,3552,3.0
188,3556,4.0
188,3557,1.0
188,3565,2.0
188,3566,4.0
188,3594,3.0
188,3608,5.0
188,3617,0.5
188,3618,3.0
188,3619,0.5
188,3623,2.5
188,3624,3.0
188,3627,3.5
188,3645,5.0
188,3668,3.0
188,3671,2.5
188,3676,5.0
188,3683,4.5
188,3684,4.0
188,3686,5.0
188,3688,0.5
188,3717,2.5
188,3741,1.5
188,3751,4.5
188,3752,4.0
188,3753,4.5
188,3755,3.5
188,3784,2.0
188,3785,5.0
188,3786,5.0
188,3788,5.0
188,3791,3.0
188,3797,1.0
188,3798,4.0
188,3801,2.5
188,3809,3.0
188,3812,5.0
188,3814,3.0
188,3825,2.0
188,3826,3.0
188,3827,3.0
188,3830,5.0
188,3831,4.0
188,3835,2.0
188,3845,3.0
188,3852,4.0
188,3858,5.0
188,3863,4.0
188,3868,1.0
188,3872,4.0
188,3873,2.5
188,3882,2.0
188,3885,3.5
188,3893,3.0
188,3895,1.0
188,3896,3.5
188,3897,5.0
188,3911,4.0
188,3912,0.5
188,3914,2.5
188,3915,3.5
188,3916,4.0
188,3948,4.0
188,3949,4.5
188,3952,3.0
188,3953,2.0
188,3954,2.5
188,3967,5.0
188,3968,3.0
188,3969,5.0
188,3977,3.0
188,3978,3.5
188,3980,3.0
188,3986,1.5
188,3987,2.5
188,3988,3.0
188,3991,1.0
188,3993,5.0
188,3994,2.5
188,3998,2.5
188,3999,4.0
188,4002,5.0
188,4011,5.0
188,4014,5.0
188,4015,3.5
188,4016,2.0
188,4018,3.0
188,4019,5.0
188,4021,3.0
188,4022,4.5
188,4023,3.0
188,4025,4.0
188,4027,5.0
188,4029,3.5
188,4031,3.5
188,4033,0.5
188,4034,1.5
188,4036,4.0
188,4039,3.5
188,4040,3.0
188,4052,3.0
188,4054,2.5
188,4056,4.5
188,4061,3.0
188,4062,2.5
188,4067,1.0
188,4068,3.0
188,4069,3.0
188,4082,5.0
188,4090,4.0
188,4091,2.5
188,4104,3.0
188,4105,5.0
188,4121,2.5
188,4126,1.0
188,4128,4.5
188,4132,2.5
188,4141,3.0
188,4143,3.0
188,4146,4.5
188,4148,5.0
188,4149,2.0
188,4159,4.5
188,4161,4.0
188,4169,3.0
188,4177,3.5
188,4205,2.5
188,4212,4.0
188,4219,3.0
188,4226,4.5
188,4228,4.5
188,4231,4.5
188,4238,3.5
188,4239,5.0
188,4240,2.5
188,4246,5.0
188,4247,1.5
188,4255,0.5
188,4270,5.0
188,4272,3.5
188,4273,1.5
188,4281,5.0
188,4282,5.0
188,4285,4.0
188,4298,4.5
188,4299,2.5
188,4305,2.0
188,4306,2.5
188,4308,4.5
188,4313,4.0
188,4318,2.0
188,4333,4.0
188,4337,4.5
188,4340,2.5
188,4341,2.0
188,4343,3.0
188,4345,4.0
188,4351,5.0
188,4357,4.5
188,4359,5.0
188,4361,4.5
188,4367,4.5
188,4380,4.5
188,4386,1.0
188,4388,3.0
188,4392,3.5
188,4410,2.0
188,4437,5.0
188,4447,4.5
188,4448,3.0
188,4467,4.0
188,4474,4.0
188,4487,4.0
188,4489,2.5
188,4499,2.0
188,4502,2.0
188,4505,2.0
188,4516,3.0
188,4517,0.5
188,4519,5.0
188,4546,3.0
188,4552,5.0
188,4558,2.5
188,4570,3.5
188,4571,2.5
188,4587,2.5
188,4616,3.5
188,4621,3.0
188,4622,2.5
188,4627,2.5
188,4639,3.0
188,4641,4.0
188,4642,5.0
188,4643,4.0
188,4649,5.0
188,4661,2.0
188,4676,2.5
188,4677,4.0
188,4699,3.0
188,4700,3.5
188,4701,3.0
188,4720,3.5
188,4725,3.0
188,4728,2.0
188,4732,2.0
188,4733,4.5
188,4734,4.5
188,4738,3.0
188,4744,3.0
188,4745,3.5
188,4748,2.5
188,4754,5.0
188,4757,2.5
188,4770,3.5
188,4776,4.5
188,4782,2.5
188,4798,3.5
188,4799,4.0
188,4803,2.5
188,4808,2.5
188,4814,3.5
188,4815,3.5
188,4816,2.0
188,4819,0.5
188,4821,3.5
188,4823,4.5
188,4844,3.0
188,4845,3.0
188,4848,5.0
188,4849,4.0
188,4855,3.5
188,4863,5.0
188,4867,3.0
188,4873,4.5
188,4874,5.0
188,4876,2.5
188,4878,4.5
188,4880,4.0
188,4881,3.5
188,4885,3.0
188,4886,3.5
188,4888,4.0
188,4889,3.0
188,4890,2.5
188,4896,4.0
188,4901,5.0
188,4902,4.0
188,4903,4.0
188,4914,5.0
188,4947,5.0
188,4954,4.0
188,4959,2.5
188,4963,5.0
188,4964,3.5
188,4967,2.5
188,4973,5.0
188,4974,2.5
188,4975,5.0
188,4976,3.5
188,4978,4.0
188,4979,5.0
188,4980,2.5
188,4992,3.5
188,4993,4.5
188,4994,5.0
188,4995,3.5
188,4996,3.5
188,5004,5.0
188,5009,3.5
188,5013,2.0
188,5014,5.0
188,5016,2.0
188,5025,3.0
188,5038,2.5
188,5059,4.0
188,5060,2.5
188,5065,4.5
188,5066,3.0
188,5072,3.5
188,5081,3.0
188,5103,4.0
188,5105,3.5
188,5108,4.5
188,5111,2.5
188,5122,1.0
188,5127,2.5
188,5135,4.5
188,5147,5.0
188,5151,2.0
188,5159,5.0
188,5171,3.0
188,5172,2.0
188,5206,3.5
188,5219,3.5
188,5220,1.5
188,5222,3.5
188,5225,4.0
188,5256,3.0
188,5265,5.0
188,5266,3.5
188,5269,5.0
188,5291,4.5
188,5294,3.0
188,5296,2.5
188,5297,3.5
188,5298,4.0
188,5299,4.0
188,5303,4.0
188,5312,3.5
188,5315,4.0
188,5316,3.0
188,5324,3.5
188,5348,3.0
188,5349,3.0
188,5364,3.0
188,5377,3.5
188,5380,4.0
188,5385,5.0
188,5387,1.0
188,5388,2.5
188,5391,2.0
188,5415,2.5
188,5418,5.0
188,5421,4.0
188,5422,2.0
188,5431,4.5
188,5445,5.0
188,5446,3.5
188,5449,3.0
188,5450,3.0
188,5451,2.5
188,5452,1.0
188,5459,3.5
188,5480,0.5
188,5481,3.0
188,5483,4.0
188,5485,4.5
188,5486,4.5
188,5500,4.0
188,5502,5.0
188,5504,1.0
188,5505,4.5
188,5508,5.0
188,5510,2.0
188,5527,3.5
188,5528,3.0
188,5530,4.0
188,5539,4.0
188,5540,1.0
188,5544,4.0
188,5556,1.5
188,5563,3.0
188,5572,2.5
188,5574,0.5
188,5577,5.0
188,5581,2.0
188,5582,3.0
188,5584,3.0
188,5585,2.0
188,5602,5.0
188,5608,3.0
188,5610,2.0
188,5613,5.0
188,5617,5.0
188,5618,5.0
188,5620,3.0
188,5625,3.5
188,5630,5.0
188,5636,4.0
188,5663,2.5
188,5667,4.0
188,5669,4.5
188,5673,4.0
188,5675,2.5
188,5679,4.5
188,5680,1.0
188,5685,4.0
188,5707,3.0
188,5759,3.0
188,5773,3.0
188,5780,5.0
188,5782,5.0
188,5784,3.0
188,5787,4.5
188,5808,2.5
188,5809,3.0
188,5816,4.0
188,5829,3.5
188,5873,4.0
188,5876,3.5
188,5881,2.5
188,5882,1.5
188,5883,4.0
188,5896,5.0
188,5902,5.0
188,5903,4.5
188,5943,2.5
188,5952,4.0
188,5954,5.0
188,5956,4.5
188,5957,5.0
188,5970,4.0
188,5977,4.5
188,5980,5.0
188,5989,3.5
188,5991,4.0
188,5995,4.5
188,6003,4.5
188,6007,3.0
188,6012,1.5
188,6013,3.0
188,6016,5.0
188,6023,5.0
188,6027,3.5
188,6040,1.5
188,6042,3.5
188,6058,3.0
188,6059,4.0
188,6063,4.0
188,6077,4.0
188,6100,5.0
188,6155,2.0
188,6163,4.0
188,6183,3.5
188,6187,4.5
188,6212,2.0
188,6215,3.5
188,6217,4.5
188,6218,2.5
188,6222,4.5
188,6223,4.5
188,6229,2.5
188,6238,3.0
188,6242,2.5
188,6254,3.0
188,6271,5.0
188,6281,4.5
188,6287,1.0
188,6293,2.0
188,6294,1.5
188,6296,5.0
188,6297,3.0
188,6316,2.5
188,6323,4.5
188,6328,3.5
188,6329,4.5
188,6331,4.0
188,6367,4.5
188,6373,4.0
188,6374,4.0
188,6377,4.5
188,6378,5.0
188,6384,1.0
188,6385,3.0
188,6436,4.5
188,6440,4.5
188,6448,4.5
188,6463,5.0
188,6464,1.5
188,6484,3.0
188,6493,3.0
188,6502,5.0
188,6503,3.5
188,6505,4.0
188,6517,3.0
188,6530,5.0
188,6535,3.0
188,6538,2.5
188,6539,5.0
188,6542,2.0
188,6547,4.0
188,6552,3.0
188,6564,3.5
188,6567,4.0
188,6568,5.0
188,6584,5.0
188,6591,4.5
188,6592,3.5
188,6593,3.0
188,6596,1.0
188,6619,3.0
188,6620,4.0
188,6625,2.0
188,6629,3.5
188,6638,4.0
188,6641,4.0
188,6646,3.0
188,6650,4.5
188,6659,4.0
188,6662,4.5
188,6689,5.0
188,6705,2.0
188,6708,4.0
188,6709,5.0
188,6710,5.0
188,6711,4.0
188,6724,4.0
188,6727,2.0
188,6740,0.5
188,6750,3.0
188,6751,2.0
188,6753,4.0
188,6756,2.0
188,6763,3.0
188,6764,3.0
188,6765,3.0
188,6773,5.0
188,6785,5.0
188,6787,5.0
188,6793,2.5
188,6794,1.0
188,6810,3.0
188,6820,4.0
188,6863,4.5
188,6868,3.5
188,6870,4.0
188,6873,2.5
188,6874,5.0
188,6879,5.0
188,6881,4.5
188,6883,2.0
188,6884,3.5
188,6885,3.0
188,6888,2.0
188,6890,4.0
188,6892,5.0
188,6927,3.5
188,6928,5.0
188,6932,3.5
188,6936,2.0
188,6942,3.0
188,6944,3.0
188,6950,4.0
188,6952,3.0
188,6953,4.5
188,6963,3.0
188,6975,4.5
188,6979,3.5
188,6980,3.5
188,6987,5.0
188,6992,1.5
188,6993,2.5
188,7004,0.5
188,7022,5.0
188,7030,3.5
188,7036,1.0
188,7037,3.5
188,7044,4.0
188,7045,5.0
188,7046,3.5
188,7067,5.0
188,7073,3.0
188,7076,2.5
188,7084,4.5
188,7121,4.0
188,7122,5.0
188,7124,5.0
188,7139,4.5
188,7143,5.0
188,7147,4.5
188,7149,2.0
188,7150,2.5
188,7153,4.0
188,7154,4.0
188,7155,2.5
188,7156,2.0
188,7158,1.5
188,7160,4.0
188,7162,3.5
188,7165,1.5
188,7167,1.5
188,7171,4.0
188,7198,1.0
188,7220,2.5
188,7247,4.0
188,7254,4.0
188,7255,3.0
188,7285,2.0
188,7293,3.0
188,7317,0.5
188,7321,1.0
188,7323,4.0
188,7324,2.5
188,7325,1.0
188,7327,5.0
188,7347,5.0
188,7348,3.0
188,7352,3.0
188,7361,5.0
188,7362,4.5
188,7366,3.5
188,7367,5.0
188,7371,4.5
188,7372,4.0
188,7375,2.5
188,7376,2.0
188,7377,3.5
188,7380,1.0
188,7387,4.5
188,7419,4.0
188,7438,5.0
188,7442,3.0
188,7448,2.0
188,7450,3.0
188,7451,0.5
188,7456,4.5
188,7457,3.0
188,7459,5.0
188,7460,4.0
188,7484,4.5
188,7493,3.5
188,7618,3.5
188,7625,2.5
188,7650,3.0
188,7701,1.5
188,7748,5.0
188,7749,5.0
188,7786,4.0
188,7920,5.0
188,7934,4.0
188,7983,3.0
188,8008,4.0
188,8121,4.0
188,8154,5.0
188,8169,2.5
188,8195,4.5
188,8197,4.5
188,8254,4.0
188,8340,4.0
188,8360,3.0
188,8361,4.0
188,8365,3.0
188,8366,4.0
188,8368,4.5
188,8369,4.0
188,8373,4.0
188,8376,4.0
188,8383,1.0
188,8405,4.5
188,8459,3.5
188,8464,3.5
188,8482,3.0
188,8495,4.5
188,8504,4.0
188,8507,5.0
188,8527,1.0
188,8528,3.0
188,8529,5.0
188,8530,4.5
188,8532,3.5
188,8533,4.0
188,8535,0.5
188,8571,5.0
188,8575,5.0
188,8614,3.5
188,8622,4.5
188,8623,3.5
188,8636,2.0
188,8638,4.5
188,8639,2.5
188,8641,3.0
188,8644,4.0
188,8645,3.5
188,8665,3.0
188,8667,4.0
188,8738,4.0
188,8779,4.5
188,8783,5.0
188,8784,4.0
188,8798,5.0
188,8800,4.5
188,8801,3.5
188,8807,3.5
188,8809,4.0
188,8813,2.5
188,8814,3.5
188,8831,3.0
188,8833,2.5
188,8836,2.5
188,8838,3.5
188,8860,3.5
188,8862,3.0
188,8865,3.0
188,8866,3.5
188,8870,1.0
188,8872,5.0
188,8874,4.5
188,8908,4.0
188,8910,3.0
188,8914,3.0
188,8915,3.5
188,8918,3.5
188,8919,4.0
188,8947,2.0
188,8948,3.5
188,8949,4.5
188,8950,4.0
188,8957,3.0
188,8958,4.0
188,8959,1.0
188,8961,5.0
188,8966,3.0
188,8968,2.5
188,8969,3.0
188,8970,5.0
188,8972,4.0
188,8973,4.0
188,8981,4.0
188,8984,5.0
188,9010,5.0
188,25752,5.0
188,25753,5.0
188,25774,5.0
188,26152,3.5
188,26174,3.0
188,26178,4.0
188,26242,4.0
188,26258,5.0
188,26306,5.0
188,26318,4.0
188,26366,4.5
188,26386,3.5
188,26527,5.0
188,26558,4.0
188,26662,4.0
188,26680,5.0
188,26974,5.0
188,27020,3.5
188,27266,4.5
188,27317,2.0
188,27391,4.0
188,27408,2.0
188,27434,2.5
188,27563,5.0
188,27604,3.0
188,27618,0.5
188,27664,4.5
188,27706,5.0
188,27721,4.0
188,27731,3.5
188,27746,3.5
188,27773,4.5
188,27788,3.5
188,27792,4.5
188,27812,4.0
188,27815,4.5
188,27821,5.0
188,27830,2.5
188,27831,5.0
188,27833,2.5
188,27837,3.0
188,27839,2.5
188,27899,2.5
188,27904,4.0
188,30749,5.0
188,30793,5.0
188,30810,5.0
188,30812,4.5
188,30816,3.0
188,30818,3.5
188,30820,3.5
188,30822,3.5
188,30825,1.0
188,30846,4.0
188,30848,4.5
188,30892,4.0
188,30894,2.0
188,30898,4.5
188,31162,4.0
188,31225,3.0
188,31420,3.0
188,31424,0.5
188,31427,2.5
188,31431,2.5
188,31435,4.0
188,31594,2.5
188,31685,4.5
188,31689,3.0
188,31694,2.0
188,31696,3.5
188,31952,5.0
188,32011,3.5
188,32019,4.5
188,32029,3.5
188,32031,4.5
188,32153,3.0
188,32291,2.5
188,32296,0.5
188,32587,5.0
188,32596,1.5
188,32598,3.5
188,32600,3.5
188,33072,4.5
188,33085,4.5
188,33138,3.5
188,33154,3.5
188,33164,3.0
188,33166,5.0
188,33421,5.0
188,33454,3.5
188,33499,3.0
188,33564,5.0
188,33639,4.0
188,33649,3.5
188,33660,4.5
188,33669,1.0
188,33672,3.0
188,33675,4.5
188,33679,5.0
188,33683,2.5
188,33722,4.0
188,33794,3.5
188,33817,3.5
188,33819,2.0
188,33826,3.0
188,33836,2.5
188,33880,4.0
188,33903,4.0
188,34048,2.5
188,34072,3.5
188,34143,4.5
188,34162,3.5
188,34164,5.0
188,34319,4.5
188,34326,4.0
188,34334,1.0
188,34336,2.5
188,34338,1.0
188,34405,3.0
188,34437,4.0
188,34499,3.5
188,34523,5.0
188,34528,3.5
188,34532,2.5
188,34534,0.5
188,34540,3.0
188,34800,1.0
188,35836,4.0
188,35957,4.0
188,36276,4.0
188,36401,5.0
188,36477,5.0
188,36517,4.0
188,36525,3.5
188,36527,1.5
188,36535,4.5
188,36537,4.5
188,37382,4.0
188,37384,4.5
188,37386,3.5
188,37720,1.0
188,37727,1.5
188,37729,4.0
188,37731,4.5
188,37733,4.5
188,37741,5.0
188,37857,4.5
188,38061,5.0
188,38188,4.0
188,38600,4.5
188,38798,3.0
188,38886,5.0
188,38992,2.5
188,39183,4.0
188,39231,3.0
188,39234,4.0
188,39292,4.5
188,39398,3.5
188,39414,3.0
188,39419,3.0
188,39427,4.0
188,39446,3.5
188,39449,3.5
188,39869,5.0
188,39886,4.0
188,40148,4.0
188,40339,2.5
188,40614,2.5
188,40629,4.0
188,40732,5.0
188,40815,4.0
188,40819,4.5
188,40887,3.0
188,40955,5.0
188,40959,0.5
188,40966,4.0
188,41285,4.0
188,41571,4.0
188,41573,3.0
188,41716,2.5
188,42007,3.5
188,42011,3.5
188,42015,5.0
188,42723,4.0
188,43396,4.5
188,43560,3.5
188,43744,4.0
188,43871,3.0
188,43904,3.0
188,43914,3.0
188,43932,2.5
188,43936,4.0
188,44004,3.0
188,44191,2.5
188,44193,4.0
188,44195,5.0
188,44197,2.5
188,44397,0.5
188,44399,2.0
188,44633,4.0
188,44665,5.0
188,44761,5.0
188,44788,4.5
188,44864,3.0
188,44972,1.5
188,44974,3.0
188,45028,4.0
188,45081,3.0
188,45106,3.5
188,45361,0.5
188,45382,4.0
188,45440,3.0
188,45517,4.0
188,45635,2.5
188,45662,1.0
188,45666,0.5
188,45668,3.5
188,45720,3.0
188,45722,4.0
188,45728,4.0
188,45730,1.0
188,45950,4.5
188,46574,3.0
188,46578,5.0
188,46772,3.0
188,46850,5.0
188,46965,5.0
188,46967,5.0
188,46970,2.0
188,46976,4.0
188,47122,2.5
188,47200,5.0
188,47261,1.5
188,47423,5.0
188,47465,1.0
188,47610,4.0
188,47629,3.5
188,47793,1.5
188,47810,0.5
188,47830,2.0
188,47999,3.5
188,48043,3.5
188,48082,5.0
188,48142,2.0
188,48385,3.0
188,48394,4.0
188,48516,5.0
188,48560,4.0
188,48678,0.5
188,48744,4.0
188,48774,5.0
188,48780,4.0
188,48997,3.0
188,49220,4.5
188,49272,4.5
188,49286,2.0
188,49530,3.5
188,49772,3.5
188,49932,4.0
188,49961,4.5
188,50160,1.0
188,50274,3.5
188,50442,2.0
188,50685,3.5
188,50794,0.5
188,50872,4.0
188,51084,2.5
188,51086,2.0
188,51088,2.5
188,51091,3.5
188,51174,3.0
188,51255,5.0
188,51418,2.5
188,51540,5.0
188,51662,5.0
188,51694,3.0
188,51834,3.0
188,52281,5.0
188,52328,3.0
188,52375,3.0
188,52458,3.5
188,52604,2.5
188,52668,2.0
188,52973,1.0
188,53000,5.0
188,53121,3.0
188,53123,3.5
188,53125,3.5
188,53189,4.0
188,53207,0.5
188,53322,4.0
188,53464,1.5
188,53468,1.0
188,53578,3.5
188,53894,3.5
188,53953,2.5
188,53956,3.5
188,53972,3.0
188,53993,2.0
188,54190,2.5
188,54272,3.0
188,54281,3.0
188,54328,3.5
188,54503,3.5
188,54605,2.5
188,54734,3.5
188,54745,3.0
188,54771,3.5
188,54785,0.5
188,54796,4.0
188,54881,4.5
188,54978,3.0
188,54997,4.0
188,55063,4.0
188,55118,4.0
188,55167,4.0
188,55267,3.5
188,55269,4.0
188,55276,3.0
188,55278,3.5
188,55280,3.5
188,55282,4.0
188,55687,4.0
188,55729,3.0
188,55805,1.0
188,55814,3.5
188,55820,5.0
188,55830,3.5
188,56152,4.0
188,56174,3.5
188,56274,3.0
188,56286,2.5
188,56333,3.0
188,56339,4.0
188,56367,3.5
188,56715,5.0
188,56719,3.0
188,56757,2.0
188,56782,5.0
188,56788,3.0
188,56805,4.0
188,56949,0.5
188,57147,3.0
188,57368,3.0
188,57526,1.5
188,57536,0.5
188,57669,2.5
188,57910,3.0
188,58047,2.5
188,58162,4.0
188,58301,4.5
188,58303,3.5
188,58334,3.0
188,58347,3.5
188,58559,4.5
188,58803,0.5
188,58839,3.5
188,58879,3.5
188,58975,2.5
188,58998,4.0
188,59022,2.0
188,59141,3.5
188,59258,3.0
188,59315,4.0
188,59333,0.5
188,59339,3.5
188,59369,3.0
188,59387,5.0
188,59421,1.0
188,59615,2.0
188,59715,1.0
188,59721,2.5
188,59727,2.5
188,60069,4.0
188,60072,0.5
188,60074,0.5
188,60126,3.5
188,60333,5.0
188,60397,1.0
188,60684,3.5
188,60756,3.5
188,60766,5.0
188,60894,2.5
188,60946,3.0
188,60950,4.0
188,61024,4.5
188,61132,4.5
188,61236,4.5
188,61240,5.0
188,61246,3.0
188,61250,3.0
188,61262,1.0
188,61323,5.0
188,61729,2.5
188,62113,2.0
188,62155,3.0
188,62434,1.5
188,62511,2.0
188,62849,4.5
188,63082,4.5
188,63113,3.0
188,63131,3.5
188,63179,4.5
188,63222,4.0
188,63436,2.5
188,63992,2.0
188,64032,2.5
188,64037,3.0
188,64116,2.0
188,64497,1.5
188,64575,4.0
188,64614,4.0
188,64620,3.5
188,64622,4.0
188,64839,4.5
188,64957,4.0
188,64969,1.0
188,64983,2.0
188,65088,2.5
188,65126,3.0
188,65130,4.0
188,66097,4.0
188,66203,2.0
188,66427,4.0
188,66665,4.0
188,66915,0.5
188,66934,3.5
188,67087,4.0
188,67186,2.5
188,67197,1.0
188,67267,3.5
188,67695,3.0
188,67734,3.0
188,68157,5.0
188,68159,3.0
188,68237,5.0
188,68358,4.0
188,68444,3.0
188,68848,4.5
188,68941,0.5
188,68952,4.0
188,68954,4.5
188,69122,2.5
188,69406,2.5
188,69481,3.5
188,69574,3.0
188,69604,4.5
188,69757,3.5
188,69844,4.0
188,69951,2.5
188,70159,3.0
188,70183,1.0
188,70286,3.0
188,70344,2.5
188,70567,2.5
188,70687,3.0
188,71135,1.0
188,71205,3.0
188,71254,4.0
188,71379,2.0
188,71464,5.0
188,71520,0.5
188,71535,4.0
188,71579,4.0
188,71745,3.5
188,71878,3.5
188,72011,3.5
188,72226,5.0
188,72386,2.0
188,72605,2.5
188,72720,3.0
188,72737,3.5
188,73000,1.5
188,73017,4.0
188,73023,4.0
188,73266,4.0
188,73268,2.5
188,74370,4.0
188,74458,4.0
188,74545,4.0
188,76866,3.0
188,77798,1.0
189,6,3.5
189,32,4.0
189,47,4.5
189,50,5.0
189,105,1.0
189,260,5.0
189,293,5.0
189,368,2.5
189,442,3.0
189,592,4.0
189,594,3.0
189,708,3.0
189,832,3.0
189,1035,3.0
189,1090,4.0
189,1196,5.0
189,1197,5.0
189,1198,5.0
189,1200,5.0
189,1206,4.0
189,1214,4.0
189,1219,4.5
189,1220,4.0
189,1222,3.5
189,1262,4.0
189,1265,4.5
189,1266,4.5
189,1291,4.5
189,1304,4.0
189,1320,3.5
189,1372,2.5
189,1380,3.0
189,1407,3.0
189,1408,4.5
189,1466,4.0
189,1500,4.5
189,1584,4.5
189,1610,4.0
189,1625,4.0
189,1722,2.0
189,1777,3.5
189,1784,3.5
189,1923,4.5
189,1968,3.5
189,2001,3.0
189,2028,4.5
189,2081,1.5
189,2100,2.0
189,2329,4.0
189,2353,3.5
189,2396,4.0
189,2406,4.0
189,2407,3.0
189,2467,4.0
189,2571,5.0
189,2918,4.0
189,2959,5.0
189,2987,4.0
189,3471,4.0
189,3996,4.0
189,4011,4.0
189,4034,4.0
189,4226,4.0
189,4993,5.0
189,5952,5.0
189,6708,4.0
189,6796,3.5
189,6870,4.0
189,7147,3.5
189,7153,5.0
189,8464,4.0
189,8798,4.0
189,8961,5.0
190,50,4.5
190,260,5.0
190,318,4.5
190,541,5.0
190,593,4.0
190,750,5.0
190,858,5.0
190,898,2.0
190,912,4.5
190,913,4.5
190,923,5.0
190,1019,2.5
190,1093,4.0
190,1136,5.0
190,1193,4.5
190,1196,5.0
190,1197,4.0
190,1198,4.5
190,1203,3.5
190,1204,4.5
190,1207,4.0
190,1209,5.0
190,1213,4.5
190,1221,5.0
190,1234,4.0
190,1252,5.0
190,1345,4.5
190,1347,3.0
190,1663,3.5
190,1921,4.0
190,2094,3.0
190,2145,3.0
190,2329,4.5
190,2571,2.5
190,2641,4.5
190,2717,2.0
190,2762,2.5
190,2826,3.0
190,2858,4.5
190,2959,4.5
190,3232,5.0
190,3317,3.0
190,3396,4.0
190,4226,4.5
190,4720,2.5
190,4878,5.0
190,4993,5.0
190,5618,5.0
190,5679,1.5
190,5690,5.0
190,5952,5.0
190,5971,4.0
190,7099,3.0
190,7153,5.0
190,7361,4.5
191,239,2.5
191,362,4.0
191,419,3.0
191,588,4.0
191,1023,4.0
191,1025,4.0
191,1136,5.0
191,1198,4.5
191,1274,5.0
191,1381,1.5
191,1907,4.0
191,2329,5.0
191,2398,4.0
191,2572,3.0
191,2622,4.5
191,2857,4.5
191,2953,3.0
191,2989,4.5
191,3034,5.0
191,3635,4.5
191,3751,1.5
191,4571,4.0
191,5103,4.0
191,5971,5.0
191,8376,3.0
191,30816,4.5
191,52435,4.0
192,2,4.0
192,25,5.0
192,34,5.0
192,39,4.0
192,50,5.0
192,111,5.0
192,112,5.0
192,150,3.0
192,160,5.0
192,161,4.0
192,163,5.0
192,170,4.0
192,196,4.0
192,207,5.0
192,208,4.0
192,277,5.0
192,288,5.0
192,292,4.0
192,296,5.0
192,300,3.0
192,315,5.0
192,316,4.0
192,318,5.0
192,319,5.0
192,337,3.0
192,344,2.0
192,349,3.0
192,356,4.0
192,357,5.0
192,367,4.0
192,377,3.0
192,380,4.0
192,410,3.0
192,427,3.0
192,432,3.0
192,435,4.0
192,440,5.0
192,442,3.0
192,454,4.0
192,457,3.0
192,480,5.0
192,500,4.0
192,515,5.0
192,551,5.0
192,589,5.0
192,590,3.0
192,592,3.0
192,593,5.0
192,597,4.0
193,785,1.0
193,1101,1.0
193,1210,4.0
193,1250,4.0
193,1265,3.0
193,1513,4.0
193,1961,5.0
193,2028,5.0
193,2355,5.0
193,2396,4.0
193,2490,5.0
193,2581,5.0
193,2605,4.0
193,2628,4.0
193,2629,3.0
193,2686,5.0
193,2688,4.0
193,2701,4.0
193,2710,2.0
193,2763,4.0
193,2764,4.0
193,2770,3.0
193,2882,4.0
193,3157,4.0
193,3824,3.0
193,4027,5.0
193,4855,5.0
194,110,5.0
194,260,5.0
194,318,5.0
194,356,5.0
194,368,4.0
194,380,5.0
194,457,4.0
194,480,4.0
194,587,5.0
194,589,5.0
194,593,3.0
194,597,4.0
194,1027,5.0
194,1088,5.0
194,1090,5.0
194,1092,5.0
194,1136,2.0
194,1193,5.0
194,1196,5.0
194,1198,5.0
194,1200,5.0
194,1201,4.0
194,1214,5.0
194,1240,5.0
194,1246,4.0
194,1265,5.0
194,1270,5.0
194,1291,5.0
194,1527,4.0
194,1573,3.0
194,1597,5.0
194,1682,3.0
194,1918,5.0
194,1954,4.0
194,1961,4.0
194,2000,5.0
194,2001,5.0
194,2002,5.0
194,2011,5.0
194,2012,5.0
194,2028,2.5
194,2115,5.0
194,2268,4.0
194,2273,5.0
194,2324,4.0
194,2329,4.0
194,2353,5.0
194,2424,5.0
194,2490,2.5
194,2571,4.0
194,2572,2.5
194,2617,4.0
194,2762,5.0
194,2916,5.0
194,2959,4.0
194,2987,4.0
194,3000,5.0
194,3114,5.0
194,3147,5.0
194,3247,5.0
194,3578,4.5
194,3624,5.0
194,3703,4.0
194,3948,5.0
194,3996,1.0
194,4014,5.0
194,4025,4.5
194,4027,2.0
194,4085,3.0
194,4226,4.0
194,4246,5.0
194,4299,4.0
194,4306,5.0
194,4701,5.0
194,4878,2.0
194,4886,5.0
194,4973,5.0
194,4992,2.5
194,4993,2.5
194,4995,5.0
194,5418,4.0
194,5445,4.0
194,5481,0.5
194,5618,5.0
194,5952,2.5
194,5971,5.0
194,5989,3.0
194,6016,3.0
194,6156,5.0
194,6333,1.0
194,6350,5.0
194,6377,3.0
194,6539,5.0
194,7147,4.0
194,7153,2.5
194,7293,5.0
194,7317,4.0
194,8360,5.0
194,8529,3.0
194,8533,3.0
194,8665,5.0
194,8961,2.5
194,31658,5.0
194,32587,2.0
194,34162,5.0
194,44555,5.0
194,45517,5.0
194,45720,5.0
194,47099,5.0
194,47610,3.5
194,48516,3.0
194,48780,4.0
194,49272,5.0
194,50872,4.0
194,53125,5.0
194,54286,5.0
194,59315,1.0
194,60069,5.0
194,65261,5.0
194,68157,3.0
194,68954,5.0
194,72998,5.0
194,74458,5.0
194,74789,4.0
194,79132,5.0
194,81845,2.5
194,81847,4.0
194,99114,5.0
194,109487,4.0
194,111759,2.5
194,134130,4.5
194,152081,3.0
195,18,3.5
195,29,4.5
195,32,5.0
195,47,5.0
195,50,5.0
195,150,2.5
195,260,3.0
195,296,4.5
195,356,4.5
195,377,2.0
195,380,4.5
195,457,3.5
195,480,4.0
195,527,3.5
195,589,4.0
195,592,3.5
195,593,5.0
195,648,2.5
195,720,4.5
195,780,3.0
195,849,3.5
195,858,4.0
195,1186,3.5
195,1196,1.0
195,1210,2.5
195,1214,4.0
195,1296,3.5
195,1373,0.5
195,1690,4.5
195,1692,3.0
195,1717,3.5
195,1805,3.0
195,2105,1.0
195,2359,2.0
195,2398,3.0
195,2571,2.5
195,2858,5.0
195,3363,1.0
195,3386,3.5
195,3827,3.5
195,4973,4.5
195,6835,3.5
195,7361,5.0
195,44555,5.0
195,46578,5.0
195,52328,4.0
195,58559,4.0
196,50,4.5
196,318,5.0
196,356,4.5
196,593,3.5
196,858,5.0
196,1213,4.0
196,1721,4.0
196,2959,4.0
196,3147,4.5
196,3578,5.0
196,4776,3.5
196,5418,3.5
196,5956,4.0
196,5995,5.0
196,7361,2.0
196,7445,4.0
196,8132,5.0
196,8533,4.0
196,8665,3.5
196,8961,4.0
196,30707,5.0
196,33679,4.0
196,44191,4.5
196,47610,5.0
196,48516,4.0
196,48780,4.5
196,54286,4.0
196,58559,5.0
196,59369,4.5
196,63082,4.0
196,67923,4.0
196,68157,4.5
196,69406,3.5
196,74458,4.0
196,79132,5.0
196,81537,4.5
196,81591,3.5
196,81845,4.5
196,86644,4.0
196,89774,4.5
196,90405,4.5
196,91529,5.0
196,91535,4.5
196,91630,4.0
196,92259,5.0
196,92507,4.0
196,96079,4.0
196,96861,4.0
196,97304,4.0
196,97923,4.5
196,99114,4.0
196,100737,3.0
196,102716,4.5
196,103249,3.5
196,103253,3.5
196,104841,3.5
196,105504,4.0
196,105844,3.5
196,106920,4.0
196,108190,3.5
196,109374,5.0
196,109487,5.0
196,111759,4.0
196,111921,2.5
196,112138,4.5
196,112171,4.0
196,112183,2.0
196,112556,4.5
196,114180,3.5
196,115210,4.5
196,115713,3.5
196,116797,4.0
196,119141,4.5
196,119145,4.0
196,122904,4.0
196,122922,3.5
196,122926,3.5
196,130490,3.5
196,134130,4.0
196,143355,3.5
196,143385,4.5
196,157699,4.0
196,158238,4.0
196,159093,4.5
196,160438,4.0
196,162606,3.5
196,164179,4.0
196,166635,4.0
196,168252,4.0
196,171763,3.5
196,174055,4.0
196,183837,2.0
196,187593,4.0
196,192803,4.5
196,194448,4.5
197,2,3.5
197,50,3.5
197,104,3.5
197,110,3.0
197,158,3.0
197,180,3.5
197,216,3.0
197,296,4.0
197,318,4.0
197,367,3.5
197,380,4.0
197,500,3.0
197,586,4.0
197,589,4.5
197,592,3.5
197,1036,4.0
197,1073,3.0
197,1079,3.0
197,1080,4.0
197,1129,3.5
197,1136,4.5
197,1197,4.0
197,1198,4.0
197,1206,4.0
197,1240,4.0
197,1259,4.0
197,1265,5.0
197,1270,5.0
197,1394,3.0
197,1517,3.0
197,1527,3.5
197,1580,3.5
197,1682,3.0
197,1923,3.5
197,2003,4.0
197,2005,4.0
197,2011,4.0
197,2012,3.5
197,2115,4.0
197,2124,3.0
197,2134,3.5
197,2161,4.0
197,2162,3.0
197,2174,3.5
197,2273,3.5
197,2288,3.0
197,2542,3.5
197,2571,4.0
197,2572,3.5
197,2617,3.5
197,2694,3.0
197,2700,3.0
197,2706,3.5
197,2716,4.0
197,2717,3.0
197,2797,3.0
197,2804,3.0
197,2916,4.0
197,2918,4.0
197,2953,3.5
197,2959,4.5
197,2997,4.0
197,3033,3.5
197,3052,3.5
197,3087,3.5
197,3210,5.0
197,3421,4.0
197,3438,2.5
197,3439,2.0
197,3489,4.0
197,3552,4.0
197,3624,3.0
197,3671,3.5
197,3793,3.5
197,3948,4.0
197,4011,4.0
197,4022,3.0
197,4214,4.0
197,4226,4.0
197,4239,3.0
197,4270,3.0
197,4306,4.0
197,4571,4.0
197,4896,5.0
197,4980,3.5
197,5110,3.0
197,5349,3.5
197,5459,4.0
197,5502,3.0
197,5618,4.0
197,5669,3.0
197,5816,3.5
197,5989,3.5
197,6016,4.0
197,6188,3.5
197,6333,4.0
197,6365,3.0
197,6502,3.5
197,6537,2.5
197,6539,3.5
197,6863,3.5
197,7147,3.5
197,7293,3.5
197,8360,3.5
197,8368,3.0
197,8528,3.5
197,8622,2.0
197,8636,3.5
197,8807,4.0
197,8810,2.0
197,8874,4.5
197,8961,3.5
197,8985,2.0
197,30793,3.0
197,31696,3.0
197,33794,3.5
197,34048,2.0
197,34150,2.0
197,35836,3.0
197,40815,3.0
197,45499,2.0
197,47518,3.0
197,48385,3.5
197,48394,4.0
197,48516,3.5
197,50872,3.5
197,51255,4.0
197,52722,1.0
197,54001,3.0
197,54503,3.0
197,57640,4.0
197,58559,3.5
197,59022,3.0
197,59315,3.5
197,60040,2.5
197,60756,4.0
197,61024,2.5
197,61132,3.5
197,63082,3.5
197,63131,3.5
197,69844,3.0
197,71535,3.5
197,76077,4.5
197,77561,3.0
197,79057,3.0
197,79702,4.0
197,81229,2.5
197,81591,3.0
197,81834,3.0
197,83134,3.5
197,84152,3.5
197,87232,3.5
197,88125,3.0
197,88140,3.0
197,89745,4.0
197,91500,2.5
197,95510,4.0
197,95875,2.0
197,96610,2.5
197,97913,4.0
197,103228,3.0
197,103341,4.0
197,103772,3.0
197,104241,3.0
197,104841,3.5
197,106487,2.5
197,106782,2.5
197,108932,3.0
197,110102,3.5
197,110553,1.0
197,111362,3.0
197,112138,3.0
197,112623,3.0
197,112852,4.0
197,120799,2.0
197,122882,4.0
197,122892,3.0
197,122904,3.5
197,122906,3.0
197,122912,4.5
197,122916,3.5
197,122918,4.5
197,122920,4.0
197,122922,4.0
197,122926,4.0
197,135536,2.0
197,139385,3.0
197,140956,4.5
197,144620,3.5
197,162600,4.5
197,166534,4.0
197,175661,2.0
198,6,4.0
198,296,4.0
198,316,3.5
198,356,2.0
198,527,3.5
198,589,3.0
198,1200,4.0
198,1954,3.5
198,2028,4.0
198,2409,3.5
198,2410,3.5
198,2571,4.0
198,5952,4.0
198,6365,4.0
198,6503,3.0
198,6539,2.5
198,6586,2.5
198,6888,4.0
198,7153,4.0
198,7361,5.0
198,7454,3.5
198,7458,4.5
198,8132,2.5
198,8361,4.0
198,8371,4.0
198,8372,2.0
198,8640,3.0
198,8644,4.0
198,8666,3.5
198,8861,3.5
198,8977,5.0
198,8985,4.0
198,30707,5.0
198,33615,2.0
198,33660,4.5
198,33679,3.0
198,33794,4.0
198,34048,4.0
198,34150,2.5
198,36519,3.5
198,39435,2.0
198,41569,3.0
198,44972,3.5
198,45186,4.0
198,45499,3.5
198,45672,3.5
198,46972,2.0
198,47099,4.0
198,47200,3.5
198,48780,5.0
198,49651,4.0
198,52328,4.5
198,58295,4.0
198,58559,4.0
198,60684,4.0
198,60760,4.0
198,61248,4.0
198,63113,2.5
198,64030,3.5
198,64497,4.5
198,64614,4.0
198,64716,5.0
198,65514,4.0
198,68205,4.0
198,68237,5.0
198,68358,5.0
198,68791,3.5
198,69526,3.5
198,69644,3.0
198,69844,3.5
198,70286,4.5
198,71135,4.0
198,72378,4.0
198,72998,2.0
198,77866,3.5
198,78088,4.0
198,78772,3.0
198,79057,4.0
198,79132,4.5
198,79553,4.0
198,80463,4.0
198,81932,5.0
198,82461,4.0
198,84844,3.0
198,85020,4.5
198,85414,3.5
198,86880,3.0
198,86911,3.0
198,88140,3.0
198,88744,4.0
198,89745,2.0
198,89774,4.0
198,90405,4.0
198,91485,3.0
198,91500,4.5
198,91529,4.0
198,91542,4.0
198,91630,3.5
198,92259,2.5
198,93363,4.0
198,94777,3.5
198,94864,4.5
198,95441,2.0
198,96432,4.5
198,96737,3.5
198,98203,3.0
198,98809,2.5
198,101864,5.0
198,102445,5.0
198,102686,3.0
198,102880,4.0
198,103228,3.5
198,103249,3.5
198,103253,4.0
198,104243,4.0
198,104841,4.5
198,106030,4.0
198,106072,3.0
198,106489,3.5
198,107406,3.5
198,108190,3.5
198,108945,3.5
198,109487,4.5
198,110102,2.5
198,110407,4.0
198,110591,5.0
198,110730,5.0
198,111364,3.0
198,111759,5.0
198,111781,3.5
198,111921,4.0
198,112138,3.5
198,112370,3.0
198,112623,3.5
198,112852,4.5
198,113345,3.0
198,114180,4.0
198,114847,4.0
198,115170,3.5
198,115210,4.0
198,115713,5.0
198,116797,3.5
198,116823,4.5
198,116977,3.5
198,117529,2.5
198,117895,4.0
198,118696,3.5
198,120466,3.5
198,120799,3.5
198,121231,3.0
198,122882,4.0
198,122886,4.0
198,122892,2.5
198,122900,1.0
198,122902,2.0
198,128838,4.5
198,129354,3.5
198,130490,3.5
198,130634,3.5
198,132046,3.5
198,134130,4.0
198,134368,3.5
198,135133,5.0
198,139642,5.0
198,146656,4.0
199,1,5.0
199,10,4.0
199,47,5.0
199,110,4.0
199,150,4.0
199,165,3.0
199,208,4.0
199,231,5.0
199,292,4.0
199,296,5.0
199,316,3.0
199,318,1.0
199,329,1.0
199,344,5.0
199,349,2.0
199,356,5.0
199,357,5.0
199,367,4.0
199,380,4.0
199,434,5.0
199,457,5.0
199,480,5.0
199,588,5.0
199,590,5.0
199,592,1.0
199,595,3.0
199,1075,5.0
199,1133,5.0
199,1186,5.0
200,19,3.0
200,21,3.0
200,34,4.0
200,47,4.0
200,110,5.0
200,150,3.0
200,160,3.0
200,161,4.0
200,165,4.0
200,185,4.0
200,208,3.0
200,225,3.0
200,231,1.0
200,316,4.0
200,317,3.0
200,339,4.0
200,344,3.0
200,349,4.0
200,350,4.0
200,356,4.0
200,364,4.0
200,367,3.0
200,377,4.0
200,380,3.0
200,410,3.0
200,420,3.0
200,434,3.0
200,454,4.0
200,457,4.0
200,480,4.0
200,500,4.0
200,527,5.0
200,539,4.0
200,587,3.0
200,588,4.0
200,589,4.0
200,590,4.0
200,593,4.0
200,595,4.0
200,597,4.0
201,1,5.0
201,39,3.5
201,88,4.0
201,110,5.0
201,231,4.5
201,260,4.5
201,296,4.5
201,333,4.5
201,344,3.5
201,356,4.5
201,377,4.5
201,457,4.0
201,480,4.5
201,500,4.5
201,529,5.0
201,586,3.5
201,593,4.0
201,597,3.5
201,608,5.0
201,648,4.5
201,1089,4.5
201,1193,4.0
201,1196,4.5
201,1197,4.0
201,1198,5.0
201,1210,4.5
201,1240,4.5
201,1246,4.0
201,1265,5.0
201,1270,5.0
201,1291,3.5
201,1610,3.5
201,1682,3.5
201,1704,5.0
201,1721,3.5
201,1923,5.0
201,1961,3.0
201,2028,5.0
201,2109,4.0
201,2296,3.0
201,2335,3.0
201,2391,4.5
201,2502,5.0
201,2571,4.0
201,2716,3.5
201,2762,4.0
201,2918,4.5
201,3114,4.5
201,3253,3.5
201,3360,4.5
201,3578,5.0
201,3752,3.0
201,3916,5.0
201,3948,5.0
201,3955,3.0
201,4226,5.0
201,4776,5.0
201,4816,4.0
201,4886,4.5
201,5010,5.0
201,5445,4.0
201,5785,4.0
201,6377,4.0
201,7451,4.5
201,8528,4.5
201,8641,5.0
201,8961,4.0
201,52245,4.5
201,55820,3.0
201,56174,3.5
201,59258,3.5
201,60756,4.5
201,68157,5.0
201,80463,3.5
201,89492,3.0
201,103819,5.0
201,115149,4.0
201,115569,3.5
201,168248,4.0
201,175303,3.5
201,176101,3.5
201,185029,4.5
201,189713,4.0
201,192385,4.0
201,193950,5.0
201,200818,4.0
201,204698,4.5
201,206499,3.5
201,207313,4.0
202,1,4.0
202,3,3.0
202,5,4.0
202,7,3.0
202,10,4.0
202,39,3.0
202,141,5.0
202,150,3.0
202,153,4.0
202,193,1.0
202,225,3.0
202,231,1.0
202,262,5.0
202,270,4.0
202,296,1.0
202,300,4.0
202,315,3.0
202,317,3.0
202,349,4.0
202,350,4.0
202,356,5.0
202,362,3.0
202,367,1.0
202,370,1.0
202,377,4.0
202,380,4.0
202,410,3.0
202,419,2.0
202,434,3.0
202,454,3.0
202,457,4.0
202,466,1.0
202,477,3.0
202,480,4.0
202,485,3.0
202,500,4.0
202,508,4.0
202,531,5.0
202,539,3.0
202,585,1.0
202,586,3.0
202,587,4.0
202,588,4.0
202,589,3.0
202,590,4.0
202,592,4.0
202,593,4.0
202,594,4.0
202,595,4.0
202,596,4.0
202,597,4.0
202,616,3.0
202,648,5.0
202,736,5.0
203,1,3.5
203,2,2.5
203,11,4.0
203,16,4.0
203,19,0.5
203,21,4.0
203,34,2.5
203,47,4.0
203,50,4.5
203,95,2.5
203,110,3.5
203,135,3.5
203,141,4.0
203,147,3.5
203,150,3.0
203,153,1.5
203,161,3.5
203,208,1.5
203,216,3.0
203,223,4.0
203,231,1.0
203,237,3.5
203,260,3.5
203,292,3.0
203,296,4.5
203,303,2.5
203,316,3.5
203,317,2.0
203,318,4.5
203,329,2.0
203,339,3.5
203,344,0.5
203,356,2.0
203,364,4.5
203,367,1.0
203,368,3.5
203,377,3.5
203,380,3.5
203,454,3.0
203,457,4.0
203,480,4.0
203,497,4.5
203,500,2.5
203,508,2.0
203,517,3.5
203,524,2.5
203,541,4.0
203,553,4.5
203,586,2.5
203,593,4.0
203,595,3.0
203,597,4.0
203,733,4.0
203,736,2.5
203,780,4.0
203,858,4.5
203,912,5.0
203,919,3.0
203,923,2.0
203,1027,4.0
203,1036,4.0
203,1059,4.0
203,1101,3.5
203,1136,3.5
203,1196,4.0
203,1197,4.5
203,1198,4.0
203,1201,4.0
203,1203,4.5
203,1204,4.0
203,1214,3.0
203,1220,4.5
203,1221,4.0
203,1222,4.0
203,1231,3.5
203,1240,2.5
203,1242,4.0
203,1246,4.0
203,1252,5.0
203,1259,3.5
203,1262,3.5
203,1265,3.5
203,1269,4.5
203,1272,2.5
203,1291,4.0
203,1304,4.5
203,1307,4.5
203,1371,2.0
203,1372,3.5
203,1374,3.0
203,1485,3.0
203,1500,4.0
203,1517,3.5
203,1527,4.0
203,1580,4.0
203,1584,3.5
203,1597,3.5
203,1610,4.0
203,1617,4.5
203,1676,3.5
203,1711,4.0
203,1721,3.0
203,1729,4.5
203,1732,4.5
203,1762,3.5
203,1772,3.0
203,1784,3.5
203,1792,3.0
203,1801,3.5
203,1876,3.0
203,1894,4.0
203,1912,3.5
203,1917,3.5
203,1923,2.5
203,1954,1.5
203,1961,3.0
203,1967,1.0
203,1968,3.5
203,2000,3.5
203,2020,3.0
203,2028,3.5
203,2115,2.5
203,2174,3.5
203,2194,3.5
203,2268,4.0
203,2302,4.0
203,2396,4.5
203,2406,4.0
203,2423,1.5
203,2427,3.5
203,2428,3.0
203,2431,2.0
203,2447,2.0
203,2467,4.0
203,2501,3.5
203,2502,3.5
203,2571,3.0
203,2572,4.0
203,2605,3.0
203,2606,3.0
203,2617,4.0
203,2628,1.5
203,2671,3.5
203,2692,4.0
203,2706,4.0
203,2710,2.0
203,2716,4.0
203,2762,4.0
203,2791,3.0
203,2858,4.0
203,2890,4.0
203,2918,4.0
203,2949,4.0
203,2959,3.0
203,2987,3.5
203,2993,3.0
203,3035,4.5
203,3052,4.0
203,3066,3.0
203,3100,3.5
203,3107,2.5
203,3114,3.0
203,3146,2.5
203,3175,3.5
203,3285,3.0
203,3301,4.0
203,3317,4.5
203,3334,4.0
203,3361,3.0
203,3363,3.0
203,3408,4.0
203,3421,4.0
203,3424,3.5
203,3481,4.5
203,3487,4.0
203,3508,4.0
203,3534,4.0
203,3578,4.0
203,3628,3.5
203,3671,4.0
203,3688,2.5
203,3717,4.0
203,3753,2.5
203,3793,3.0
203,3809,3.0
203,3827,4.0
203,3836,4.0
203,3882,3.0
203,3897,4.0
203,3916,3.0
203,3977,2.0
203,3984,3.5
203,4007,3.5
203,4018,3.5
203,4019,3.5
203,4022,3.5
203,4025,3.5
203,4027,2.5
203,4029,5.0
203,4047,4.0
203,4103,4.5
203,4117,4.0
203,4226,3.5
203,4239,4.0
203,4246,4.0
203,4270,3.0
203,4299,4.0
203,4306,4.0
203,4308,4.0
203,4310,1.5
203,4321,3.0
203,4327,4.0
203,4411,3.5
203,4521,3.0
203,4537,3.5
203,4638,2.0
203,4776,4.0
203,4874,4.0
203,4878,4.5
203,4896,3.0
203,4916,3.0
203,4963,4.5
203,4993,3.5
203,5010,4.0
203,5060,4.0
203,5110,4.0
203,5151,3.5
203,5218,3.5
203,5349,3.0
203,5377,4.0
203,5378,2.0
203,5418,4.0
203,5459,3.5
203,5502,2.0
203,5816,3.0
203,5952,4.5
203,5956,4.5
203,5989,3.5
203,6059,3.5
203,6218,3.5
203,6281,4.0
203,6297,3.5
203,6377,4.0
203,6394,4.0
203,6470,3.5
203,6482,1.0
203,6483,0.5
203,6539,4.5
203,6595,3.0
203,6707,1.0
203,6709,4.5
203,6711,4.5
203,6808,3.5
203,6870,2.5
203,6879,4.0
203,6936,2.0
203,6942,4.5
203,6947,4.5
203,6957,4.0
203,7143,4.5
203,7153,4.0
203,7164,3.5
203,7323,4.0
203,7438,2.5
203,8528,3.5
203,8529,4.0
203,8641,2.5
203,8675,4.0
203,8798,4.5
203,8807,3.5
203,8949,3.5
203,8961,4.0
203,8977,2.5
203,8984,3.5
203,26101,3.5
203,26181,3.5
203,26750,3.5
203,31685,3.5
203,31696,4.0
203,31698,0.5
203,33004,4.0
203,33162,3.0
203,33493,3.0
203,33679,4.0
203,33794,4.0
203,34405,4.5
203,36529,4.0
203,38061,4.5
203,41566,4.5
203,44761,5.0
203,44949,3.5
203,45447,4.0
203,48516,4.5
203,49272,4.0
203,50601,4.0
203,53322,4.0
203,54281,4.0
203,54997,4.5
203,55094,4.0
203,55118,4.0
203,55276,4.0
203,55290,4.0
203,56367,4.5
203,56788,4.5
203,57669,4.5
203,58559,4.0
203,58803,3.5
203,59315,4.0
203,59369,4.0
203,59615,3.0
203,60514,3.5
203,63113,3.0
203,64614,4.0
203,68358,4.5
203,69122,4.0
203,69481,4.0
203,70286,4.0
203,70656,4.0
203,72011,4.0
203,73017,4.0
203,74458,4.0
203,74530,3.0
203,76251,4.0
203,80463,4.5
203,80586,4.0
203,89492,4.0
203,89745,4.0
203,89864,4.0
203,94777,4.0
203,96079,3.0
203,96821,4.5
203,99114,4.0
203,102445,4.0
203,103048,3.5
203,104074,2.5
203,104841,3.0
203,112552,4.0
203,112852,4.0
203,115210,4.0
204,1,4.0
204,2,4.0
204,19,4.5
204,47,5.0
204,104,4.0
204,145,2.0
204,173,3.5
204,231,4.0
204,260,3.5
204,296,5.0
204,318,5.0
204,344,4.0
204,356,5.0
204,370,4.5
204,420,4.0
204,455,2.5
204,480,4.5
204,500,3.0
204,520,4.5
204,551,3.0
204,586,3.5
204,588,3.0
204,593,5.0
204,1080,5.0
204,1136,5.0
204,1196,4.0
204,1197,5.0
204,1198,4.5
204,1206,4.5
204,1258,4.5
204,1265,5.0
204,1517,4.5
204,1527,4.5
204,1580,5.0
204,1682,4.5
204,1704,5.0
204,1732,4.5
204,2329,5.0
204,2502,4.5
204,2571,5.0
204,2683,4.5
204,2700,4.0
204,2762,4.5
204,2959,5.0
204,3033,4.0
204,3868,5.0
204,3869,5.0
204,3948,4.0
204,3949,5.0
204,3996,4.5
204,4022,4.5
204,4027,5.0
204,4085,4.0
204,4226,4.5
204,4306,4.5
204,4816,4.0
204,4878,5.0
204,4896,4.5
204,4979,3.5
204,4993,5.0
204,4995,4.0
204,5218,4.5
204,5349,4.5
204,5459,4.5
204,5481,4.5
204,5618,5.0
204,5816,4.5
204,5952,5.0
204,5971,4.0
204,5989,5.0
204,6365,4.0
204,6373,4.5
204,6377,4.0
204,6502,4.5
204,6539,5.0
204,6548,2.0
204,6550,4.5
204,6807,5.0
204,6863,4.5
204,6874,5.0
204,6936,4.0
204,7147,5.0
204,7153,5.0
204,7254,4.0
204,7293,3.5
204,7361,5.0
204,7438,5.0
204,8360,4.5
204,8368,4.5
204,8371,3.5
204,8376,5.0
204,8528,4.0
204,8636,4.0
204,8641,4.5
204,8784,4.0
204,8874,5.0
204,8917,4.0
204,8950,4.5
204,8961,4.5
204,8972,4.5
204,30793,4.0
204,30825,4.0
204,31685,3.5
204,31696,5.0
204,32031,4.5
204,33004,4.5
204,33493,4.0
204,33646,3.5
204,33794,4.5
204,35836,4.0
204,37729,5.0
204,40732,3.5
204,40815,4.5
204,41566,4.0
204,41569,4.0
204,43836,4.5
204,44191,4.5
204,44195,4.5
204,45081,4.5
204,45186,4.0
204,45431,4.0
204,45447,4.5
204,45666,2.5
204,45672,4.0
204,45720,3.5
204,45722,4.5
204,46972,4.0
204,46976,4.0
204,48385,2.5
204,48394,5.0
204,48738,5.0
204,48780,5.0
204,49272,4.0
204,50872,4.0
204,51086,4.0
204,51255,5.0
204,51662,4.0
204,52245,4.0
204,52722,4.0
204,52885,4.5
204,52973,4.0
204,53000,2.5
204,53121,3.5
204,53125,4.5
204,53140,4.5
204,53464,3.0
204,53953,4.5
204,53996,4.0
204,54001,4.0
204,54259,5.0
204,54272,4.5
204,54503,5.0
204,55282,4.0
204,55768,2.0
204,55820,5.0
204,56145,5.0
204,56775,4.5
204,57368,4.5
204,58025,4.0
204,58105,4.0
204,58559,4.5
204,58998,4.5
204,59315,4.0
204,59369,3.5
204,59615,4.0
204,59784,4.5
204,59900,3.5
204,60069,5.0
204,60072,4.5
204,60514,4.0
204,60684,4.0
204,60756,4.5
204,61024,4.5
204,61132,4.5
204,61240,4.5
204,63859,3.0
204,63992,2.0
204,64614,5.0
204,64969,4.0
204,66798,4.5
204,67087,3.5
204,67408,4.0
204,68157,4.5
204,68237,4.5
204,68554,4.0
204,68659,4.5
204,68793,4.0
204,68954,4.5
204,69757,4.5
204,69844,5.0
204,70286,4.5
204,71264,4.0
204,71520,4.0
204,71535,5.0
204,72378,3.5
204,72998,4.0
204,73268,4.0
204,73321,4.0
204,74458,4.5
204,76030,4.5
204,76093,4.5
204,76251,4.5
204,78209,4.0
204,79091,4.5
204,79132,5.0
204,79139,4.0
204,79702,4.5
204,80219,4.0
204,81229,3.5
204,81562,5.0
204,81564,4.5
204,81834,5.0
204,81847,4.5
204,83134,5.0
204,84152,4.5
204,84772,4.5
204,85788,4.5
204,87232,5.0
204,87306,4.5
204,87869,4.0
204,88125,5.0
204,88129,4.5
204,88163,5.0
204,88812,4.5
204,89745,4.5
204,89774,5.0
204,89864,4.5
204,90522,4.5
204,91529,4.5
204,92420,5.0
204,93270,3.5
204,93510,4.5
204,93840,4.5
204,95088,3.0
204,96610,4.0
204,96737,4.0
204,96821,5.0
204,97188,4.0
204,97913,4.5
204,97921,4.5
204,97938,4.0
204,98607,5.0
204,98809,4.5
204,99114,4.5
204,101142,3.5
204,101864,3.5
204,102123,3.5
204,102481,3.5
204,102993,5.0
204,103335,4.5
204,103341,4.5
204,103810,3.5
204,106100,4.5
204,106918,4.0
204,107348,3.0
204,107406,1.5
204,108932,4.5
204,109374,5.0
204,109487,4.5
204,111663,4.0
204,112138,4.5
204,112175,4.5
204,112183,4.5
204,112552,5.0
204,112556,4.5
204,115617,4.0
204,116797,2.5
204,117590,4.5
204,118696,4.5
204,119145,4.5
204,121231,4.5
204,122886,2.5
204,122904,3.5
204,122924,4.0
204,127202,3.5
204,134853,3.0
204,135133,4.0
204,138702,4.0
204,139385,3.5
204,140110,3.5
204,142997,4.0
204,152081,4.5
204,157296,4.0
204,159093,3.5
204,159690,1.5
205,12,3.0
205,260,4.0
205,367,4.0
205,480,3.0
205,586,4.0
205,780,4.0
205,908,4.0
205,910,3.0
205,1037,3.0
205,1136,4.0
205,1198,4.0
205,1199,3.0
205,1270,4.0
205,1278,5.0
205,1374,4.0
205,1391,3.0
205,1431,4.0
205,2009,4.0
205,2109,4.0
205,2111,4.0
205,2259,3.0
205,2282,2.0
205,2321,4.0
205,2346,4.0
205,2406,4.0
205,2407,4.0
205,2423,4.0
205,2455,3.0
205,2469,4.0
205,2571,4.0
205,2616,5.0
205,2716,4.0
205,2791,4.0
205,2901,3.0
205,2916,4.0
205,2926,4.0
205,3388,4.0
205,3527,4.0
205,3704,3.0
206,1,5.0
206,50,4.0
206,551,5.0
206,595,4.0
206,858,5.0
206,1197,4.0
206,1221,5.0
206,1907,5.0
206,2081,4.0
206,3000,5.0
206,3578,4.0
206,4011,5.0
206,4226,4.0
206,4306,4.0
206,4886,5.0
206,4995,4.0
206,5218,5.0
206,5618,5.0
206,5971,5.0
206,6093,4.0
206,6377,5.0
206,6539,4.0
206,7099,4.0
206,8464,5.0
206,8961,5.0
206,26662,4.0
206,27186,2.5
206,27731,5.0
206,31658,5.0
206,33615,5.0
206,33794,5.0
206,34072,4.0
206,37729,5.0
206,39183,4.0
206,44022,5.0
206,45517,5.0
206,45720,5.0
206,46972,3.5
206,48516,5.0
206,49274,4.0
206,50872,5.0
206,56152,4.0
206,57504,4.5
206,58559,5.0
206,59315,5.0
206,59784,5.0
206,60069,5.0
206,63859,5.0
206,63992,0.5
206,65261,5.0
206,66097,4.0
206,66934,5.0
206,68157,4.0
206,68954,5.0
206,69644,4.5
206,71057,5.0
206,71264,4.0
206,72407,0.5
206,72641,5.0
206,76093,4.0
206,76251,5.0
206,77561,5.0
206,78499,4.5
206,79091,5.0
206,81564,5.0
206,81845,5.0
206,81847,5.0
206,83132,4.5
206,86332,5.0
206,88140,5.0
206,88744,4.0
206,89745,5.0
206,91529,5.0
206,92259,5.0
206,93721,5.0
206,94777,5.0
206,95167,3.5
206,97913,5.0
206,101962,3.5
206,102125,4.5
206,103141,5.0
206,103228,5.0
206,103335,4.5
206,105844,3.0
206,106072,5.0
206,106100,5.0
206,106696,5.0
206,106782,5.0
206,106920,3.5
206,107406,4.0
206,109374,5.0
206,109487,5.0
206,110102,5.0
206,112183,3.0
206,112552,3.0
206,112623,3.5
206,112852,5.0
206,115569,3.5
206,115617,5.0
206,116797,5.0
206,117176,3.5
206,117529,5.0
206,119145,4.5
206,122892,5.0
206,122900,5.0
206,122904,5.0
206,122916,5.0
206,122918,5.0
206,122920,5.0
206,122922,4.5
206,122926,5.0
206,128360,3.5
206,134130,4.0
206,134853,5.0
206,135143,5.0
206,140174,3.5
206,142488,5.0
206,143355,5.0
206,146309,5.0
206,148626,5.0
206,152081,5.0
206,157296,5.0
206,158238,5.0
206,160718,5.0
206,161582,5.0
206,162578,5.0
206,163134,5.0
206,163645,4.0
206,164179,3.0
206,166024,3.5
206,166461,5.0
206,168252,4.0
206,168418,3.5
206,168492,4.0
206,171763,5.0
206,174055,5.0
206,174909,5.0
206,175661,4.0
206,176371,5.0
206,177593,5.0
206,177765,5.0
206,179401,3.0
206,180297,2.5
207,260,3.0
207,495,1.0
207,541,4.0
207,858,4.0
207,921,4.0
207,1030,3.0
207,1031,3.0
207,1036,4.0
207,1073,3.0
207,1078,4.0
207,1079,5.0
207,1080,4.0
207,1081,2.0
207,1124,2.0
207,1131,5.0
207,1132,4.0
207,1136,4.0
207,1150,4.0
207,1186,3.0
207,1189,4.0
207,1193,3.0
207,1196,2.0
207,1197,4.0
207,1200,4.0
207,1208,5.0
207,1214,5.0
207,1220,3.0
207,1221,5.0
207,1224,4.0
207,1230,4.0
207,1234,4.0
207,1235,5.0
207,1238,5.0
207,1240,3.0
207,1246,3.0
207,1278,3.0
207,1285,3.0
207,1292,2.0
207,1293,4.0
207,1295,2.0
207,1296,4.0
207,1321,4.0
207,1345,5.0
207,1380,1.0
207,1387,3.0
207,1388,2.0
207,1394,4.0
207,1419,3.0
207,1674,3.0
207,1913,4.0
207,1982,2.0
207,2000,2.0
207,2001,2.0
207,2009,3.0
207,2013,2.0
207,2020,5.0
207,2074,1.0
207,2075,3.0
207,2081,4.0
207,2093,3.0
207,2100,3.0
207,2116,1.0
207,2137,4.0
207,2173,1.0
207,2174,3.0
207,2177,4.0
207,2178,4.0
207,2194,3.0
207,2245,3.0
207,2247,4.0
207,2344,4.0
207,2346,3.0
207,2369,2.0
207,2406,3.0
207,2407,3.0
207,2455,3.0
207,2527,3.0
207,2528,4.0
207,2640,2.0
207,2657,4.0
207,2797,3.0
207,2819,4.0
207,2866,3.0
207,2872,4.0
207,2877,4.0
207,2915,3.0
207,2932,4.0
207,2968,4.0
207,5060,4.0
208,1,3.0
208,11,5.0
208,17,4.0
208,21,4.0
208,28,4.0
208,34,4.0
208,47,1.0
208,50,3.0
208,52,4.0
208,57,4.5
208,58,3.0
208,62,3.0
208,68,4.0
208,72,4.0
208,82,4.0
208,84,4.0
208,85,2.0
208,94,4.0
208,96,5.0
208,101,3.0
208,105,4.0
208,110,1.0
208,111,2.0
208,125,4.0
208,141,4.0
208,144,4.0
208,150,3.0
208,154,1.0
208,162,4.0
208,165,3.0
208,176,3.5
208,180,4.0
208,182,2.0
208,194,4.0
208,195,5.0
208,205,4.0
208,206,4.0
208,207,3.0
208,211,2.0
208,215,4.0
208,222,5.0
208,223,5.0
208,224,3.0
208,235,4.0
208,260,4.0
208,265,4.0
208,272,1.0
208,281,5.0
208,293,4.0
208,296,3.0
208,303,3.0
208,314,5.0
208,318,3.0
208,334,5.0
208,337,3.0
208,339,3.0
208,342,4.0
208,345,3.0
208,348,3.0
208,349,4.0
208,356,3.0
208,357,4.0
208,367,4.0
208,373,3.0
208,377,3.0
208,380,2.0
208,417,4.0
208,440,4.0
208,452,4.0
208,457,3.0
208,461,3.0
208,472,4.0
208,480,2.0
208,492,2.0
208,497,4.0
208,500,3.0
208,509,4.0
208,515,4.0
208,523,5.0
208,529,4.0
208,531,3.0
208,537,5.0
208,539,3.0
208,541,4.0
208,551,4.0
208,553,4.0
208,560,3.0
208,576,4.0
208,588,3.0
208,589,4.0
208,596,3.0
208,597,3.0
208,599,1.0
208,608,4.0
208,613,4.0
208,647,3.0
208,648,3.0
208,705,4.0
208,708,4.0
208,714,3.0
208,728,4.5
208,745,4.0
208,750,3.0
208,778,1.0
208,780,2.0
208,800,4.0
208,803,4.0
208,838,4.0
208,848,3.0
208,852,2.0
208,861,2.0
208,898,5.0
208,899,4.0
208,902,4.0
208,904,3.0
208,905,4.0
208,909,5.0
208,910,3.5
208,911,4.0
208,912,4.0
208,913,3.0
208,914,3.0
208,916,4.0
208,919,2.0
208,920,3.0
208,921,4.0
208,923,2.0
208,924,4.0
208,945,3.0
208,947,4.5
208,950,4.0
208,951,4.0
208,952,3.0
208,953,5.0
208,954,3.0
208,955,4.0
208,969,3.0
208,994,3.0
208,1002,4.0
208,1028,3.0
208,1029,4.0
208,1035,3.0
208,1036,3.5
208,1041,5.0
208,1050,2.0
208,1057,2.0
208,1059,3.0
208,1060,4.0
208,1073,2.5
208,1077,4.0
208,1078,4.0
208,1079,4.5
208,1081,4.0
208,1082,4.0
208,1083,3.0
208,1084,2.0
208,1094,2.0
208,1096,3.0
208,1097,3.0
208,1103,4.0
208,1131,2.0
208,1132,3.0
208,1136,2.5
208,1148,4.0
208,1150,4.0
208,1162,4.0
208,1172,5.0
208,1175,2.0
208,1177,5.0
208,1180,3.0
208,1183,3.0
208,1186,4.0
208,1187,5.0
208,1188,4.0
208,1196,4.0
208,1197,4.0
208,1198,4.0
208,1199,2.0
208,1204,3.0
208,1206,2.0
208,1208,3.0
208,1210,4.0
208,1211,3.0
208,1217,3.0
208,1219,2.0
208,1220,3.0
208,1224,4.0
208,1225,3.0
208,1230,5.0
208,1231,2.0
208,1233,4.0
208,1234,3.0
208,1235,4.0
208,1237,4.0
208,1238,4.0
208,1240,3.5
208,1243,4.0
208,1244,5.0
208,1246,2.0
208,1247,4.0
208,1249,4.0
208,1250,2.0
208,1253,3.0
208,1256,4.0
208,1258,3.0
208,1259,4.0
208,1262,3.0
208,1264,4.0
208,1265,5.0
208,1266,3.0
208,1269,3.0
208,1270,4.0
208,1271,4.0
208,1273,3.0
208,1276,2.0
208,1277,4.0
208,1278,3.0
208,1282,3.0
208,1285,3.0
208,1288,3.0
208,1291,4.0
208,1292,4.0
208,1293,4.0
208,1295,4.0
208,1296,5.0
208,1300,5.0
208,1302,3.0
208,1303,3.0
208,1305,4.0
208,1307,5.0
208,1333,2.0
208,1345,2.0
208,1353,3.0
208,1358,3.0
208,1365,3.0
208,1371,2.0
208,1374,2.0
208,1376,4.0
208,1385,1.0
208,1387,3.5
208,1391,3.5
208,1392,2.0
208,1393,5.0
208,1394,4.0
208,1411,3.0
208,1414,3.0
208,1441,3.0
208,1446,4.0
208,1449,4.0
208,1474,3.0
208,1484,4.0
208,1500,4.0
208,1511,3.0
208,1527,4.0
208,1537,4.0
208,1542,3.0
208,1545,4.0
208,1571,4.0
208,1580,4.0
208,1584,4.0
208,1593,3.0
208,1610,2.0
208,1612,4.0
208,1614,4.0
208,1617,4.0
208,1633,2.0
208,1635,4.0
208,1639,3.0
208,1641,3.0
208,1704,3.0
208,1713,2.0
208,1722,3.5
208,1729,4.0
208,1747,3.0
208,1784,5.0
208,1810,4.0
208,1845,4.0
208,1875,2.5
208,1883,5.0
208,1921,3.0
208,1923,1.0
208,1947,4.0
208,1955,3.0
208,1956,4.0
208,1957,5.0
208,1958,4.0
208,1966,4.0
208,1968,4.0
208,2019,4.0
208,2022,4.0
208,2068,4.0
208,2088,2.5
208,2108,5.0
208,2109,4.0
208,2112,3.5
208,2115,2.0
208,2118,5.0
208,2150,3.0
208,2161,2.0
208,2171,4.0
208,2174,4.0
208,2193,3.0
208,2243,4.0
208,2245,3.5
208,2268,4.0
208,2273,4.0
208,2282,4.0
208,2289,4.0
208,2291,3.0
208,2295,4.0
208,2302,4.0
208,2312,3.0
208,2352,4.0
208,2359,5.0
208,2395,4.5
208,2396,5.0
208,2398,4.0
208,2405,3.5
208,2423,4.5
208,2431,3.0
208,2443,4.0
208,2463,4.0
208,2470,4.0
208,2478,4.0
208,2496,4.0
208,2528,3.0
208,2567,4.0
208,2571,4.0
208,2598,3.0
208,2618,3.5
208,2628,2.0
208,2681,4.0
208,2690,3.5
208,2692,4.0
208,2700,4.0
208,2712,3.0
208,2716,3.0
208,2759,3.0
208,2762,4.0
208,2767,4.0
208,2779,5.0
208,2797,4.0
208,2804,4.0
208,2819,4.0
208,2836,4.0
208,2860,4.0
208,2883,4.0
208,2917,1.5
208,2918,4.0
208,2951,3.0
208,2962,2.0
208,2970,4.0
208,2997,3.0
208,3039,4.0
208,3052,5.0
208,3060,5.0
208,3067,4.0
208,3072,5.0
208,3082,3.0
208,3083,4.0
208,3087,5.0
208,3088,4.0
208,3093,3.5
208,3097,4.0
208,3104,4.0
208,3129,4.0
208,3175,5.0
208,3204,2.0
208,3264,2.5
208,3317,5.0
208,3328,4.0
208,3358,4.0
208,3361,5.0
208,3363,4.0
208,3418,4.0
208,3421,4.0
208,3471,4.0
208,3481,4.0
208,3508,4.0
208,3526,4.5
208,3549,3.0
208,3598,4.0
208,3623,3.0
208,3624,5.0
208,3668,3.0
208,3671,4.0
208,3681,2.5
208,3700,4.0
208,3851,4.0
208,3897,3.0
208,3911,5.0
208,3925,5.0
208,3967,4.0
208,3983,3.0
208,4014,4.0
208,4019,3.0
208,4027,5.0
208,4029,4.5
208,4039,3.5
208,4062,5.0
208,4098,5.0
208,4184,5.0
208,4197,2.0
208,4226,2.5
208,4246,4.0
208,4306,4.0
208,4308,3.0
208,4361,4.0
208,4366,2.0
208,4644,4.0
208,4646,4.0
208,4664,5.0
208,4705,2.0
208,4734,4.0
208,4738,4.0
208,4774,4.5
208,4844,5.0
208,4878,3.0
208,4880,4.0
208,4896,3.0
208,4956,3.0
208,4963,3.5
208,4973,5.0
208,4979,4.5
208,4991,4.0
208,4993,4.0
208,5013,3.0
208,5016,4.0
208,5034,5.0
208,5060,3.0
208,5139,3.5
208,5171,2.0
208,5225,2.5
208,5231,2.0
208,5264,2.5
208,5267,4.0
208,5299,4.0
208,5349,3.5
208,5350,3.0
208,5377,4.0
208,5385,4.5
208,5404,2.5
208,5418,4.5
208,5447,4.0
208,5477,3.0
208,5525,4.0
208,5574,3.0
208,5610,4.0
208,5620,4.0
208,5621,3.5
208,5752,3.0
208,5772,4.0
208,5816,3.0
208,5820,3.0
208,5872,3.0
208,5878,3.0
208,5900,3.5
208,5952,4.0
208,5957,3.5
208,5991,3.5
208,6139,4.0
208,6212,3.5
208,6218,4.0
208,6331,4.0
208,6378,3.0
208,6385,4.0
208,6539,3.5
208,6561,3.0
208,6565,4.0
208,6598,2.0
208,6624,2.5
208,6711,4.0
208,6765,4.5
208,6773,3.0
208,6791,2.5
208,6871,2.0
208,6874,3.0
208,6881,3.5
208,6942,3.5
208,6974,4.0
208,7041,4.5
208,7147,4.0
208,7149,4.5
208,7153,4.0
208,7379,2.5
208,7438,3.0
208,7834,3.5
208,8039,2.0
208,8121,4.0
208,8361,3.0
208,8368,3.0
208,8492,5.0
208,8528,3.0
208,8712,3.5
208,8784,4.0
208,8796,4.0
208,8807,2.5
208,8918,4.5
208,25850,4.0
208,26133,5.0
208,27790,3.0
208,27812,3.0
208,27899,2.5
208,30810,4.0
208,30825,3.5
208,31685,3.5
208,31698,2.5
208,31867,3.0
208,33639,3.5
208,33669,4.0
208,33679,4.0
208,33794,4.0
208,34336,3.5
208,34405,4.5
208,42015,4.0
208,43836,3.5
208,44195,4.0
208,44555,4.0
208,45186,4.0
208,45722,3.5
208,46578,5.0
208,46976,4.5
208,47148,3.0
208,47644,2.5
208,47976,3.0
208,49272,3.5
208,49278,4.0
208,50872,2.0
208,51084,3.0
208,53123,3.0
208,53125,3.5
208,53318,4.5
208,54286,4.0
208,55269,3.0
208,55955,3.5
208,56563,5.0
208,59369,4.0
208,60514,2.0
208,61071,4.0
208,109374,4.5
209,16,4.5
209,47,5.0
209,50,4.0
209,111,5.0
209,260,4.0
209,318,4.0
209,527,4.0
209,541,5.0
209,593,5.0
209,608,4.5
209,750,5.0
209,858,5.0
209,903,4.0
209,904,5.0
209,912,4.5
209,923,4.5
209,1193,4.5
209,1206,4.5
209,1207,4.5
209,1210,4.0
209,1219,5.0
209,1221,5.0
209,1252,4.5
209,1258,5.0
209,1333,4.5
209,1732,4.5
209,2028,5.0
209,2329,5.0
209,2571,5.0
209,2762,4.0
209,2959,5.0
209,2997,4.5
209,3006,4.5
209,3176,4.0
209,3386,4.5
209,3906,5.0
209,3949,5.0
209,3996,4.0
209,4034,5.0
209,4226,5.0
209,4239,4.0
209,4262,4.5
209,4878,4.0
209,5010,4.0
209,5388,5.0
209,5418,4.0
209,5989,4.5
209,6016,4.5
209,6552,4.0
209,6787,4.5
209,6870,5.0
209,7361,4.5
209,8665,4.0
209,8798,4.5
209,30812,4.5
209,32587,3.0
209,33166,4.0
209,36517,4.5
209,37733,3.5
209,39292,4.0
209,40583,5.0
209,41285,5.0
209,41997,5.0
209,48516,5.0
209,48774,5.0
209,49272,5.0
209,49530,4.5
209,51080,4.0
209,51255,4.0
209,51540,4.0
209,54286,4.0
209,54736,3.5
209,55276,5.0
209,55290,5.0
209,55820,4.5
209,58559,4.5
209,61352,4.0
209,62374,4.0
209,64614,4.0
209,68159,4.0
209,68237,4.0
209,69481,4.5
209,74458,4.5
209,74795,4.0
209,79132,4.5
209,80463,4.0
209,80489,4.5
209,84392,4.0
209,98961,4.0
209,104879,4.5
209,105504,4.0
209,106100,5.0
209,106782,5.0
209,109374,4.0
209,109487,4.5
209,114662,4.0
209,115569,4.0
209,122886,4.0
209,130576,4.0
209,134130,4.0
209,136020,3.5
209,138210,4.0
209,139385,5.0
209,139644,4.0
209,142488,4.5
209,143385,4.0
209,155288,4.0
210,356,1.5
210,1089,0.5
210,1213,0.5
210,1221,0.5
210,1265,0.5
210,3949,2.5
210,4306,3.5
210,4308,3.0
210,4886,3.5
210,4896,4.0
210,4993,5.0
210,5952,5.0
210,6539,3.5
210,6874,2.5
210,6942,2.5
210,7153,5.0
210,7361,3.5
210,8961,3.5
210,30749,4.0
210,33794,4.0
210,37729,4.0
210,40629,4.0
210,41566,3.0
210,44191,4.0
210,48394,4.5
210,54001,4.0
210,54259,4.0
210,54503,0.5
210,56367,3.0
210,59315,3.0
210,60069,4.0
210,60397,4.5
210,66097,4.5
210,68954,4.0
210,69844,4.0
210,71535,3.0
210,72998,2.5
210,76093,4.5
210,81834,4.0
210,88125,4.0
210,89745,2.5
210,91500,3.5
210,97921,2.5
210,106487,4.0
210,112556,5.0
210,112852,3.5
210,122882,3.0
210,122904,4.0
210,122912,3.0
210,122914,2.5
210,122916,4.0
210,148626,2.5
210,168250,4.5
210,168326,4.0
210,175669,4.5
210,180031,3.5
210,183869,3.5
210,188751,2.5
210,192283,3.5
210,193779,3.5
210,195159,5.0
210,197711,4.0
210,197875,3.0
210,201646,4.5
210,202393,2.5
210,202439,5.0
210,202749,4.0
210,204318,4.0
210,207313,4.0
210,208531,3.5
210,210569,5.0
210,210851,4.5
210,212088,2.5
210,217465,3.0
210,218537,3.0
211,2,4.0
211,5,4.0
211,10,5.0
211,12,3.0
211,17,5.0
211,21,4.0
211,25,5.0
211,31,5.0
211,36,5.0
211,39,4.0
211,47,5.0
211,50,4.0
211,100,4.0
211,110,4.0
211,141,3.0
211,150,4.0
211,153,3.0
211,160,3.0
211,161,4.0
211,193,5.0
211,196,4.0
211,208,3.0
211,224,5.0
211,225,5.0
211,230,4.0
211,231,1.0
211,234,4.0
211,236,4.0
211,237,4.0
211,252,4.0
211,260,3.0
211,265,3.0
211,266,4.0
211,272,5.0
211,273,5.0
211,276,5.0
211,282,2.0
211,288,1.0
211,292,5.0
211,296,1.0
211,300,4.0
211,305,3.0
211,318,5.0
211,329,3.0
211,337,3.0
211,339,5.0
211,349,5.0
211,350,5.0
211,355,5.0
211,356,5.0
211,357,4.0
211,364,3.0
211,370,4.0
211,372,3.0
211,373,4.0
211,376,3.0
211,377,5.0
211,380,5.0
211,382,4.0
211,410,2.0
211,434,3.0
211,435,3.0
211,440,3.0
211,448,3.0
211,454,5.0
211,457,5.0
211,474,5.0
211,480,5.0
211,485,5.0
211,497,2.0
211,500,4.0
211,508,5.0
211,509,3.0
211,515,4.0
211,527,4.0
211,534,4.0
211,539,5.0
211,540,3.0
211,553,3.0
211,566,3.0
211,585,5.0
211,586,2.0
211,587,3.0
211,588,3.0
211,589,5.0
211,590,4.0
211,592,3.0
211,593,4.0
211,595,3.0
211,597,3.0
211,647,5.0
211,648,4.0
211,733,5.0
211,736,4.0
211,743,4.0
211,780,5.0
211,848,4.0
212,2,4.0
212,39,3.0
212,260,4.5
212,314,4.5
212,318,4.5
212,337,3.0
212,356,4.5
212,364,4.0
212,480,4.0
212,500,3.0
212,586,3.5
212,588,3.5
212,780,4.0
212,986,4.5
212,1013,3.0
212,1015,3.5
212,1035,4.5
212,1097,4.0
212,1196,4.0
212,1197,5.0
212,1198,4.0
212,1210,4.0
212,1220,4.0
212,1259,4.0
212,1265,3.5
212,1270,4.0
212,1291,3.5
212,1485,3.5
212,1544,4.0
212,1580,4.0
212,1682,3.5
212,1704,4.5
212,1721,3.5
212,1961,3.0
212,1968,4.0
212,2005,4.0
212,2011,4.0
212,2012,4.0
212,2059,3.5
212,2078,3.5
212,2115,3.5
212,2134,3.0
212,2144,3.5
212,2571,4.5
212,2572,4.0
212,2617,3.5
212,2762,3.5
212,2858,3.5
212,2918,4.5
212,2953,3.5
212,2959,4.0
212,3409,0.5
212,4022,3.5
212,4487,3.5
212,4621,3.5
212,4638,3.0
212,4700,4.0
212,4878,4.5
212,4896,3.0
212,4963,4.0
212,4993,5.0
212,5459,4.0
212,5679,2.5
212,5816,3.0
212,5952,4.5
212,5970,4.0
212,5989,4.5
212,6377,3.5
212,6539,3.5
212,6793,4.0
212,6794,3.5
212,6863,4.0
212,6936,3.0
212,7153,4.5
212,7254,3.5
212,7293,3.5
212,7361,3.5
212,7444,3.0
212,7451,2.5
212,7701,3.5
212,8361,4.0
212,8368,4.0
212,8533,3.0
212,8643,3.0
212,8808,3.5
212,8911,2.5
212,8970,3.0
212,27706,3.5
212,30793,3.5
212,33794,4.0
212,34048,3.5
212,34405,4.0
212,36401,3.5
212,40815,4.0
212,41566,4.0
212,43560,4.0
212,44193,3.0
212,45722,3.5
212,46578,3.5
212,46972,3.0
212,47382,4.0
212,53125,3.5
212,54001,4.5
212,54259,3.5
212,55247,4.5
212,56367,3.0
212,58025,3.0
212,58107,3.5
212,59501,4.0
212,59615,3.0
212,60397,3.0
212,62155,0.5
212,63082,4.0
212,63992,3.0
212,64034,4.0
212,68157,3.5
212,68954,3.0
212,69757,4.0
212,69844,4.5
212,71535,4.0
212,74530,3.5
212,74789,4.0
212,78105,3.0
212,79132,4.0
212,79588,4.0
212,80222,3.0
212,80463,4.5
212,81562,3.5
212,81834,4.5
212,82169,3.5
212,85056,3.5
212,86880,3.5
212,88125,4.0
212,88744,0.5
212,89745,2.5
212,90866,3.5
212,91500,4.0
212,92420,3.0
212,93840,0.5
212,94015,3.0
212,94777,3.5
212,94780,3.0
212,95510,3.0
212,96079,2.5
212,96821,4.0
212,98203,3.0
212,98373,2.0
212,98809,2.5
212,99007,3.0
212,100302,3.5
212,101112,3.5
212,101142,3.0
212,101577,3.5
212,102903,2.5
212,103249,1.5
212,104074,2.5
212,104312,3.0
212,106002,3.0
212,106487,3.5
212,106489,2.5
212,106696,2.5
212,106920,3.5
212,108190,3.5
212,109487,4.5
212,111659,3.0
212,111921,2.0
212,112552,5.0
212,112852,3.5
212,113103,2.0
212,114180,4.5
212,115713,2.0
212,116823,3.5
212,117529,2.0
212,117895,3.5
212,118696,2.5
212,119145,3.5
212,122896,3.5
212,122918,3.5
212,122922,3.0
212,127096,4.0
212,130073,3.5
212,130450,4.0
212,130490,4.0
212,132046,3.5
212,135133,3.5
212,135141,4.0
212,135143,3.5
212,137857,3.5
212,140110,3.5
212,141544,3.0
212,144620,2.5
212,148172,2.5
212,158813,3.5
212,159093,2.5
212,162600,2.5
212,164179,3.5
212,164909,4.0
212,166528,3.5
212,168366,2.0
212,171763,4.5
212,179819,2.5
212,187031,1.0
212,190183,3.5
213,97,4.0
213,111,4.5
213,123,4.0
213,169,0.5
213,718,1.5
213,720,3.5
213,741,4.0
213,750,4.5
213,912,4.5
213,924,4.5
213,1199,4.5
213,1206,4.0
213,1211,4.0
213,1222,4.5
213,1232,4.5
213,1256,4.0
213,1273,4.5
213,1279,4.5
213,1304,4.5
213,1305,4.5
213,1464,4.0
213,1571,4.0
213,1627,2.5
213,1809,4.5
213,2131,4.5
213,2313,4.5
213,2318,3.0
213,2360,4.5
213,2404,1.0
213,2557,4.0
213,2731,4.5
213,2788,4.5
213,2959,2.0
213,2966,4.5
213,2990,0.5
213,2997,4.5
213,3000,3.5
213,3168,4.0
213,3266,4.0
213,3328,3.5
213,3418,4.0
213,3503,4.0
213,3676,4.0
213,3739,4.5
213,3949,2.5
213,4077,4.0
213,4144,4.5
213,4237,4.5
213,4334,3.5
213,4641,4.0
213,4720,3.5
213,4848,3.5
213,4878,3.5
213,4973,4.0
213,5040,0.5
213,5068,4.5
213,5147,4.0
213,5272,4.5
213,5298,3.0
213,5477,4.0
213,5617,4.5
213,5618,4.0
213,5669,4.5
213,5673,4.0
213,5690,4.5
213,5902,4.0
213,5945,4.5
213,5971,4.5
213,6286,4.5
213,6350,3.5
213,6538,4.0
213,6644,4.5
213,6645,4.0
213,6650,4.5
213,6671,4.5
213,6711,4.5
213,6773,3.0
213,6890,4.5
213,6935,4.5
213,6975,4.5
213,7022,3.0
213,7071,4.5
213,7136,4.0
213,7206,4.5
213,7361,3.5
213,7371,4.0
213,7419,4.5
213,7748,4.0
213,8012,4.0
213,8154,3.5
213,8189,4.5
213,8254,4.5
213,8327,4.5
213,8464,4.5
213,8477,4.0
213,8582,4.5
213,8607,4.5
213,8622,4.5
213,25750,4.5
213,26003,4.0
213,26171,4.5
213,26228,4.0
213,26294,4.5
213,26520,4.0
213,26776,3.0
213,26840,4.5
213,26850,4.5
213,27266,4.5
213,27537,2.5
213,27773,4.0
213,27788,4.0
213,27850,4.5
213,30803,4.0
213,31437,4.5
213,32452,4.0
213,33270,4.5
213,33709,4.5
213,33880,4.5
213,34437,4.0
213,39444,3.5
213,41285,2.5
213,42094,4.5
213,44124,3.0
213,47997,4.0
213,48082,3.0
213,48744,4.5
213,50259,3.5
213,50872,2.5
213,51709,4.5
213,52885,3.0
213,53447,3.5
213,53894,4.5
213,54185,5.0
213,54272,4.5
213,55167,4.5
213,55247,3.5
213,55253,4.5
213,55369,4.5
213,55442,4.0
213,55820,4.0
213,55901,4.5
213,58709,2.5
213,59018,4.5
213,61236,3.5
213,61323,3.0
213,63808,3.5
213,65261,4.5
213,65418,4.5
213,66371,4.5
213,68874,4.5
213,69604,3.5
213,71438,4.5
213,71450,4.5
213,71745,4.5
213,72720,4.0
213,74275,4.5
213,74545,3.5
213,76158,4.5
213,77240,4.0
213,79357,3.0
213,79987,2.0
213,80463,3.0
213,85790,4.0
213,88125,0.5
213,88129,4.0
213,89535,4.5
213,90947,4.5
213,94959,4.5
213,96606,4.5
213,97938,3.0
213,99114,4.0
213,100843,3.5
213,103137,4.0
213,106163,4.0
213,109487,4.0
213,109848,3.5
213,111387,4.0
213,113240,4.0
213,113263,4.0
213,118900,3.5
213,124631,4.5
213,133645,4.0
213,134821,4.0
213,140279,4.0
213,153448,4.0
213,156605,4.5
213,158966,3.5
213,162414,4.5
213,162738,4.5
213,163508,4.0
213,168636,4.0
213,177651,4.5
213,184169,4.5
213,187815,4.0
213,190089,4.5
213,193960,4.0
213,200652,4.0
213,202449,4.0
213,202749,4.5
213,205156,4.0
213,208040,4.5
213,208108,4.0
213,211524,4.5
213,213565,4.5
213,213842,4.0
213,213898,4.0
213,215353,2.5
213,221244,4.0
213,221886,4.0
213,224052,4.0
213,225145,4.5
213,260825,4.5
214,16,1.0
214,36,4.5
214,50,4.5
214,104,2.5
214,110,3.5
214,173,1.5
214,223,5.0
214,235,4.0
214,288,4.0
214,292,1.5
214,293,4.5
214,296,4.5
214,353,4.0
214,377,1.0
214,420,2.5
214,527,3.5
214,551,5.0
214,590,2.5
214,653,3.0
214,736,1.5
214,786,2.5
214,923,5.0
214,1080,4.5
214,1127,2.0
214,1136,4.5
214,1214,4.0
214,1246,3.5
214,1249,4.5
214,1259,3.5
214,1287,4.0
214,1291,4.0
214,1339,3.0
214,1374,2.5
214,1405,2.5
214,1584,1.0
214,1653,4.0
214,1704,2.5
214,1732,4.0
214,1954,3.0
214,2000,2.5
214,2001,2.5
214,2012,2.5
214,2054,1.5
214,2174,3.5
214,2193,2.5
214,2278,2.0
214,2321,3.0
214,2539,2.5
214,2657,4.5
214,2710,1.0
214,2858,3.5
214,3006,3.0
214,3052,4.0
214,3168,4.0
214,3176,3.5
214,3253,4.0
214,3300,2.5
214,3448,4.0
214,3635,4.0
214,3638,3.5
214,3868,2.5
214,4148,1.5
214,4239,3.5
214,4369,2.5
214,4776,4.0
214,4886,3.5
214,4979,3.0
214,4993,3.0
214,5266,2.5
214,5445,3.0
214,5945,3.0
214,5952,3.0
214,6016,5.0
214,6378,3.0
214,6539,2.5
214,6807,4.5
214,6874,4.5
214,7153,4.0
214,7438,4.0
214,8464,4.0
214,8622,3.5
215,1,3.0
215,2,2.5
215,10,3.5
215,19,4.0
215,48,2.5
215,110,4.0
215,153,3.0
215,165,3.0
215,208,2.0
215,231,3.5
215,260,3.5
215,293,4.5
215,296,4.5
215,303,4.0
215,316,3.5
215,318,4.5
215,344,4.0
215,356,4.0
215,364,3.0
215,367,3.0
215,374,2.0
215,377,4.0
215,480,2.0
215,519,2.5
215,527,4.0
215,586,2.0
215,588,2.5
215,589,3.0
215,590,4.0
215,592,3.0
215,595,3.0
215,597,2.5
215,648,3.0
215,653,4.0
215,733,3.5
215,780,3.5
215,1032,3.5
215,1036,3.5
215,1080,3.5
215,1097,3.0
215,1101,4.0
215,1136,4.0
215,1196,4.0
215,1200,3.5
215,1210,4.0
215,1214,3.5
215,1240,3.0
215,1265,3.5
215,1270,2.5
215,1275,4.0
215,1321,3.5
215,1367,3.0
215,1370,3.5
215,1381,2.0
215,1391,1.5
215,1407,2.5
215,1485,4.0
215,1527,4.0
215,1580,3.5
215,1586,4.5
215,1625,4.5
215,1676,3.0
215,1704,4.0
215,1721,3.0
215,1722,3.5
215,1907,3.0
215,1909,4.0
215,1911,3.0
215,1917,3.5
215,1954,3.0
215,1961,3.5
215,2000,3.0
215,2011,3.0
215,2012,2.5
215,2028,3.5
215,2124,3.0
215,2167,3.5
215,2231,4.5
215,2268,4.0
215,2291,3.5
215,2329,4.5
215,2353,4.0
215,2384,0.5
215,2402,3.5
215,2421,3.0
215,2424,3.0
215,2571,5.0
215,2572,4.0
215,2617,3.0
215,2628,4.5
215,2683,3.0
215,2700,4.5
215,2701,3.0
215,2706,3.5
215,2710,1.5
215,2716,1.5
215,2722,3.0
215,2762,4.0
215,2826,3.0
215,2840,3.5
215,2872,3.5
215,2890,4.0
215,2985,2.5
215,2997,4.0
215,3114,3.5
215,3147,4.0
215,3275,5.0
215,3354,4.0
215,3578,5.0
215,3623,3.0
215,3717,4.5
215,3755,3.0
215,3785,4.0
215,3793,3.0
215,3948,3.5
215,3949,4.0
215,3977,2.5
215,3996,4.0
215,4011,3.5
215,4018,3.0
215,4022,3.0
215,4226,4.5
215,4246,3.0
215,4306,4.0
215,4310,3.5
215,4370,3.5
215,4878,4.0
215,4886,3.0
215,4896,2.0
215,4963,4.0
215,4993,5.0
215,4995,3.5
215,5010,4.0
215,5349,3.0
215,5378,4.0
215,5418,5.0
215,5445,3.5
215,5459,3.5
215,5481,2.5
215,5502,2.5
215,5669,3.0
215,5679,1.5
215,5810,4.0
215,5816,2.0
215,5903,4.5
215,5952,4.5
215,5989,4.0
215,5995,3.5
215,6333,3.0
215,6365,4.5
215,6373,4.5
215,6377,3.5
215,6383,4.0
215,6539,4.5
215,6711,3.5
215,6807,4.0
215,6874,3.5
215,6934,4.5
215,7143,4.0
215,7153,5.0
215,7254,4.5
215,7361,4.0
215,7438,3.5
215,7445,4.5
215,8360,4.0
215,8368,3.0
215,8622,3.0
215,8636,3.0
215,8644,4.0
215,8665,4.5
215,8961,3.5
215,30707,4.0
215,31410,3.5
215,32587,3.5
215,33493,4.5
215,33794,4.0
215,36529,4.5
215,40815,3.0
215,41569,3.5
215,44191,5.0
215,45499,3.0
215,45722,3.5
215,48516,5.0
215,48780,4.0
215,49272,3.5
215,49278,4.5
215,49530,3.5
215,51662,3.5
215,53000,4.0
215,53996,4.0
215,54286,4.5
215,54503,4.5
215,55765,4.0
215,55820,3.5
215,56174,4.0
215,56367,3.5
215,58559,4.5
215,59315,4.0
215,59369,4.5
215,60069,4.0
215,60684,4.0
215,62081,4.5
215,63082,4.0
215,64614,4.0
215,67255,4.0
215,68157,3.5
215,68358,3.5
215,69945,3.5
215,71252,2.5
215,72998,4.5
215,73017,3.5
215,74789,4.0
215,76093,3.5
215,77561,4.0
215,78499,3.5
215,79132,5.0
215,79702,4.0
215,80350,0.5
215,80463,4.5
215,81834,4.0
215,82854,4.0
215,84312,1.5
216,260,5.0
216,296,5.0
216,318,5.0
216,527,5.0
216,780,5.0
216,924,5.0
216,1136,4.5
216,1196,5.0
216,1200,5.0
216,1214,5.0
216,1320,5.0
216,1527,5.0
216,1584,5.0
216,1690,5.0
216,2542,5.0
216,2571,5.0
216,2959,5.0
216,3275,5.0
216,3527,5.0
216,3697,4.0
216,4011,5.0
216,4963,5.0
216,4993,5.0
216,5574,4.0
216,5944,5.0
216,5952,5.0
216,6874,4.0
216,7153,5.0
216,7438,4.0
216,8810,5.0
216,32587,4.0
216,36519,4.0
216,47200,4.0
216,48385,4.0
216,51255,4.0
216,58295,5.0
216,59315,3.5
216,62849,5.0
216,64030,4.0
216,68157,5.0
216,68205,4.0
216,73017,5.0
216,79132,5.0
216,79695,3.0
216,86332,3.5
216,88140,3.0
216,89745,3.0
216,90600,5.0
216,91542,4.0
216,94405,3.0
216,94864,5.0
216,96610,5.0
216,99114,5.0
216,104243,4.0
216,104841,3.5
216,109487,5.0
216,110102,3.0
216,112897,3.0
216,116797,5.0
216,128360,5.0
216,134130,5.0
216,135569,5.0
216,138036,5.0
216,164179,5.0
216,169984,5.0
216,194192,5.0
216,223922,3.5
217,44,4.0
217,170,3.5
217,193,5.0
217,277,0.5
217,355,0.5
217,441,5.0
217,531,5.0
217,585,2.5
217,724,4.0
217,778,5.0
217,968,3.5
217,1287,5.0
217,2427,4.5
217,2541,4.5
217,2605,4.0
217,2804,5.0
217,2915,4.0
217,3421,5.0
217,3949,5.0
217,35836,4.5
217,56805,1.5
217,68324,0.5
218,6,5.0
218,10,4.0
218,16,4.5
218,22,3.0
218,32,3.5
218,95,5.0
218,111,5.0
218,165,3.5
218,172,3.5
218,185,4.0
218,208,4.0
218,231,1.0
218,292,3.5
218,293,5.0
218,296,4.5
218,315,3.0
218,316,4.0
218,342,2.5
218,349,4.5
218,350,3.0
218,364,3.0
218,367,4.0
218,377,3.5
218,380,4.0
218,442,2.0
218,454,3.5
218,485,4.5
218,527,4.0
218,589,4.5
218,648,4.0
218,733,4.0
218,780,4.0
218,786,4.0
218,805,2.5
218,832,4.0
218,858,4.5
218,1036,4.5
218,1079,4.0
218,1089,4.5
218,1097,3.0
218,1193,4.0
218,1198,4.0
218,1200,4.0
218,1213,4.5
218,1218,4.5
218,1221,4.5
218,1225,4.5
218,1234,3.5
218,1240,4.0
218,1250,3.0
218,1259,3.5
218,1266,4.5
218,1291,4.5
218,1307,4.0
218,1370,1.0
218,1396,3.5
218,1466,4.0
218,1556,2.0
218,1573,4.5
218,1580,3.0
218,1608,4.0
218,1653,4.5
218,1676,2.0
218,1680,3.0
218,1682,3.0
218,1721,3.0
218,1917,2.0
218,1953,4.5
218,2000,4.5
218,2011,4.0
218,2012,4.0
218,2028,4.5
218,2115,2.5
218,2174,4.0
218,2232,3.5
218,2278,4.5
218,2288,4.5
218,2353,4.5
218,2542,5.0
218,2571,4.5
218,2599,4.0
218,2617,4.0
218,2640,1.5
218,2688,2.5
218,2692,4.5
218,2807,2.5
218,2808,2.5
218,2819,3.5
218,2858,5.0
218,2890,2.0
218,2947,4.0
218,2948,4.0
218,2949,3.5
218,2959,5.0
218,2993,3.5
218,3006,3.5
218,3081,4.0
218,3252,4.5
218,3267,3.5
218,3328,4.0
218,3386,5.0
218,3556,3.5
218,3578,4.0
218,3793,4.0
218,3949,2.5
218,3994,3.0
218,4011,5.0
218,4022,3.0
218,4223,4.0
218,4226,5.0
218,4262,4.0
218,4306,3.0
218,4367,3.0
218,4896,4.0
218,5445,4.5
218,5618,4.0
218,5816,4.0
218,5903,4.5
218,6281,4.5
218,6333,4.5
218,6365,4.0
218,6537,4.0
218,6711,5.0
218,6787,4.5
218,6874,5.0
218,6934,0.5
218,7090,4.5
218,7254,4.5
218,7438,5.0
218,7842,4.5
218,8368,4.5
218,8581,4.5
219,1,5.0
219,2,2.0
219,39,4.5
219,48,3.0
219,158,2.0
219,260,5.0
219,339,3.5
219,344,2.0
219,364,4.0
219,480,5.0
219,500,4.0
219,586,2.5
219,588,4.0
219,595,4.0
219,596,3.0
219,661,3.0
219,673,2.0
219,708,3.0
219,736,3.5
219,780,4.0
219,986,4.0
219,1073,3.0
219,1080,4.0
219,1136,4.0
219,1148,4.0
219,1193,4.0
219,1196,5.0
219,1197,5.0
219,1207,3.5
219,1210,5.0
219,1215,2.0
219,1226,4.0
219,1285,4.0
219,1307,2.0
219,1367,3.5
219,1580,4.0
219,1909,4.0
219,1917,3.5
219,1968,4.5
219,2080,3.5
219,2081,3.0
219,2144,3.5
219,2321,3.5
219,2324,5.0
219,2395,4.0
219,2501,4.5
219,2502,4.5
219,2572,4.0
219,2628,2.0
219,2699,1.0
219,2706,2.0
219,2723,3.0
219,2840,3.5
219,2858,3.0
219,2918,5.0
219,2959,5.0
219,3052,3.5
219,3071,5.0
219,3114,4.0
219,3186,3.5
219,3255,4.0
219,3751,3.0
219,4034,4.0
219,4299,4.0
219,4878,5.0
219,4979,5.0
219,4993,4.0
219,5952,4.0
219,5991,5.0
219,6218,4.5
219,6874,3.5
219,7161,4.0
219,7285,4.0
219,8636,4.0
219,30810,4.5
219,34162,4.0
219,39292,4.0
219,40581,3.0
219,44225,3.5
219,45726,4.0
219,46976,4.5
219,48394,4.5
220,1,4.5
220,6,4.5
220,32,4.0
220,47,4.5
220,50,4.5
220,111,5.0
220,293,4.0
220,296,5.0
220,318,5.0
220,356,4.0
220,457,4.0
220,480,4.0
220,541,4.5
220,593,5.0
220,608,4.5
220,750,4.5
220,778,4.5
220,903,5.0
220,904,4.5
220,908,5.0
220,924,5.0
220,1080,4.0
220,1089,4.5
220,1136,4.5
220,1193,4.5
220,1198,4.5
220,1199,4.5
220,1206,5.0
220,1208,5.0
220,1213,5.0
220,1219,4.5
220,1222,5.0
220,1252,4.5
220,1258,5.0
220,1270,4.0
220,1333,4.5
220,1464,4.5
220,1617,5.0
220,1625,4.5
220,1953,4.5
220,2076,5.0
220,2160,4.5
220,2571,4.5
220,2712,4.0
220,2716,4.0
220,2762,4.0
220,2858,4.5
220,2959,4.0
220,3262,4.0
220,3730,4.5
220,4011,4.5
220,4226,4.5
220,4848,5.0
220,4878,5.0
220,5445,4.0
220,5618,5.0
220,6874,4.5
220,7438,4.0
220,8368,4.5
220,8961,4.5
220,27773,5.0
220,31364,4.5
220,31658,4.5
220,44191,4.5
220,44665,4.0
220,48394,5.0
220,48516,5.0
220,48774,4.5
220,48780,5.0
220,49272,4.5
220,51255,4.0
220,51540,4.5
220,55118,4.0
220,55820,5.0
220,57669,4.5
220,58559,5.0
220,60069,4.5
220,63082,3.5
220,64614,4.0
220,67255,4.5
220,68954,4.0
220,74458,4.5
220,79132,5.0
220,80489,4.0
220,81591,4.5
220,82667,4.0
220,84152,3.5
220,86781,5.0
220,88129,5.0
220,89745,3.0
220,91658,4.5
220,93838,4.0
220,96079,4.5
220,96610,4.0
220,97304,4.0
220,99114,4.0
220,104841,4.0
220,104879,4.0
220,106782,4.0
220,107406,4.5
220,109487,4.5
220,112552,5.0
220,112556,5.0
220,112852,3.5
220,115569,4.5
220,115713,4.5
220,116797,4.5
220,122882,4.5
220,122904,3.5
220,134853,5.0
220,139385,4.0
220,139644,5.0
220,142488,4.5
220,143385,4.5
220,152077,4.5
220,164179,4.5
220,166534,3.5
220,168250,5.0
220,170355,5.0
220,171763,4.5
220,174055,4.5
220,176371,5.0
220,182715,4.0
220,198185,5.0
220,202439,5.0
220,203375,4.5
220,206857,4.0
220,207313,4.5
220,208703,4.5
221,527,3.0
221,613,3.0
221,858,4.0
221,1216,3.5
221,1665,3.5
221,1960,3.0
221,1992,0.5
221,3000,4.5
221,3100,3.0
221,3932,1.0
221,4124,1.5
221,4973,5.0
221,5267,1.5
221,7303,2.5
221,7439,3.5
221,7618,3.0
221,8341,3.0
221,27741,4.5
221,31658,3.0
221,45880,3.5
221,54001,2.5
222,65,0.5
222,524,3.5
222,830,1.0
222,838,4.0
222,911,5.0
222,1086,5.0
222,1125,4.5
222,1269,4.0
222,1680,3.5
222,1754,3.0
222,2112,2.5
222,2300,4.0
222,2672,2.0
222,3044,4.0
222,3088,5.0
222,3363,3.5
222,6375,4.0
222,6502,4.0
222,6970,3.5
222,7311,1.5
222,8961,3.5
222,30749,4.0
222,46976,3.0
222,49272,4.5
222,51255,4.0
223,1,4.0
223,7,3.0
223,9,3.0
223,10,3.0
223,32,4.0
223,36,4.0
223,39,4.0
223,47,3.0
223,50,3.0
223,62,3.0
223,65,1.0
223,69,4.0
223,95,2.0
223,107,2.0
223,110,4.0
223,112,4.0
223,135,2.0
223,150,4.0
223,151,3.0
223,153,3.0
223,161,4.0
223,165,4.0
223,173,2.0
223,203,3.0
223,223,5.0
223,260,5.0
223,266,3.0
223,271,3.0
223,293,4.0
223,296,4.0
223,300,3.0
223,316,3.0
223,318,4.0
223,329,4.0
223,344,3.0
223,349,4.0
223,356,4.0
223,357,5.0
223,364,3.0
223,368,3.0
223,370,2.0
223,371,3.0
223,377,3.0
223,379,3.0
223,380,3.0
223,440,4.0
223,441,3.0
223,442,3.0
223,454,3.0
223,457,4.0
223,474,4.0
223,480,3.0
223,507,4.0
223,508,4.0
223,524,4.0
223,529,5.0
223,534,4.0
223,539,4.0
223,541,5.0
223,543,3.0
223,550,3.0
223,553,3.0
223,588,4.0
223,589,4.0
223,590,3.0
223,592,3.0
223,593,4.0
223,594,3.0
223,595,2.0
223,596,3.0
223,610,3.0
223,612,1.0
223,616,3.0
223,637,3.0
223,647,3.0
223,648,3.0
223,653,2.0
223,708,3.0
223,720,5.0
223,733,2.0
223,736,3.0
223,745,5.0
223,748,1.0
223,750,4.0
223,761,1.0
223,762,3.0
223,780,4.0
223,783,4.0
223,786,2.0
223,788,3.0
223,835,4.0
223,858,5.0
223,861,4.0
223,914,3.0
223,919,3.0
223,924,4.0
223,953,3.0
223,968,3.0
223,1012,4.0
223,1022,3.0
223,1025,3.0
223,1030,3.0
223,1033,3.0
223,1035,3.0
223,1036,4.0
223,1073,3.0
223,1079,3.0
223,1080,3.0
223,1081,3.0
223,1088,3.0
223,1089,4.0
223,1090,3.0
223,1091,3.0
223,1092,3.0
223,1093,3.0
223,1094,3.0
223,1097,4.0
223,1101,3.0
223,1124,4.0
223,1129,3.0
223,1130,3.0
223,1135,3.0
223,1136,5.0
223,1148,5.0
223,1161,4.0
223,1172,4.0
223,1186,3.0
223,1194,4.0
223,1196,5.0
223,1197,5.0
223,1198,3.0
223,1199,3.0
223,1200,3.0
223,1201,4.0
223,1206,4.0
223,1207,4.0
223,1208,4.0
223,1210,5.0
223,1213,3.0
223,1214,3.0
223,1215,3.0
223,1219,3.0
223,1220,5.0
223,1221,5.0
223,1222,4.0
223,1223,4.0
223,1225,4.0
223,1228,3.0
223,1231,3.0
223,1240,5.0
223,1242,3.0
223,1246,5.0
223,1249,3.0
223,1252,3.0
223,1256,4.0
223,1258,4.0
223,1259,3.0
223,1265,3.0
223,1266,5.0
223,1268,4.0
223,1269,4.0
223,1270,4.0
223,1272,5.0
223,1274,3.0
223,1275,5.0
223,1276,4.0
223,1277,5.0
223,1278,4.0
223,1282,4.0
223,1283,4.0
223,1285,5.0
223,1286,4.0
223,1291,3.0
223,1292,4.0
223,1295,2.0
223,1297,4.0
223,1298,3.0
223,1300,4.0
223,1302,3.0
223,1307,4.0
223,1320,3.0
223,1321,4.0
223,1339,3.0
223,1343,2.0
223,1345,3.0
223,1347,3.0
223,1350,4.0
223,1356,5.0
223,1370,4.0
223,1371,4.0
223,1372,4.0
223,1373,3.0
223,1374,5.0
223,1375,3.0
223,1376,4.0
223,1377,3.0
223,1378,3.0
223,1380,3.0
223,1385,3.0
223,1387,3.0
223,1391,3.0
223,1394,3.0
223,1405,4.0
223,1429,4.0
223,1485,4.0
223,1515,3.0
223,1527,5.0
223,1544,1.0
223,4006,3.0
223,5060,3.0
224,17,4.0
224,21,3.5
224,32,4.0
224,50,4.5
224,95,3.5
224,110,3.5
224,208,2.5
224,223,5.0
224,260,5.0
224,293,4.5
224,296,4.0
224,345,5.0
224,355,2.0
224,364,3.5
224,474,3.5
224,500,4.5
224,508,4.0
224,518,3.5
224,527,4.0
224,543,3.5
224,586,4.5
224,588,4.5
224,592,3.0
224,648,4.0
224,780,4.0
224,912,3.0
224,934,4.0
224,1197,3.5
224,1210,5.0
224,1215,2.5
224,1220,5.0
224,1242,5.0
224,1327,0.5
224,1345,3.0
224,1358,3.0
224,1380,4.0
224,1407,3.0
224,1488,3.5
224,1500,3.5
224,1580,4.5
224,1682,4.0
224,1721,4.5
224,1917,0.5
224,1953,3.5
224,1968,4.0
224,2028,4.5
224,2115,3.5
224,2143,3.5
224,2174,2.5
224,2291,3.5
224,2371,2.5
224,2396,4.0
224,2470,3.5
224,2617,4.0
224,2700,4.5
224,2712,3.5
224,2716,4.0
224,2762,5.0
224,2804,3.5
224,2916,3.0
224,3033,4.5
224,3053,3.5
224,3105,4.0
224,3148,3.5
224,3173,3.5
224,3255,4.0
224,3274,3.5
224,3301,4.0
224,3421,3.5
224,3450,4.0
224,3481,3.5
224,3552,4.0
224,3702,2.5
224,3753,3.5
224,3897,4.0
224,3911,3.5
224,3948,4.0
224,3988,3.5
224,3996,4.0
224,4002,4.0
224,4034,4.5
224,4306,5.0
224,4310,3.5
224,4326,4.5
224,4447,4.0
224,4509,5.0
224,4718,3.5
224,4886,4.5
224,4963,4.0
224,4979,3.5
224,4993,4.5
224,5152,4.0
224,5540,3.0
224,5574,4.0
224,5673,3.5
224,5810,3.0
224,5816,3.5
224,5989,4.0
224,6213,3.0
224,6378,4.0
224,6711,4.5
225,318,5.0
225,1196,5.0
225,1198,5.0
225,1210,5.0
225,1291,5.0
225,2571,5.0
225,4886,5.0
225,4973,5.0
225,5989,4.0
225,7361,5.0
225,50872,5.0
225,59315,5.0
225,60069,5.0
225,63082,5.0
225,68954,5.0
225,78499,5.0
225,79091,3.0
225,81229,5.0
225,94777,5.0
225,103141,5.0
225,103335,5.0
225,109374,5.0
225,115617,5.0
225,122904,5.0
225,128360,4.5
225,133195,5.0
225,134130,3.5
225,134214,5.0
225,134853,5.0
225,135887,5.0
225,136018,4.0
225,139644,4.0
225,140110,4.0
225,142997,4.0
225,145839,4.5
225,149354,2.5
226,1,3.0
226,2,3.0
226,3,4.0
226,4,3.0
226,5,3.0
226,6,3.0
226,9,3.0
226,10,3.0
226,11,3.0
226,12,4.0
226,14,1.0
226,15,3.0
226,16,3.0
226,17,3.0
226,19,3.0
226,20,3.0
226,21,3.0
226,22,3.0
226,23,3.0
226,24,3.0
226,25,2.0
226,28,3.0
226,31,3.0
226,32,5.0
226,34,3.0
226,36,1.0
226,39,2.0
226,44,3.0
226,45,3.0
226,47,5.0
226,48,1.0
226,50,5.0
226,52,2.0
226,57,3.0
226,60,3.0
226,62,1.0
226,65,5.0
226,66,3.0
226,74,3.0
226,79,3.0
226,89,3.0
226,93,4.0
226,95,4.0
226,104,5.0
226,105,3.0
226,107,3.0
226,110,5.0
226,112,2.0
226,122,3.0
226,132,4.0
226,135,5.0
226,140,1.0
226,141,4.0
226,145,5.0
226,147,4.0
226,150,3.0
226,151,5.0
226,153,3.0
226,158,3.0
226,160,2.0
226,161,3.0
226,163,5.0
226,165,4.0
226,168,4.0
226,169,2.0
226,170,2.0
226,172,4.0
226,173,4.0
226,174,4.0
226,175,4.0
226,177,4.0
226,181,3.0
226,185,3.0
226,186,3.0
226,188,4.0
226,191,3.0
226,193,5.0
226,194,3.0
226,195,3.0
226,196,4.0
226,198,3.0
226,203,1.0
226,204,3.0
226,207,3.0
226,208,4.0
226,216,5.0
226,218,2.0
226,223,3.0
226,225,4.0
226,227,3.0
226,229,3.0
226,230,3.0
226,231,4.0
226,232,3.0
226,233,3.0
226,234,4.0
226,235,3.0
226,236,3.0
226,237,3.0
226,239,4.0
226,246,3.0
226,248,3.0
226,249,2.0
226,252,3.0
226,253,4.0
226,255,3.0
226,256,3.0
226,257,3.0
226,258,1.0
226,259,3.0
226,261,1.0
226,262,1.0
226,266,5.0
226,267,4.0
226,270,3.0
226,271,2.0
226,272,3.0
226,273,3.0
226,274,2.0
226,275,3.0
226,276,3.0
226,277,1.0
226,280,3.0
226,281,3.0
226,282,4.0
226,288,5.0
226,289,3.0
226,290,3.0
226,292,3.0
226,293,3.0
226,296,4.0
226,300,1.0
226,303,3.0
226,312,2.0
226,314,3.0
226,315,5.0
226,316,4.0
226,317,3.0
226,318,4.0
226,319,2.0
226,325,3.0
226,327,3.0
226,328,3.0
226,329,2.0
226,330,3.0
226,332,3.0
226,333,5.0
226,337,3.0
226,338,3.0
226,339,3.0
226,343,3.0
226,344,5.0
226,345,3.0
226,349,3.0
226,350,3.0
226,353,5.0
226,355,3.0
226,356,4.0
226,357,3.0
226,358,4.0
226,360,3.0
226,361,3.0
226,362,3.0
226,364,3.0
226,366,3.0
226,367,3.0
226,368,4.0
226,370,5.0
226,371,3.0
226,372,3.0
226,374,3.0
226,377,3.0
226,378,3.0
226,380,3.0
226,381,1.0
226,382,3.0
226,383,3.0
226,405,5.0
226,410,3.0
226,413,3.0
226,415,3.0
226,416,4.0
226,419,4.0
226,420,3.0
226,426,3.0
226,428,2.0
226,432,3.0
226,434,4.0
226,435,3.0
226,437,3.0
226,440,3.0
226,442,4.0
226,445,2.0
226,448,2.0
226,450,2.0
226,454,3.0
226,455,1.0
226,457,3.0
226,460,3.0
226,464,3.0
226,466,3.0
226,471,3.0
226,474,3.0
226,480,3.0
226,481,3.0
226,482,2.0
226,485,3.0
226,489,2.0
226,490,3.0
226,491,3.0
226,493,3.0
226,494,4.0
226,497,3.0
226,500,3.0
226,502,3.0
226,508,2.0
226,509,3.0
226,514,3.0
226,515,3.0
226,516,5.0
226,519,3.0
226,520,3.0
226,524,3.0
226,527,5.0
226,529,1.0
226,531,2.0
226,532,3.0
226,533,3.0
226,534,3.0
226,538,3.0
226,539,3.0
226,540,4.0
226,542,4.0
226,543,3.0
226,544,3.0
226,546,1.0
226,548,3.0
226,550,4.0
226,551,3.0
226,552,3.0
226,553,5.0
226,555,2.0
226,575,3.0
226,587,3.0
226,588,3.0
226,589,5.0
226,590,3.0
226,592,4.0
226,594,2.0
226,595,2.0
226,596,3.0
226,597,3.0
226,606,4.0
226,608,4.0
226,610,3.0
226,616,2.0
226,628,4.0
226,637,4.0
226,661,3.0
226,688,3.0
226,708,3.0
226,709,3.0
226,736,3.0
226,737,5.0
226,743,3.0
226,762,5.0
226,780,5.0
226,783,1.0
226,784,4.0
226,786,5.0
226,788,4.0
226,833,5.0
226,1073,1.0
227,52,2.0
227,101,4.5
227,466,1.5
227,529,3.0
227,784,3.5
227,852,3.0
227,923,4.5
227,1234,2.0
227,1246,4.0
227,1278,5.0
227,1370,3.0
227,1407,2.0
227,1653,4.0
227,1917,2.0
227,2011,2.0
227,2291,4.0
227,2395,4.5
227,2617,2.0
227,2712,2.5
227,8371,2.5
227,8376,4.0
227,8528,3.0
227,8622,3.5
227,8636,3.5
227,8641,3.5
227,8665,4.5
227,8781,3.0
227,8784,4.5
227,8798,3.0
227,8810,1.0
228,1,4.0
228,6,4.5
228,16,4.5
228,32,4.0
228,39,3.5
228,47,4.0
228,50,4.5
228,110,3.5
228,111,4.0
228,150,4.0
228,215,4.0
228,231,4.0
228,260,3.5
228,293,4.5
228,296,1.5
228,318,4.5
228,356,5.0
228,364,4.5
228,428,4.0
228,441,3.0
228,480,4.0
228,492,3.0
228,508,3.5
228,527,4.0
228,586,4.0
228,593,3.0
228,628,4.0
228,648,4.0
228,858,4.5
228,903,3.0
228,904,4.0
228,912,3.5
228,1086,4.5
228,1089,3.5
228,1097,4.0
228,1101,3.5
228,1136,4.5
228,1193,2.5
228,1196,3.5
228,1198,2.5
228,1203,4.5
228,1213,4.5
228,1214,4.5
228,1219,4.0
228,1222,2.5
228,1240,3.5
228,1246,4.5
228,1258,4.0
228,1259,4.5
228,1265,3.5
228,1266,4.0
228,1270,3.0
228,1307,3.0
228,1584,3.5
228,1617,4.5
228,1653,4.5
228,1682,4.5
228,1704,4.5
228,1721,4.0
228,1732,1.5
228,1923,4.0
228,1961,4.0
228,1968,3.5
228,1997,4.0
228,2011,2.5
228,2028,4.0
228,2105,3.0
228,2329,4.5
228,2424,3.5
228,2501,4.0
228,2502,3.5
228,2571,4.5
228,2572,4.5
228,2628,2.5
228,2706,3.5
228,2762,4.0
228,2791,2.0
228,2797,4.5
228,2858,1.5
228,2890,3.5
228,2918,4.0
228,2932,4.0
228,2951,3.5
228,2959,4.0
228,3020,4.5
228,3147,4.5
228,3578,4.5
228,3623,2.5
228,3948,4.0
228,4022,4.5
228,4027,3.5
228,4226,3.5
228,4370,4.0
228,4649,1.0
228,4776,4.0
228,4848,3.5
228,4878,5.0
228,4886,2.0
228,4896,4.0
228,4963,4.0
228,4973,3.0
228,4975,1.5
228,4993,4.0
228,5349,4.0
228,5378,2.5
228,5445,3.5
228,5502,2.5
228,5618,3.0
228,5690,4.5
228,5816,4.0
228,5902,4.5
228,5952,3.5
228,5989,3.5
228,6101,4.5
228,6188,3.0
228,6365,3.5
228,6373,3.5
228,6377,4.0
228,6502,4.0
228,6550,4.0
228,6711,3.5
228,6863,3.0
228,6870,4.5
228,6874,4.5
228,6942,4.0
228,7036,2.0
228,7147,4.5
228,7153,4.0
228,7346,3.5
228,7361,3.0
228,7451,3.0
228,8361,2.5
228,8368,4.5
228,8529,3.0
228,8533,4.0
228,8636,3.5
228,8638,4.5
228,8641,4.0
228,8644,4.0
228,8798,4.5
228,8874,3.5
228,8961,3.5
228,8965,3.5
228,27518,4.0
228,27773,5.0
228,27878,2.5
228,30707,4.5
228,30793,4.0
228,30812,3.0
228,31364,4.5
228,33493,4.5
228,33615,4.0
228,33794,4.0
228,34162,3.5
228,35836,4.0
228,38061,3.0
228,40815,4.0
228,41566,4.0
228,44191,4.0
228,44665,4.0
228,45672,4.0
228,46578,4.0
228,46972,3.5
228,46976,3.5
228,47099,4.0
228,47610,4.0
228,48304,4.5
228,48385,3.5
228,48516,3.5
228,48774,4.5
228,48780,4.5
228,49272,4.0
228,49286,3.5
228,49530,3.5
228,50872,4.5
228,51255,4.0
228,51540,4.5
228,51662,3.5
228,52328,3.5
228,52722,3.0
228,52973,2.0
228,53996,2.5
228,54001,3.5
228,54503,3.5
228,55098,4.0
228,55247,4.0
228,55269,3.5
228,55290,3.5
228,55820,3.0
228,55908,4.5
228,56145,3.5
228,56167,4.0
228,56174,3.0
228,56367,4.5
228,57183,4.0
228,57669,4.5
228,58559,4.5
228,58998,1.5
228,59315,4.0
228,59369,3.5
228,59784,3.5
228,60069,5.0
228,60397,2.5
228,60684,4.5
228,60766,3.0
228,61132,4.0
228,62511,1.0
228,62999,3.0
228,63062,4.5
228,63082,3.5
228,63859,3.5
228,63876,3.0
228,63992,0.5
228,64614,4.5
228,64650,4.0
228,64957,4.0
228,64993,4.5
228,65642,3.5
228,67087,2.5
228,67267,4.0
228,67734,3.0
228,68157,4.5
228,68194,3.5
228,68237,3.5
228,68954,4.5
228,69122,3.0
228,69526,1.5
228,69757,4.0
228,69844,4.0
228,70159,3.0
228,70286,4.5
228,71264,4.0
228,71535,4.0
228,72011,3.5
228,72407,0.5
228,72998,3.0
228,73290,2.5
228,73321,3.5
228,73881,4.5
228,74228,3.5
228,74458,4.0
228,76093,3.0
228,76251,4.0
228,77561,2.5
228,78772,0.5
228,79091,4.0
228,79132,5.0
228,79139,0.5
228,79251,0.5
228,79357,4.5
228,79592,3.0
228,79702,4.0
228,80463,4.5
228,80549,3.5
228,80586,3.5
228,80693,4.0
228,80844,3.5
228,81591,4.5
228,81834,3.5
228,82461,2.5
228,82667,4.5
228,83424,4.0
228,84152,4.0
228,85414,4.0
228,86332,3.0
228,86833,3.0
228,86882,4.5
228,86911,3.0
228,87520,2.5
228,87869,3.0
228,88125,4.0
228,88129,4.0
228,88140,3.0
228,88163,3.0
228,88405,2.5
228,88744,4.0
228,89470,3.5
228,89554,4.0
228,89745,3.5
228,89864,4.0
228,90522,3.0
228,90531,3.5
228,90746,4.0
228,90866,2.0
228,91104,0.5
228,91529,4.0
228,91630,4.0
228,91658,3.5
228,91844,4.0
228,91976,4.0
228,93510,3.5
228,94677,3.0
228,94959,4.0
228,95105,4.0
228,95167,3.5
228,95309,3.5
228,95441,3.5
228,95510,3.5
228,96079,4.0
228,96588,3.5
228,96610,3.0
228,96728,4.5
228,96821,4.0
228,97225,3.0
228,97306,4.0
228,97752,4.0
228,97866,4.5
228,97913,3.0
228,97921,3.5
228,97938,4.5
228,98000,0.5
228,98203,0.5
228,98809,4.0
228,99114,4.0
228,99149,5.0
228,99728,2.5
228,100336,4.5
228,100714,4.5
228,101142,4.0
228,101640,3.0
228,101653,1.5
228,101719,4.0
228,101864,2.5
228,102123,2.5
228,102125,3.0
228,102903,3.0
228,102993,4.0
228,103042,4.0
228,103048,4.0
228,103141,3.5
228,103228,2.5
228,103249,3.0
228,103335,3.5
228,103341,3.5
228,103539,4.0
228,103688,4.0
228,103980,4.0
228,104211,3.5
228,104374,4.0
228,104841,3.0
228,104863,2.0
228,104879,4.5
228,104913,4.5
228,104944,3.5
228,105355,3.0
228,105844,4.5
228,106002,2.0
228,106072,3.0
228,106100,4.0
228,106489,3.5
228,106696,3.0
228,106782,4.0
228,106916,2.5
228,106918,4.5
228,106920,3.5
228,107406,3.0
228,108514,3.5
228,108932,2.5
228,109374,4.0
228,109487,3.5
228,109848,2.5
228,110102,4.0
228,110553,3.0
228,110603,0.5
228,111113,3.5
228,111360,2.0
228,111362,4.0
228,111443,4.0
228,111622,3.0
228,111759,3.0
228,111781,3.5
228,111921,4.0
228,112138,3.0
228,112183,3.5
228,112290,2.5
228,112370,2.0
228,112552,4.5
228,112556,3.5
228,112623,3.5
228,112640,3.0
228,112804,3.5
228,112852,3.5
228,113348,1.5
228,113741,3.5
228,114180,3.0
228,114935,4.5
228,115122,4.5
228,115149,4.0
228,115210,3.5
228,115569,4.0
228,115617,4.0
228,115667,3.0
228,115713,3.5
228,116797,4.0
228,117176,4.0
228,117529,3.0
228,117887,4.0
228,117895,2.5
228,118696,3.0
228,119145,4.0
228,120138,4.0
228,120311,4.0
228,121231,3.5
228,121370,2.5
228,122882,2.5
228,122886,3.5
228,122890,3.5
228,122892,2.0
228,122898,2.0
228,122900,4.0
228,122904,3.5
228,122906,4.5
228,122910,3.0
228,122912,4.5
228,122914,5.0
228,122916,4.0
228,122918,4.0
228,122920,4.5
228,122922,3.5
228,122924,3.0
228,122926,3.5
228,125916,0.5
228,127198,4.0
228,128360,4.0
228,128878,4.0
228,129788,3.0
228,132046,2.0
228,133419,2.5
228,133771,2.0
228,134130,2.5
228,134853,3.5
228,135143,4.0
228,135536,0.5
228,135887,3.0
228,136562,3.0
228,136864,3.5
228,137857,3.5
228,138036,4.0
228,138104,4.0
228,138208,4.5
228,138210,3.5
228,139148,3.0
228,139385,3.0
228,139575,4.0
228,139644,3.0
228,139821,3.0
228,140110,3.5
228,140174,4.5
228,140247,4.0
228,140323,4.0
228,140325,4.5
228,140956,3.5
228,141702,4.0
228,141866,2.5
228,142448,3.5
228,142488,4.0
228,142819,4.0
228,142821,2.0
228,143113,3.0
228,143345,3.5
228,143347,3.5
228,143355,3.0
228,143365,1.5
228,143367,4.5
228,143385,4.5
228,144620,3.5
228,144976,4.0
228,145937,3.5
228,145939,5.0
228,146656,4.5
228,147051,4.0
228,147053,4.0
228,148095,4.5
228,148626,4.0
228,148657,2.5
228,148661,3.0
228,151455,4.0
228,151597,3.0
228,152017,3.5
228,152077,3.5
228,152081,4.0
228,152970,4.5
228,156371,2.5
228,157106,3.5
228,157268,3.5
228,157296,3.5
228,157340,2.5
228,157559,2.5
228,157561,4.0
228,157567,3.0
228,157699,4.0
228,158238,3.5
228,158966,4.0
228,159061,4.5
228,159093,3.0
228,159415,4.5
228,159755,3.5
228,159858,3.5
228,160271,2.5
228,160980,4.0
228,161046,3.5
228,161131,3.5
228,161354,4.0
228,161582,4.0
228,161634,4.0
228,161922,4.0
228,162058,2.5
228,162082,4.0
228,162350,3.5
228,162414,2.0
228,162578,4.0
228,162598,3.5
228,163134,4.5
228,163420,3.5
228,163422,4.5
228,163486,3.0
228,163488,4.0
228,163645,4.0
228,164179,3.5
228,164909,3.0
228,165549,4.0
228,165603,3.0
228,166291,4.0
228,166461,4.0
228,166534,4.0
228,166591,3.0
228,166593,0.5
228,166595,1.5
228,166597,3.5
228,166599,4.5
228,166601,4.0
228,166635,3.5
228,166705,3.0
228,166788,3.5
228,166918,3.5
228,166946,4.0
228,167018,2.0
228,167036,3.5
228,167370,3.0
228,167380,3.5
228,167392,4.0
228,167746,3.5
228,167990,4.0
228,168250,4.0
228,168252,4.5
228,168254,3.0
228,168286,1.0
228,168326,4.0
228,168328,3.0
228,168344,3.5
228,168366,3.0
228,168418,3.0
228,168420,3.5
228,168492,4.5
228,168612,2.5
228,168962,3.5
228,169764,3.0
228,169864,3.0
228,169982,2.0
228,170423,3.0
228,170485,3.0
228,170697,3.5
228,170705,5.0
228,170733,4.0
228,170745,0.5
228,170813,1.5
228,170827,2.5
228,170945,2.0
228,171007,3.0
228,171611,2.0
228,171763,4.0
228,171867,0.5
228,173145,4.5
228,173167,4.5
228,173205,4.0
228,173291,2.5
228,173369,3.0
228,174055,4.0
228,174395,3.5
228,174909,3.5
228,175197,3.0
228,175303,3.5
228,175569,4.0
228,175661,2.5
228,175667,3.5
228,176101,3.0
228,176371,4.5
228,176419,3.0
228,176751,4.0
228,177237,3.0
228,177239,3.0
228,177593,4.5
228,177615,3.5
228,177651,3.0
228,177763,3.0
228,177765,4.0
228,177989,3.5
228,178061,4.0
228,178827,4.0
228,178933,3.5
228,179401,3.5
228,179811,3.5
228,179817,4.0
228,179819,3.5
228,180031,4.0
228,180095,4.0
228,180239,4.0
228,180297,4.0
228,180367,2.5
228,180497,4.0
228,180985,4.0
228,181047,2.5
228,181111,3.5
228,181315,3.0
228,181751,3.0
228,182499,3.0
228,182501,4.0
228,182503,4.5
228,182505,2.0
228,182507,4.0
228,182509,4.0
228,182511,4.0
228,182513,3.0
228,182515,2.5
228,182525,0.5
228,182617,3.5
228,182625,3.5
228,182627,4.5
228,182629,2.0
228,182631,4.0
228,182633,4.0
228,182635,4.0
228,182715,4.5
228,182823,3.5
228,182825,3.5
228,183125,4.0
228,183421,1.5
228,183611,4.0
228,183619,4.0
228,183635,2.5
228,183701,3.0
228,183741,4.0
228,183843,2.5
228,183869,3.0
228,184015,3.5
228,184165,3.0
228,184253,3.0
228,184399,3.5
228,184471,3.5
228,184721,3.0
228,184747,3.0
228,184749,3.0
228,184751,4.0
228,184753,3.0
228,184755,3.5
228,184761,2.5
228,184763,3.5
228,184767,3.5
228,184777,4.0
228,184997,4.0
228,185029,4.5
228,185585,2.5
228,185947,0.5
228,186333,1.0
228,186587,1.5
228,186633,4.0
228,186647,2.5
228,186651,4.0
228,186655,3.0
228,186657,4.0
228,186663,2.0
228,186667,3.5
228,186671,4.0
228,186673,2.0
228,186675,3.5
228,186677,3.5
228,186679,3.5
228,186681,3.0
228,186683,4.0
228,186685,4.0
228,186687,3.0
228,186689,1.5
228,186691,3.0
228,186693,3.5
228,186695,2.5
228,186697,3.0
228,186699,3.0
228,186703,4.0
228,186707,4.0
228,186709,3.5
228,186711,4.5
228,186715,3.0
228,186717,3.5
228,186721,2.0
228,186723,4.0
228,186725,3.5
228,186727,4.0
228,186729,2.0
228,186735,3.5
228,186737,4.0
228,186741,3.5
228,186743,3.5
228,186747,3.0
228,186953,2.5
228,187031,3.0
228,187541,4.0
228,187593,3.5
228,187907,3.0
228,188189,3.5
228,188301,2.5
228,188309,1.0
228,188387,4.0
228,188551,4.0
228,188553,3.0
228,188797,3.0
228,188841,4.0
228,189095,2.5
228,189203,4.0
228,189333,4.0
228,189363,2.5
228,189713,4.5
228,189873,4.5
228,190017,3.0
228,190087,2.0
228,190555,4.5
228,190741,3.5
228,190939,3.5
228,191367,1.5
228,191369,2.0
228,191483,1.5
228,191931,4.5
228,191933,2.5
228,192245,4.0
228,192283,1.5
228,192307,2.0
228,192377,1.5
228,192379,4.0
228,192385,3.0
228,192389,2.0
228,192579,3.0
228,192803,4.0
228,193073,3.5
228,193175,4.0
228,193942,4.0
228,193958,2.5
228,194004,2.5
228,194016,3.5
228,194026,1.5
228,194360,3.5
228,194364,4.0
228,194396,3.0
228,194448,4.0
228,194696,4.5
228,194951,4.0
228,195159,4.5
228,195161,2.0
228,195163,2.0
228,195497,4.0
228,195723,4.5
228,195777,3.0
228,195921,2.5
228,196073,4.5
228,196175,2.0
228,196223,2.0
228,196707,3.5
228,196895,3.0
228,196997,4.0
228,197175,3.5
228,197207,4.0
228,197597,3.5
228,197651,3.5
228,197681,3.5
228,197729,4.5
228,197875,4.0
228,197879,4.5
228,197883,4.0
228,198669,0.5
228,198781,4.0
228,198785,1.0
228,198789,1.0
228,199095,3.5
228,199578,3.0
228,199640,3.5
228,199740,1.0
228,200306,4.0
228,200540,4.0
228,200820,3.5
228,200838,3.5
228,201340,4.0
228,201594,2.5
228,201646,2.0
228,201773,3.0
228,201837,3.0
228,202087,3.5
228,202095,4.0
228,202097,3.0
228,202155,3.5
228,202429,4.0
228,202439,4.0
228,202749,2.5
228,203218,3.5
228,203322,4.5
228,203375,4.0
228,203519,2.0
228,203711,1.0
228,203847,4.5
228,203851,3.0
228,203922,3.0
228,203990,2.0
228,203992,3.5
228,203994,2.5
228,204002,1.0
228,204004,3.0
228,204006,3.0
228,204008,3.5
228,204010,4.0
228,204352,3.5
228,204542,2.5
228,204698,4.5
228,204704,3.5
228,205072,3.5
228,205130,3.0
228,205156,4.0
228,205383,4.5
228,205441,4.5
228,206857,4.0
228,207233,3.5
228,207313,4.0
228,207439,3.5
228,207708,4.0
228,208006,3.0
228,208020,4.0
228,208465,3.0
228,208477,3.5
228,208621,3.5
228,208703,4.5
228,208939,4.5
228,209315,4.5
228,209965,4.5
228,210271,3.0
228,210569,3.0
228,210861,4.0
228,211966,3.0
228,212309,2.5
228,212891,2.0
228,213005,4.5
228,214056,2.5
228,214396,3.5
228,214898,4.0
228,215901,3.5
229,47,3.5
229,150,4.0
229,296,4.0
229,356,4.5
229,593,4.0
229,608,4.0
229,1206,4.0
229,1682,5.0
229,2291,4.0
229,2329,3.5
229,2571,4.0
229,2858,4.5
229,3147,4.0
229,3751,4.0
229,4878,4.0
229,4896,2.0
229,4963,4.0
229,4993,2.5
229,5445,3.0
229,6377,3.0
229,6874,3.5
229,7147,4.5
229,7153,2.5
229,7438,3.5
229,27773,4.5
229,48780,4.0
229,52885,5.0
229,70286,3.5
229,74458,3.5
229,79132,3.5
229,79357,5.0
229,94558,3.5
229,99114,4.0
229,102125,1.5
229,106782,3.5
229,109487,4.5
229,122882,4.0
229,122904,2.0
229,122912,2.0
229,128360,4.0
229,183897,4.0
230,260,4.5
230,318,4.0
230,541,4.0
230,858,5.0
230,1089,4.5
230,1196,5.0
230,1197,3.0
230,1201,5.0
230,1208,4.5
230,1213,4.5
230,1221,5.0
230,1222,4.0
230,1252,4.0
230,2571,3.0
230,3114,4.0
230,4973,3.0
230,4993,4.0
230,5618,4.5
230,5952,4.0
230,5971,3.5
230,6016,4.0
230,7153,4.0
230,8464,3.5
230,31658,4.5
230,45499,2.0
230,55247,3.5
230,58559,4.0
230,59315,3.0
230,68157,4.0
230,68954,4.5
230,72998,3.0
230,79132,4.0
230,213207,3.5
230,216402,3.5
230,225173,4.5
231,215,5.0
231,307,5.0
231,308,5.0
231,327,3.0
231,509,5.0
231,830,0.5
231,1021,0.5
231,1059,5.0
231,1185,5.0
231,1354,3.0
231,1411,5.0
231,1760,0.5
231,1921,5.0
231,2600,2.5
231,2692,5.0
231,3019,4.0
231,3067,3.5
231,3168,5.0
231,4308,5.0
231,5668,5.0
231,5992,4.5
231,6215,5.0
231,6867,5.0
231,7139,4.5
231,7454,0.5
231,8638,5.0
231,8784,5.0
231,33817,5.0
231,33819,5.0
231,33880,5.0
231,39183,4.5
231,45382,4.0
231,46578,4.0
231,46723,3.0
231,47423,5.0
231,53123,5.0
232,1,4.0
232,6,4.5
232,47,4.5
232,48,3.5
232,50,4.5
232,110,4.5
232,150,4.0
232,186,2.0
232,223,5.0
232,260,4.5
232,318,5.0
232,356,4.0
232,370,2.0
232,457,3.5
232,466,2.5
232,508,4.5
232,543,4.0
232,555,4.0
232,589,4.5
232,593,4.5
232,596,4.0
232,805,2.5
232,858,4.5
232,1036,4.5
232,1089,4.0
232,1090,4.0
232,1136,3.5
232,1196,5.0
232,1197,4.0
232,1198,4.5
232,1200,4.0
232,1210,4.0
232,1213,4.0
232,1214,4.0
232,1215,4.0
232,1240,4.5
232,1242,4.5
232,1252,3.5
232,1257,4.5
232,1259,5.0
232,1262,4.0
232,1266,4.5
232,1270,3.5
232,1275,4.0
232,1278,3.5
232,1291,4.0
232,1625,3.5
232,1981,3.0
232,2028,5.0
232,2053,1.5
232,2054,3.5
232,2081,3.5
232,2084,4.0
232,2111,3.0
232,2194,4.0
232,2302,4.5
232,2321,3.0
232,2329,4.5
232,2501,4.0
232,2502,4.5
232,2542,4.5
232,2571,4.5
232,2710,3.0
232,2762,4.0
232,2795,3.0
232,2797,4.0
232,2918,4.0
232,2959,5.0
232,2987,3.5
232,3039,3.5
232,3062,4.5
232,3082,3.0
232,3114,3.5
232,3147,4.0
232,3160,5.0
232,3176,3.0
232,3264,3.0
232,3275,4.0
232,3388,3.0
232,3578,4.5
232,3689,3.0
232,3703,3.5
232,3793,4.0
232,3908,2.0
232,3994,4.0
232,3996,2.0
232,4011,4.5
232,4085,4.0
232,4105,4.0
232,4226,5.0
232,4262,4.0
232,4306,4.5
232,4470,4.0
232,4732,2.5
232,4855,4.0
232,4878,5.0
232,4886,4.0
232,4963,4.0
232,4993,4.5
232,5047,3.0
232,5299,3.5
232,5349,4.5
232,5418,4.0
232,5445,4.0
232,5464,4.0
232,5502,3.5
232,5903,4.5
232,5952,5.0
232,5989,4.0
232,6016,4.0
232,6333,4.0
232,6377,4.5
232,6502,4.0
232,6539,4.0
232,6870,4.5
232,6874,4.5
232,6942,4.5
232,6947,4.0
232,7046,2.5
232,7143,4.0
232,7153,5.0
232,7254,3.5
232,7361,2.5
232,7373,3.5
232,7438,4.5
232,8132,3.5
232,8360,3.5
232,8361,4.0
232,8636,4.0
232,8665,4.0
232,8784,3.5
232,8798,4.0
232,8874,4.0
232,8961,4.0
232,26242,4.0
232,27831,4.0
232,33166,4.0
232,33437,3.0
232,33493,4.0
232,33794,4.5
232,34162,4.0
232,35836,4.5
232,36529,3.5
232,37380,3.0
232,38038,4.0
232,39446,4.0
232,40815,4.5
233,260,5.0
233,318,5.0
233,413,3.5
233,1196,5.0
233,1197,5.0
233,1198,5.0
233,1297,5.0
233,1562,2.0
233,1591,4.0
233,1772,4.0
233,1792,4.0
233,2248,4.0
233,2396,3.5
233,2571,3.0
233,2959,5.0
233,3301,4.0
233,3421,5.0
233,3462,5.0
233,3671,5.0
233,3752,3.0
233,3968,1.5
233,3972,4.0
233,3979,3.5
233,4226,4.0
233,4448,4.0
233,82459,3.0
233,87232,4.0
234,50,1.5
234,260,1.0
234,296,4.0
234,318,4.5
234,527,3.0
234,593,4.5
234,608,3.5
234,778,5.0
234,858,1.5
234,1136,4.5
234,1193,2.5
234,1196,1.0
234,1206,4.0
234,1221,1.5
234,1246,4.5
234,1258,4.0
234,1732,2.5
234,2324,4.0
234,2329,4.0
234,2571,4.0
234,2858,3.5
234,2959,4.5
234,3949,5.0
234,4878,3.5
234,4973,5.0
234,6016,5.0
234,7153,1.5
234,7254,4.0
234,7361,4.5
234,48780,2.5
234,58559,4.0
234,72998,0.5
234,79132,4.0
234,81845,4.0
234,92259,5.0
235,318,5.0
235,356,5.0
235,597,4.0
235,902,4.0
235,1088,4.0
235,1193,4.0
235,1203,4.0
235,1230,4.0
235,1307,4.0
235,1682,5.0
235,1721,4.0
235,2858,3.5
235,2959,5.0
235,4022,4.0
235,4993,5.0
235,5618,4.0
235,5952,5.0
235,5995,4.5
235,7153,5.0
235,7361,4.0
235,7451,4.0
235,8533,4.0
235,30749,4.5
235,40629,5.0
235,45447,4.0
235,45720,3.5
235,55052,4.0
235,55247,5.0
235,58998,4.0
235,64034,4.0
235,64957,4.5
235,66203,4.0
235,69757,4.0
235,70599,3.0
235,74458,3.5
235,79132,5.0
235,81591,4.0
235,82202,3.0
235,84152,4.0
235,86320,5.0
235,86882,4.0
235,88163,3.5
235,88810,4.0
235,91128,4.0
235,92259,5.0
235,94959,5.0
235,96821,5.0
235,97921,3.0
235,99114,4.5
235,99149,4.0
235,102407,4.0
235,105213,3.5
235,105355,4.0
235,106204,4.0
235,106782,4.0
235,106920,4.0
235,108727,3.5
235,108981,3.5
235,109374,4.0
235,112556,4.0
235,129354,3.0
235,132480,4.0
235,139385,4.0
236,379,3.0
236,954,4.5
236,1321,4.0
236,1378,4.0
236,1385,4.0
236,1411,2.5
236,1438,4.0
236,1603,3.0
236,2083,3.5
236,2114,2.0
236,2478,4.0
236,2572,3.0
236,2643,4.5
236,2761,3.5
236,2872,4.0
236,3438,5.0
236,3639,4.0
236,7444,4.0
236,7541,3.0
236,56949,3.5
236,67734,4.0
236,68135,5.0
236,68205,4.0
236,70361,4.0
237,1,2.5
237,19,2.5
237,21,4.0
237,31,3.5
237,34,3.0
237,36,4.5
237,39,5.0
237,47,4.5
237,48,3.0
237,58,3.0
237,73,4.0
237,104,2.5
237,110,3.5
237,141,4.0
237,150,3.5
237,158,3.5
237,231,1.0
237,265,3.5
237,266,3.5
237,277,2.5
237,282,4.0
237,296,3.0
237,318,5.0
237,344,4.5
237,356,4.5
237,364,4.5
237,367,4.0
237,432,2.0
237,435,2.0
237,457,3.0
237,474,5.0
237,480,4.5
237,491,4.0
237,509,3.0
237,516,5.0
237,520,3.5
237,527,4.5
237,586,3.5
237,588,4.0
237,593,3.5
237,596,4.0
237,597,3.5
237,608,4.0
237,616,3.5
237,661,3.0
237,709,5.0
237,733,4.0
237,780,2.5
237,899,3.5
237,934,3.5
237,953,2.0
237,1060,3.5
237,1094,5.0
237,1097,3.0
237,1131,3.0
237,1148,3.0
237,1172,4.0
237,1183,4.5
237,1186,3.5
237,1197,5.0
237,1206,0.5
237,1220,2.5
237,1235,4.0
237,1237,3.5
237,1240,1.0
237,1247,4.0
237,1265,4.0
237,1271,4.5
237,1285,3.5
237,1302,3.5
237,1307,5.0
237,1333,3.0
237,1380,3.0
237,1393,4.0
237,1407,4.0
237,1408,4.0
237,1500,3.5
237,1569,3.5
237,1573,2.5
237,1610,3.5
237,1625,5.0
237,1639,4.5
237,1682,3.5
237,1701,3.0
237,1704,3.5
237,1747,3.5
237,1754,2.0
237,1777,2.5
237,1801,3.0
237,1961,4.0
237,1968,4.0
237,2018,2.5
237,2028,4.0
237,2054,3.0
237,2059,4.0
237,2072,3.5
237,2081,4.5
237,2085,3.0
237,2094,3.0
237,2096,3.0
237,2123,5.0
237,2135,3.5
237,2137,3.0
237,2141,3.5
237,2161,3.0
237,2174,4.5
237,2193,5.0
237,2268,3.5
237,2291,4.0
237,2294,3.0
237,2297,4.5
237,2302,3.5
237,2355,3.0
237,2384,2.5
237,2396,5.0
237,2398,3.0
237,2420,4.0
237,2424,3.0
237,2431,3.5
237,2463,2.5
237,2485,3.0
237,2497,3.5
237,2502,2.5
237,2506,3.5
237,2539,4.0
237,2572,5.0
237,2617,4.0
237,2671,3.5
237,2683,3.0
237,2692,4.0
237,2699,2.0
237,2706,3.5
237,2710,2.0
237,2716,2.5
237,2746,3.0
237,2762,4.5
237,2805,3.5
237,2858,3.5
237,2908,3.5
237,2918,2.5
237,2959,2.0
237,2987,3.5
237,2997,3.0
237,3020,3.0
237,3033,3.0
237,3034,5.0
237,3052,3.5
237,3078,4.0
237,3097,3.5
237,3114,2.5
237,3147,4.5
237,3148,3.5
237,3160,5.0
237,3174,3.5
237,3176,3.5
237,3186,4.5
237,3247,3.0
237,3253,3.5
237,3257,3.0
237,3258,3.5
237,3299,3.5
237,3301,3.5
237,3408,4.0
237,3418,3.5
237,3450,3.5
237,3466,4.0
237,3481,4.0
237,3526,3.5
237,3528,3.5
237,3536,3.0
237,3566,4.0
237,3578,3.5
237,3624,1.5
237,3671,3.0
237,3753,4.0
237,3785,4.0
237,3791,4.0
237,3793,4.0
237,3809,2.5
237,3844,4.0
237,3882,2.5
237,3897,2.0
237,3948,3.5
237,3988,4.0
237,3994,4.0
237,3996,3.5
237,4014,5.0
237,4018,3.5
237,4022,4.0
237,4027,3.5
237,4054,3.5
237,4061,3.0
237,4148,4.0
237,4226,4.0
237,4246,3.5
237,4299,4.5
237,4306,4.0
237,4308,4.0
237,4326,4.5
237,4447,4.0
237,4679,3.5
237,4718,3.5
237,4874,3.5
237,4886,4.0
237,4963,3.0
237,4973,5.0
237,4975,4.5
237,4980,2.5
237,4993,4.0
237,4995,4.0
237,5013,3.0
237,5135,4.5
237,5218,3.5
237,5299,4.5
237,5377,3.5
237,5382,3.5
237,5459,3.0
237,5524,3.5
237,5584,1.5
237,5610,3.5
237,5618,5.0
237,5669,4.0
237,5902,4.5
237,5945,3.0
237,5952,4.0
237,5992,4.0
237,5994,4.0
237,6016,4.5
237,6218,4.5
237,6333,4.0
237,6377,2.5
237,6378,5.0
237,6535,3.0
237,6539,4.0
237,6552,4.0
237,6711,4.0
237,6796,3.5
237,6832,3.0
237,6881,4.0
237,6951,4.0
237,7139,3.0
237,7147,5.0
237,7149,3.5
237,7151,4.0
237,7154,4.0
237,7346,4.0
237,7361,4.5
237,8622,4.0
237,8644,3.5
237,8873,3.5
237,8961,3.5
237,8973,5.0
237,8981,3.0
237,30812,3.5
237,33669,4.5
238,1,4.0
238,2,3.0
238,3,1.0
238,10,3.0
238,12,1.0
238,13,5.0
238,19,1.5
238,34,1.5
238,36,3.5
238,39,2.5
238,50,5.0
238,58,4.0
238,62,3.0
238,63,2.0
238,88,0.5
238,104,1.5
238,110,4.5
238,135,4.0
238,141,3.5
238,150,4.0
238,158,2.0
238,160,2.5
238,180,3.5
238,185,2.0
238,186,1.5
238,207,4.0
238,208,1.0
238,216,2.0
238,231,1.5
238,239,3.5
238,260,3.0
238,266,4.0
238,267,4.0
238,277,2.5
238,296,2.5
238,316,4.5
238,317,3.0
238,318,5.0
238,329,3.5
238,333,1.0
238,337,2.0
238,339,4.0
238,344,3.0
238,349,3.5
238,353,1.5
238,355,1.5
238,356,4.0
238,362,3.5
238,364,4.5
238,367,3.0
238,370,1.5
238,374,2.0
238,376,3.0
238,377,3.0
238,410,3.5
238,414,4.0
238,432,1.5
238,455,1.0
238,457,4.0
238,480,4.5
238,497,2.0
238,500,4.0
238,520,3.5
238,524,3.0
238,527,4.5
238,529,4.0
238,531,3.0
238,539,3.0
238,543,2.0
238,546,3.0
238,551,4.0
238,585,1.5
238,586,3.0
238,588,5.0
238,589,2.0
238,590,5.0
238,592,4.5
238,593,2.5
238,594,3.0
238,595,4.0
238,596,3.0
238,597,3.5
238,631,3.0
238,637,3.5
238,648,4.0
238,653,3.5
238,673,4.5
238,708,3.0
238,709,5.0
238,720,1.0
238,733,3.0
238,736,2.5
238,741,2.0
238,780,4.5
238,784,1.0
238,788,2.0
238,858,2.5
238,892,3.0
238,904,0.5
238,916,2.5
238,919,4.0
238,920,3.0
238,924,2.0
238,953,3.0
238,986,2.5
238,1012,4.0
238,1013,3.0
238,1017,3.5
238,1019,3.0
238,1022,2.5
238,1025,5.0
238,1027,3.5
238,1028,3.5
238,1029,3.5
238,1030,3.5
238,1032,3.5
238,1033,3.5
238,1035,3.5
238,1042,3.0
238,1049,1.5
238,1079,3.0
238,1080,3.0
238,1089,2.0
238,1097,4.0
238,1101,5.0
238,1127,4.5
238,1136,4.5
238,1148,1.0
238,1193,3.5
238,1196,3.5
238,1197,3.5
238,1198,4.5
238,1207,3.5
238,1208,1.5
238,1210,4.5
238,1215,2.0
238,1219,2.0
238,1221,3.0
238,1233,4.0
238,1240,3.0
238,1242,3.0
238,1246,4.0
238,1250,3.0
238,1258,2.0
238,1261,2.0
238,1262,5.0
238,1263,1.0
238,1265,0.5
238,1270,3.5
238,1271,1.0
238,1278,4.0
238,1282,3.0
238,1288,2.0
238,1291,5.0
238,1293,3.0
238,1302,5.0
238,1304,4.5
238,1356,4.0
238,1367,2.5
238,1371,3.0
238,1372,3.0
238,1373,2.0
238,1374,3.0
238,1375,3.0
238,1376,2.5
238,1380,3.5
238,1387,2.5
238,1391,1.5
238,1393,2.0
238,1408,4.0
238,1479,4.5
238,1485,2.0
238,1517,0.5
238,1569,2.5
238,1580,4.0
238,1584,4.0
238,1586,4.0
238,1597,3.5
238,1608,4.5
238,1610,4.5
238,1639,3.0
238,1641,3.0
238,1674,3.0
238,1676,4.0
238,1682,2.5
238,1704,4.0
238,1721,2.0
238,1722,3.5
238,1732,2.0
238,1777,3.5
238,1826,0.5
238,1873,5.0
238,1876,2.0
238,1895,3.5
238,1907,5.0
238,1917,3.5
238,1954,2.5
238,1961,2.5
238,1962,1.0
238,1967,4.0
238,1968,4.0
238,1994,1.5
238,1997,1.0
238,2000,3.0
238,2003,0.5
238,2005,3.0
238,2006,4.0
238,2011,3.0
238,2012,2.5
238,2015,3.0
238,2018,3.0
238,2023,3.0
238,2028,4.5
238,2036,0.5
238,2052,3.0
238,2053,0.5
238,2054,3.0
238,2058,4.0
238,2059,1.5
238,2078,4.0
238,2080,4.0
238,2081,3.5
238,2082,3.0
238,2083,3.0
238,2085,3.0
238,2087,4.0
238,2089,5.0
238,2090,5.0
238,2094,2.5
238,2096,3.5
238,2115,4.0
238,2123,5.0
238,2125,3.0
238,2137,3.5
238,2139,4.0
238,2140,5.0
238,2141,5.0
238,2142,2.0
238,2150,4.0
238,2152,1.0
238,2161,5.0
238,2162,4.0
238,2163,4.0
238,2174,3.0
238,2268,4.0
238,2355,3.5
238,2359,1.5
238,2393,3.5
238,2395,0.5
238,2396,4.0
238,2398,3.0
238,2406,5.0
238,2413,3.0
238,2420,3.0
238,2421,1.5
238,2424,3.5
238,2431,2.0
238,2470,4.0
238,2501,4.0
238,2502,0.5
238,2539,3.0
238,2571,4.5
238,2572,4.0
238,2581,3.0
238,2596,4.5
238,2605,4.5
238,2617,3.5
238,2628,2.5
238,2657,5.0
238,2671,3.0
238,2683,0.5
238,2687,3.5
238,2694,1.0
238,2700,4.0
238,2701,2.0
238,2706,1.5
238,2713,2.0
238,2716,4.0
238,2723,2.0
238,2724,2.5
238,2746,1.0
238,2761,3.0
238,2762,4.0
238,2763,1.5
238,2788,3.0
238,2797,2.5
238,2804,4.0
238,2826,4.0
238,2858,4.0
238,2881,5.0
238,2890,0.5
238,2916,2.5
238,2918,3.5
238,2924,4.5
238,2947,3.5
238,2953,1.0
238,2959,3.5
238,3033,3.0
238,3034,5.0
238,3052,4.0
238,3071,5.0
238,3082,5.0
238,3100,4.0
238,3114,3.5
238,3147,4.0
238,3155,2.0
238,3159,2.0
238,3173,3.0
238,3175,3.0
238,3176,0.5
238,3189,4.0
238,3253,2.0
238,3255,3.5
238,3275,1.0
238,3300,4.0
238,3317,5.0
238,3358,3.5
238,3408,4.0
238,3448,5.0
238,3478,4.0
238,3484,4.5
238,3489,3.5
238,3494,3.0
238,3527,2.5
238,3555,3.5
238,3578,4.5
238,3593,0.5
238,3623,3.0
238,3694,3.0
238,3703,1.5
238,3745,5.0
238,3751,5.0
238,3752,3.5
238,3753,1.0
238,3754,4.5
238,3755,2.0
238,3793,4.0
238,3825,4.0
238,3861,4.0
238,3882,1.5
238,3911,1.0
238,3916,3.0
238,3948,1.5
238,3964,2.0
238,3972,4.5
238,3977,2.0
238,3993,1.5
238,3996,2.0
238,4011,1.0
238,4014,4.0
238,4016,4.0
238,4018,3.5
238,4025,4.5
238,4034,3.5
238,4085,2.0
238,4090,3.0
238,4105,3.0
238,4149,2.0
238,4306,4.5
238,4321,4.0
238,4356,2.0
238,4370,3.5
238,4519,5.0
238,4571,3.0
238,4703,3.5
238,4720,2.0
238,4734,2.0
238,4776,4.0
238,4799,3.0
238,4848,0.5
238,4886,4.5
238,4896,4.0
238,4963,4.0
238,4979,0.5
238,4993,3.5
238,5010,4.0
238,5060,4.0
238,5103,4.0
238,5159,4.0
238,5218,5.0
238,5265,3.5
238,5267,3.0
238,5283,3.0
238,5299,5.0
238,5305,2.5
238,5349,4.0
238,5378,3.0
238,5420,3.5
238,5444,3.0
238,5445,4.5
238,5481,0.5
238,5502,4.0
238,5574,4.0
238,5582,0.5
238,5598,1.5
238,5621,2.0
238,5669,4.0
238,5705,2.5
238,5747,3.0
238,5816,4.0
238,5873,1.5
238,5903,5.0
238,5952,4.0
238,5958,3.5
238,5989,2.0
238,5991,3.5
238,5995,1.0
238,6156,2.0
238,6166,1.5
238,6294,3.5
238,6297,4.0
238,6333,4.0
238,6365,4.0
238,6377,5.0
238,6378,4.0
238,6539,4.0
238,6618,4.0
238,6662,2.0
238,6663,2.0
238,6743,4.0
238,6753,5.0
238,6755,3.5
238,6781,1.5
238,6807,3.0
238,6870,3.5
238,6879,3.0
238,6889,4.0
238,6942,3.5
238,7004,3.0
238,7090,3.5
238,7153,3.5
238,7173,3.5
238,7174,0.5
238,7323,4.5
238,7481,4.0
238,7579,2.5
238,7757,3.0
238,7842,3.5
238,7888,1.5
238,8132,4.0
238,8360,3.5
238,8368,4.0
238,8376,0.5
238,8464,4.0
238,8529,3.0
238,8596,2.0
238,8607,4.5
238,8636,4.0
238,8644,4.0
238,8661,4.0
238,8784,3.0
238,8796,2.5
238,8907,3.0
238,8910,0.5
238,8949,1.0
238,8961,5.0
238,8970,3.0
238,8972,4.0
238,30707,2.0
238,30816,3.0
238,30848,2.0
238,31685,3.5
238,31694,3.5
238,32031,5.0
238,33004,4.0
238,33493,3.5
238,33794,4.5
239,10,3.0
239,14,4.5
239,16,3.0
239,32,5.0
239,47,3.0
239,70,1.0
239,110,3.0
239,111,4.5
239,150,4.5
239,157,1.5
239,173,3.5
239,175,2.5
239,180,1.5
239,208,3.0
239,223,1.5
239,235,4.5
239,247,3.5
239,253,3.5
239,260,4.5
239,273,2.5
239,282,2.5
239,292,2.0
239,293,4.5
239,296,3.5
239,316,1.0
239,318,4.5
239,327,2.0
239,329,2.5
239,349,2.5
239,355,0.5
239,356,2.5
239,377,3.5
239,457,3.5
239,480,2.0
239,491,3.0
239,497,2.5
239,527,3.5
239,541,5.0
239,553,3.5
239,562,2.0
239,589,5.0
239,590,5.0
239,592,1.5
239,593,4.0
239,596,3.5
239,608,2.0
239,610,2.5
239,671,2.0
239,674,2.0
239,714,3.0
239,736,1.5
239,750,5.0
239,780,1.0
239,788,2.0
239,799,2.0
239,849,3.5
239,858,3.5
239,898,3.0
239,904,4.0
239,905,3.5
239,908,3.0
239,919,4.5
239,920,5.0
239,922,3.0
239,923,5.0
239,924,4.5
239,930,3.0
239,940,3.5
239,951,3.0
239,953,5.0
239,954,4.0
239,955,4.5
239,1009,2.0
239,1019,2.5
239,1023,3.5
239,1032,3.0
239,1035,3.0
239,1073,3.5
239,1077,3.0
239,1080,3.5
239,1093,3.0
239,1097,2.0
239,1101,2.0
239,1125,4.0
239,1127,0.5
239,1129,3.5
239,1132,3.0
239,1136,5.0
239,1178,4.0
239,1193,3.5
239,1194,2.5
239,1196,5.0
239,1197,2.0
239,1198,4.0
239,1199,5.0
239,1200,4.5
239,1203,5.0
239,1204,4.5
239,1206,4.5
239,1207,4.0
239,1208,5.0
239,1210,2.0
239,1212,4.5
239,1213,4.5
239,1214,4.5
239,1217,3.0
239,1219,3.5
239,1220,3.5
239,1221,3.0
239,1222,4.5
239,1224,2.5
239,1228,4.0
239,1231,3.0
239,1233,5.0
239,1237,3.5
239,1240,4.0
239,1243,1.5
239,1248,5.0
239,1252,4.0
239,1253,2.5
239,1254,4.5
239,1255,1.0
239,1256,4.0
239,1258,4.0
239,1260,4.0
239,1262,3.5
239,1265,4.5
239,1269,4.0
239,1270,5.0
239,1272,4.0
239,1274,3.5
239,1278,4.5
239,1281,3.5
239,1282,3.0
239,1284,4.0
239,1287,3.0
239,1288,3.5
239,1291,2.5
239,1292,2.5
239,1298,2.5
239,1301,4.0
239,1320,1.0
239,1334,2.0
239,1339,2.0
239,1340,4.5
239,1343,2.5
239,1350,3.0
239,1356,3.0
239,1371,4.0
239,1372,3.0
239,1373,0.5
239,1374,2.5
239,1375,2.5
239,1376,3.0
239,1387,3.5
239,1391,2.0
239,1464,1.0
239,1527,2.5
239,1584,4.0
239,1587,3.5
239,1608,4.5
239,1610,3.5
239,1619,2.0
239,1639,3.5
239,1653,2.5
239,1663,4.0
239,1676,4.0
239,1682,3.0
239,1693,2.5
239,1704,3.5
239,1721,5.0
239,1722,3.0
239,1732,2.0
239,1748,2.0
239,1831,2.0
239,1884,4.5
239,1921,0.5
239,1945,2.5
239,1957,3.0
239,1960,3.0
239,1961,4.5
239,1994,2.5
239,2009,3.0
239,2010,4.5
239,2011,2.0
239,2012,3.0
239,2013,3.0
239,2019,5.0
239,2021,2.5
239,2022,3.5
239,2023,3.0
239,2028,4.0
239,2064,4.0
239,2067,3.0
239,2076,4.0
239,2088,2.5
239,2105,2.5
239,2109,2.5
239,2115,2.0
239,2116,1.5
239,2117,2.0
239,2124,3.0
239,2136,4.5
239,2138,3.0
239,2140,2.5
239,2150,4.0
239,2176,4.0
239,2186,4.0
239,2203,4.0
239,2288,4.5
239,2301,2.0
239,2311,1.5
239,2313,4.5
239,2363,2.5
239,2366,4.0
239,2369,2.5
239,2376,3.0
239,2378,2.0
239,2393,2.0
239,2398,3.5
239,2403,2.5
239,2407,2.5
239,2416,3.0
239,2450,1.0
239,2454,2.5
239,2455,3.0
239,2459,2.5
239,2495,4.0
239,2527,3.0
239,2528,2.5
239,2529,4.5
239,2533,3.0
239,2571,3.5
239,2628,3.0
239,2640,4.0
239,2641,3.0
239,2648,4.5
239,2660,2.5
239,2662,3.0
239,2665,2.0
239,2681,0.5
239,2700,2.5
239,2712,5.0
239,2716,3.5
239,2717,2.0
239,2726,4.0
239,2727,2.5
239,2728,3.5
239,2729,2.0
239,2730,4.0
239,2761,3.0
239,2788,3.0
239,2804,4.0
239,2808,1.5
239,2848,4.5
239,2857,3.0
239,2858,0.5
239,2863,3.5
239,2872,3.0
239,2890,2.0
239,2901,2.5
239,2905,2.0
239,2919,2.5
239,2935,4.0
239,2936,4.0
239,2947,4.0
239,2948,4.0
239,2949,4.0
239,2950,1.5
239,2966,4.0
239,2968,4.0
239,2970,4.5
239,2987,3.0
239,2989,3.0
239,2990,3.0
239,2991,3.0
239,2993,3.0
239,3002,2.5
239,3016,2.5
239,3022,4.0
239,3030,3.0
239,3032,3.5
239,3033,2.0
239,3037,3.5
239,3044,2.5
239,3052,0.5
239,3070,2.0
239,3072,3.0
239,3081,2.0
239,3082,3.0
239,3091,2.5
239,3095,4.0
239,3098,2.5
239,3108,5.0
239,3147,4.5
239,3159,2.0
239,3168,2.0
239,3174,3.0
239,3175,3.5
239,3196,5.0
239,3210,3.0
239,3256,3.0
239,3262,2.0
239,3310,5.0
239,3334,4.0
239,3337,3.5
239,3354,1.5
239,3362,3.5
239,3375,2.0
239,3386,5.0
239,3396,3.0
239,3441,2.0
239,3461,3.0
239,3462,5.0
239,3470,3.0
239,3471,3.0
239,3476,2.5
239,3489,1.5
239,3499,2.5
239,3503,2.0
239,3552,3.0
239,3555,1.0
239,3559,3.5
239,3578,2.5
239,3593,0.5
239,3608,2.5
239,3629,3.0
239,3632,3.5
239,3635,3.0
239,3638,2.0
239,3639,3.0
239,3640,3.0
239,3671,3.0
239,3676,2.5
239,3686,2.5
239,3699,2.0
239,3702,3.0
239,3703,4.5
239,3704,2.5
239,3740,3.5
239,3755,2.5
239,3793,1.0
239,3926,2.0
239,3927,3.0
239,3932,3.5
239,3959,2.5
239,3984,4.0
239,4006,1.5
239,4008,3.0
239,4022,4.0
239,4033,2.5
239,4079,1.0
239,4085,3.0
239,4148,2.5
239,4176,3.0
239,4226,3.5
239,4239,2.5
239,4308,2.0
239,4370,3.5
239,4415,1.5
239,4416,4.0
239,4443,3.0
239,4446,2.0
239,4467,4.5
239,4533,3.0
239,4571,2.5
239,4591,1.0
239,4643,1.5
239,4713,1.5
239,4799,5.0
239,4813,2.5
239,4834,1.5
239,4848,1.5
239,4865,2.0
239,4878,2.0
239,4896,4.0
239,4911,2.5
239,4939,2.5
239,4963,4.5
239,4966,3.0
239,4980,2.0
239,4993,4.0
239,5002,1.0
239,5010,3.5
239,5060,3.0
239,5121,2.5
239,5152,3.5
239,5177,4.5
239,5200,2.5
239,5291,3.0
239,5349,1.0
239,5378,2.0
239,5410,2.0
239,5418,3.5
239,5428,1.0
239,5445,2.5
239,5489,3.0
239,5498,5.0
239,5544,3.5
239,5640,2.5
239,5669,3.0
239,5796,2.0
239,5810,3.5
239,5816,2.5
239,5853,2.5
239,5872,3.0
239,5881,1.5
239,5944,2.5
239,5952,3.5
239,5956,0.5
239,5983,1.5
239,5995,4.5
239,6001,3.0
239,6104,3.0
239,6172,3.0
239,6184,2.5
239,6270,2.0
239,6303,4.0
239,6305,2.5
239,6365,2.5
239,6460,4.5
239,6526,3.0
239,6533,3.0
239,6537,3.0
239,6539,2.0
239,6645,3.5
239,6669,5.0
239,6711,1.0
239,6724,4.5
239,6774,2.0
239,6787,3.5
239,6807,3.0
239,6874,4.5
239,6934,2.5
239,6983,4.5
239,7044,3.0
239,7063,5.0
239,7104,2.5
239,7128,2.5
239,7153,4.5
239,7236,2.0
239,7285,2.0
239,7288,3.5
239,7290,2.0
239,7355,2.5
239,7361,4.0
239,7373,2.5
239,7386,5.0
239,7438,3.5
239,7560,2.5
239,7569,3.0
239,7700,4.0
239,7766,3.0
239,7842,1.0
239,7919,5.0
239,7924,5.0
239,7925,3.0
239,7926,4.0
239,8042,2.0
239,8292,3.0
239,8338,4.5
239,8368,3.0
239,8516,4.5
239,8600,4.5
239,8622,2.5
239,8636,0.5
239,8644,1.5
239,8665,2.5
239,8740,4.0
239,8787,2.0
239,8788,2.0
239,8865,3.0
239,8880,2.5
239,8917,2.5
239,8950,0.5
239,8970,2.5
239,8984,2.0
239,25753,5.0
239,25788,4.0
239,25825,3.5
239,25905,2.0
239,25927,3.5
239,25938,2.5
239,25940,3.5
239,25964,2.5
239,26002,5.0
239,26064,2.5
239,26124,2.5
239,26222,1.0
239,26242,4.0
239,26285,4.0
239,26320,2.0
239,26326,0.5
239,26365,2.0
239,26467,3.5
239,26492,2.5
239,26554,1.5
239,26603,1.5
239,27660,1.0
239,27793,2.0
239,27904,2.5
239,30701,5.0
239,30793,3.5
239,30812,4.5
239,31042,4.0
239,31150,1.5
239,31251,2.0
239,31347,4.0
239,31547,3.0
239,31647,2.0
239,32587,4.5
239,32799,5.0
239,32825,1.0
239,32834,3.5
239,33004,1.0
239,33072,5.0
239,33493,3.0
239,33794,1.5
239,34048,2.5
239,34306,3.0
239,34405,1.0
239,34542,4.0
239,36401,2.5
239,37830,1.5
239,39474,2.5
239,40815,3.0
239,41569,2.0
239,41997,3.0
239,44191,4.0
239,46530,1.0
239,47287,4.0
239,47465,4.0
239,47997,2.0
239,48394,2.0
239,48774,4.0
239,49272,4.5
239,49932,0.5
239,50872,2.5
239,51255,3.5
239,51662,3.0
239,51698,2.0
239,52281,2.5
239,52328,1.0
239,53322,2.5
239,53550,2.5
239,53737,2.0
239,53996,1.0
239,54001,2.5
239,54272,2.5
239,54286,2.5
239,54995,1.0
239,56145,2.5
239,56174,2.5
239,57504,2.0
239,57640,3.0
239,58059,2.5
239,58559,2.0
239,59615,2.0
239,60069,5.0
239,60333,3.0
239,60484,2.5
239,60684,2.0
239,63082,3.0
239,64499,4.5
239,64501,4.5
239,64957,4.5
239,67869,2.0
239,68157,3.5
239,68237,3.0
239,68358,3.5
239,68791,0.5
239,69233,2.5
239,69951,3.0
239,70286,3.5
239,70804,5.0
239,70833,2.5
239,71011,2.0
239,71743,4.0
239,72209,1.5
239,72378,2.0
239,72703,2.5
239,72998,5.0
239,73449,2.0
239,74458,2.5
239,76077,1.0
239,79132,2.0
239,79925,3.5
239,80191,2.0
239,80219,4.0
239,82461,2.0
239,84496,1.0
239,84832,3.0
239,84871,0.5
239,85131,1.0
239,85205,5.0
239,85796,0.5
240,2,4.5
240,10,2.5
240,16,3.5
240,44,0.5
240,47,4.0
240,50,4.0
240,110,4.0
240,111,3.5
240,145,3.0
240,153,2.5
240,165,3.5
240,215,4.5
240,231,1.0
240,260,4.5
240,293,4.5
240,296,4.5
240,318,4.0
240,344,2.0
240,356,3.5
240,361,4.0
240,367,4.0
240,480,4.0
240,500,3.5
240,527,3.5
240,539,4.0
240,541,5.0
240,586,3.0
240,587,3.5
240,589,3.5
240,592,3.0
240,593,3.0
240,608,4.5
240,784,2.0
240,786,2.0
240,858,4.5
240,904,4.0
240,924,4.0
240,1036,4.5
240,1080,4.5
240,1089,4.5
240,1101,4.5
240,1136,4.0
240,1193,3.5
240,1196,4.5
240,1201,4.5
240,1203,3.5
240,1206,3.5
240,1210,4.0
240,1213,4.0
240,1221,4.0
240,1230,4.0
240,1240,3.0
240,1244,4.0
240,1246,4.0
240,1247,4.0
240,1258,4.5
240,1265,4.0
240,1270,4.5
240,1291,3.5
240,1307,4.5
240,1370,4.0
240,1377,3.5
240,1466,4.5
240,1485,3.0
240,1580,4.5
240,1625,4.5
240,1645,4.5
240,1653,3.0
240,1682,5.0
240,1704,4.5
240,1707,1.5
240,1721,3.0
240,1722,2.5
240,1732,3.5
240,1784,4.5
240,1835,4.5
240,1954,4.0
240,1961,4.0
240,1968,4.5
240,2000,4.0
240,2006,2.0
240,2011,4.5
240,2012,4.0
240,2019,3.5
240,2028,3.5
240,2115,4.0
240,2167,3.0
240,2248,4.0
240,2291,4.0
240,2324,4.0
240,2340,2.5
240,2403,3.0
240,2404,2.5
240,2410,2.5
240,2411,2.5
240,2420,3.0
240,2424,4.0
240,2539,4.5
240,2571,4.0
240,2617,3.0
240,2628,4.0
240,2671,4.0
240,2701,2.0
240,2706,1.5
240,2716,3.0
240,2717,3.0
240,2762,3.0
240,2791,4.0
240,2797,3.0
240,2918,3.5
240,2947,3.0
240,2949,3.0
240,2951,4.0
240,2953,3.0
240,2959,4.0
240,2985,2.0
240,3114,2.0
240,3147,4.0
240,3252,5.0
240,3257,2.5
240,3408,3.0
240,3448,3.5
240,3481,5.0
240,3578,4.5
240,3681,4.0
240,3793,3.0
240,3949,4.0
240,3994,3.5
240,4011,3.5
240,4014,4.0
240,4018,2.5
240,4022,5.0
240,4085,3.0
240,4155,3.5
240,4226,4.5
240,4262,3.5
240,4270,3.0
240,4369,1.0
240,4639,3.0
240,4718,1.5
240,4776,4.0
240,4816,0.5
240,4823,3.0
240,4886,2.0
240,4896,4.5
240,4963,3.0
240,4973,3.5
240,4975,4.0
240,4992,3.5
240,4993,4.5
240,4995,4.0
240,5218,3.0
240,5254,3.0
240,5266,4.0
240,5349,3.0
240,5377,3.5
240,5378,4.0
240,5418,3.5
240,5445,4.0
240,5449,0.5
240,5459,4.0
240,5541,1.5
240,5574,2.5
240,5618,5.0
240,5810,3.5
240,5816,4.0
240,5900,3.5
240,5903,4.0
240,5952,5.0
240,5957,2.5
240,5989,4.0
240,5995,4.0
240,6155,2.0
240,6281,3.0
240,6287,1.0
240,6333,4.0
240,6365,3.0
240,6373,3.0
240,6377,3.0
240,6378,3.5
240,6534,1.5
240,6539,4.0
240,6548,1.5
240,6586,1.5
240,6711,4.5
240,6754,3.0
240,6863,3.0
240,6874,4.5
240,6934,3.0
240,6942,3.5
240,7153,5.0
240,7254,4.0
240,7293,1.0
240,7317,3.0
240,7361,3.5
240,7373,4.0
240,7438,5.0
240,7458,3.0
240,8360,1.5
240,8368,4.0
240,8529,4.5
240,8533,4.0
240,8636,3.0
240,8638,4.5
240,8641,1.0
240,8644,3.5
240,8665,3.5
240,8784,4.0
240,8807,4.0
240,8874,5.0
240,8950,3.5
240,8957,2.0
240,8984,3.0
240,27660,3.5
240,27773,4.0
240,27788,4.0
240,27808,1.5
240,30707,4.0
240,31685,3.0
240,31696,4.0
240,32296,3.0
240,32587,4.5
240,33004,3.5
240,33162,4.5
240,33493,4.5
240,33646,0.5
240,33660,4.0
240,33679,3.5
240,33794,4.5
240,34150,1.5
240,34162,3.0
240,35836,3.0
240,36519,2.5
240,36529,3.5
240,38061,4.0
240,40815,4.0
240,42011,3.5
240,42738,2.0
240,44191,4.0
240,44195,0.5
240,45499,3.0
240,45501,2.0
240,45668,3.0
240,45672,1.0
240,45722,3.5
240,46335,2.5
240,46723,2.0
240,46972,3.5
240,46976,5.0
240,47610,3.5
240,49272,4.5
240,49278,3.5
240,49286,3.5
240,50872,4.0
240,51077,1.0
240,51086,4.0
240,51255,5.0
240,51540,1.0
240,51662,3.0
240,52722,1.0
240,52973,2.0
240,53121,0.5
240,53125,3.0
240,53318,3.5
240,53322,3.0
240,53953,4.5
240,53972,1.5
240,53993,0.5
240,53996,2.0
240,54001,4.0
240,54004,0.5
240,54190,4.0
240,54276,4.5
240,54286,4.0
240,54503,3.5
240,54648,1.5
240,55118,4.5
240,55232,2.0
240,55247,4.5
240,55280,3.0
240,55765,3.5
240,55820,3.5
240,55830,3.5
240,56156,0.5
240,56174,4.0
240,56587,4.0
240,56782,3.5
240,56941,3.0
240,56949,1.0
240,57669,5.0
240,58025,2.5
240,58295,2.5
240,58559,4.5
240,58803,3.0
240,58998,4.5
240,59315,3.0
240,59369,3.5
240,59421,2.5
240,59615,3.0
240,59784,2.0
240,59900,0.5
240,60040,1.0
240,60069,4.0
240,60072,2.5
240,60074,3.0
240,60126,3.5
240,60684,4.5
240,60756,1.5
240,60950,4.0
240,61024,4.0
240,61132,4.5
240,61729,4.0
240,62155,4.5
240,62849,1.5
240,63082,2.0
240,63113,3.5
240,63131,2.0
240,63436,0.5
240,63992,1.5
240,64614,3.0
240,64716,4.0
240,64839,3.5
240,64957,4.5
240,64969,3.0
240,65514,2.0
240,66171,2.0
240,66203,2.5
240,66509,0.5
240,67087,3.5
240,67734,3.5
240,67788,2.0
240,67923,1.0
240,68073,4.5
240,68157,4.5
240,68205,2.5
240,68319,4.0
240,68358,4.0
240,68554,4.0
240,68954,3.0
240,69122,2.0
240,69406,3.0
240,69526,0.5
240,69604,3.5
240,69640,3.5
240,69757,4.0
240,69844,4.0
240,70183,0.5
240,70286,3.5
240,70293,4.5
240,70599,3.5
240,71254,0.5
240,71379,2.5
240,71535,4.0
240,71668,2.0
240,72011,3.0
240,72378,1.0
240,72407,0.5
240,72998,4.0
240,73017,3.0
240,73321,4.0
240,73881,0.5
240,74458,3.5
240,74545,4.0
240,74946,2.5
240,75985,3.5
240,76077,4.5
240,76093,3.0
240,76251,4.0
240,77561,3.0
240,78039,4.0
240,78105,0.5
240,78209,2.0
240,78499,2.0
240,78772,0.5
240,78893,0.5
240,79091,3.0
240,79132,4.0
240,79224,0.5
240,79293,0.5
240,79357,2.5
240,79428,2.5
240,79592,4.0
240,79702,5.0
240,80241,3.0
240,80463,2.5
240,80549,2.0
240,80551,2.0
240,80693,4.5
240,81537,2.5
240,81562,3.5
240,81591,3.5
240,81784,4.0
240,81834,4.0
240,81845,4.0
240,82093,5.0
240,82167,2.0
240,82202,3.5
240,84152,4.0
240,84374,3.0
240,84954,4.0
240,85020,2.0
240,85022,1.5
240,85367,0.5
240,85510,3.5
240,86332,2.0
240,86345,4.0
240,86644,1.5
240,86880,3.0
240,86882,5.0
240,86911,1.0
240,87430,1.0
240,87869,2.5
240,88125,3.5
240,88140,3.0
240,88163,4.0
240,88405,3.0
240,88744,3.5
240,89492,3.5
240,89745,3.0
240,89804,3.0
240,90405,4.0
240,90866,1.5
240,91500,3.0
240,91529,4.5
240,91542,3.0
240,91743,4.5
240,91974,2.5
240,92259,5.0
240,92439,4.5
240,92509,1.5
240,93510,4.0
240,93766,2.5
240,94266,2.0
240,94677,1.5
240,94777,3.5
240,95067,2.5
240,95088,4.0
240,95309,4.5
240,95441,3.0
240,95873,4.5
240,96079,4.0
240,96588,2.5
240,96821,4.5
240,96861,1.0
240,97752,3.0
240,97921,4.5
240,97923,3.0
240,97938,3.5
240,98809,2.5
240,99112,4.0
240,99114,3.5
240,99117,2.0
240,100302,3.0
240,100714,4.5
240,101864,3.5
240,102123,4.0
240,102407,3.0
240,102445,4.0
240,102481,2.5
240,102686,1.0
240,102993,4.0
240,103249,2.5
240,103341,5.0
240,103372,4.0
240,103772,3.0
240,103810,3.0
240,104076,1.0
240,104374,5.0
240,104841,4.5
240,104913,4.0
240,105653,2.5
240,106072,1.5
240,106487,3.0
240,106489,2.5
240,106540,3.0
240,106782,2.5
240,106918,4.5
240,106920,4.5
240,107406,4.0
240,108156,3.5
240,108190,1.0
240,109181,2.5
240,109374,4.0
240,109487,5.0
240,109850,0.5
240,110553,3.0
240,110730,2.0
240,111113,2.5
240,111360,2.5
240,111362,3.0
240,111443,4.5
240,111622,4.0
240,111743,4.0
240,111759,5.0
240,111921,3.5
240,112138,4.0
240,112171,3.5
240,112183,2.5
240,112552,4.5
240,112556,3.0
240,112623,3.5
240,112788,0.5
240,112852,3.0
240,113275,4.5
240,114180,1.0
240,114265,3.0
240,114678,4.5
240,115122,4.5
240,115149,4.0
240,115210,2.0
240,115713,4.0
240,116797,4.0
240,117176,4.0
240,117529,1.5
240,118696,2.0
240,119141,1.0
240,119145,4.0
240,119155,3.0
240,122882,4.0
240,122886,2.5
240,122890,1.5
240,122896,2.5
240,122898,2.0
240,122904,3.5
240,122910,0.5
240,122912,2.5
240,122914,3.0
240,122916,0.5
240,122918,3.0
240,122922,4.0
240,122924,2.0
240,122926,3.5
240,127202,4.5
240,128360,4.5
240,128512,1.0
240,128975,2.0
240,129354,3.5
240,130634,2.5
240,131013,1.5
240,133419,2.0
240,134130,4.5
240,134368,3.0
240,134528,4.0
240,135141,1.5
240,135143,3.5
240,135861,2.0
240,136020,4.0
240,136864,1.5
240,138036,4.5
240,139385,2.0
240,140110,1.5
240,141688,3.0
240,142536,5.0
240,143345,2.5
240,143387,1.0
240,146656,1.5
240,148626,3.5
240,151315,3.5
240,151739,3.0
240,152081,3.0
240,156609,2.0
240,157699,1.5
240,158238,4.0
240,159093,2.0
240,160271,2.5
240,160438,3.5
240,160567,3.0
240,161131,3.0
240,165101,2.5
240,166528,3.0
240,166534,4.0
240,166635,3.5
240,167018,1.0
240,168248,3.5
240,168252,4.5
240,168418,1.0
240,168612,1.5
240,170875,2.0
240,171763,3.5
240,173941,2.5
240,174055,4.5
240,175303,3.0
240,175661,3.5
240,176101,2.5
240,176371,5.0
240,179401,2.0
240,184471,1.0
240,185029,3.5
240,187593,3.5
240,189331,1.0
240,189333,4.0
240,189363,0.5
240,192389,2.0
240,192697,3.5
240,192803,4.0
240,194448,3.5
240,194951,3.0
240,195159,4.5
240,196889,3.0
240,196997,2.5
240,197175,3.5
240,197199,0.5
240,200110,2.5
240,200818,3.0
240,200838,3.0
240,201773,3.5
240,201811,4.5
240,202429,3.5
240,203375,4.0
240,204698,3.5
240,205441,2.0
240,208205,2.5
240,210569,0.5
240,218537,3.5
240,221576,3.5
240,224280,4.0
240,226202,2.5
240,243642,2.0
240,251086,0.5
240,251606,2.0
240,254726,3.0
240,261759,2.5
240,263007,4.0
240,263965,4.0
240,268642,4.0
240,270696,3.0
240,271232,2.0
240,272525,2.0
240,274053,5.0
240,274971,0.5
241,32,3.5
241,145,3.0
241,208,4.0
241,356,3.5
241,527,5.0
241,589,3.5
241,780,3.0
241,788,3.0
241,858,4.0
241,1036,3.5
241,1240,3.5
241,1270,4.5
241,1391,2.5
241,1517,3.0
241,1580,4.0
241,1721,3.0
241,1882,3.0
241,1954,4.0
241,2000,4.0
241,2001,3.5
241,2011,3.5
241,2012,3.5
241,2054,3.0
241,2529,3.5
241,2617,3.0
241,2641,2.5
241,2683,1.5
241,2716,2.0
241,2722,2.5
241,2985,3.0
241,2986,2.0
241,3703,3.5
241,3793,4.0
241,5349,3.0
241,5459,3.5
241,6333,3.5
241,6539,4.0
241,6874,3.0
241,7373,3.0
241,8636,3.5
241,8644,4.0
241,31410,4.0
241,34048,3.0
241,45499,3.5
241,51077,2.5
241,52694,3.0
241,53993,2.5
241,53996,3.0
241,54648,3.5
241,56176,3.0
241,56801,3.0
241,57528,3.0
241,58025,4.0
241,58315,2.5
241,59315,4.0
241,60074,4.0
241,61350,3.5
241,68205,3.5
241,68791,3.5
241,69526,3.0
241,70336,3.0
241,71254,3.5
241,72998,3.5
241,73321,4.5
241,74458,4.5
241,74530,3.0
241,77561,3.5
241,79091,4.0
241,79132,4.0
241,79224,3.5
241,93988,3.5
241,111130,4.5
242,1,3.5
242,47,4.5
242,48,4.0
242,110,2.5
242,253,4.0
242,260,4.5
242,296,0.5
242,318,4.0
242,337,3.0
242,356,4.0
242,357,4.0
242,364,4.5
242,480,4.0
242,500,3.0
242,508,3.0
242,509,3.0
242,527,4.0
242,541,3.0
242,583,4.0
242,588,3.0
242,593,4.0
242,594,2.0
242,595,3.0
242,596,1.0
242,597,2.5
242,616,4.0
242,661,2.5
242,709,2.5
242,778,2.0
242,783,4.0
242,858,5.0
242,1025,4.0
242,1029,1.0
242,1032,1.5
242,1033,2.5
242,1059,5.0
242,1079,2.0
242,1088,4.0
242,1183,5.0
242,1193,3.0
242,1196,4.5
242,1206,2.5
242,1210,3.5
242,1221,3.5
242,1225,3.5
242,1246,4.0
242,1258,3.0
242,1270,3.0
242,1282,2.5
242,1307,4.0
242,1367,3.0
242,1380,4.0
242,1411,3.0
242,1527,1.0
242,1566,4.0
242,1619,3.5
242,1645,2.5
242,1682,4.5
242,1704,3.0
242,1721,5.0
242,1801,3.0
242,1907,4.5
242,1923,2.5
242,1968,1.5
242,2018,1.5
242,2020,3.0
242,2023,4.0
242,2028,3.0
242,2059,2.0
242,2078,2.5
242,2080,2.5
242,2081,3.0
242,2085,3.5
242,2087,2.0
242,2096,3.5
242,2161,4.0
242,2324,5.0
242,2329,3.5
242,2336,3.0
242,2337,2.0
242,2340,2.0
242,2352,5.0
242,2355,3.0
242,2431,3.5
242,2467,2.0
242,2571,5.0
242,2628,4.0
242,2671,3.0
242,2692,2.5
242,2710,3.0
242,2712,3.0
242,2730,2.5
242,2762,4.0
242,2858,3.5
242,2942,3.0
242,2959,5.0
242,3006,2.0
242,3034,4.0
242,3101,3.0
242,3114,3.0
242,3147,5.0
242,3160,3.5
242,3176,2.5
242,3186,3.0
242,3285,4.0
242,3448,3.5
242,3451,3.0
242,3510,3.0
242,3535,4.0
242,3578,5.0
242,3785,0.5
242,3791,4.0
242,3793,3.5
242,3825,3.0
242,3996,4.5
242,4014,3.0
242,4022,3.0
242,4027,2.0
242,4054,1.5
242,4069,2.0
242,4148,3.0
242,4226,5.0
242,4246,5.0
242,4299,3.0
242,4306,3.0
242,4308,5.0
242,4310,3.5
242,4344,1.5
242,4700,1.5
242,4720,5.0
242,4878,5.0
242,4886,3.5
242,4896,3.0
242,4963,4.0
242,4973,5.0
242,4975,4.0
242,4993,4.0
242,4995,4.0
242,5048,1.0
242,5066,3.0
242,5109,2.0
242,5218,3.0
242,5299,2.0
242,5349,2.5
242,5377,3.0
242,5378,4.5
242,5380,2.0
242,5389,3.5
242,5418,2.0
242,5445,5.0
242,5527,2.0
242,5614,4.0
242,5620,2.0
242,5679,2.5
242,5791,4.5
242,5810,2.5
242,5816,3.0
242,5952,4.0
242,5956,2.0
242,5989,3.5
242,5991,3.0
242,5995,3.5
242,6155,2.0
242,6158,3.0
242,6218,3.0
242,6264,3.0
242,6333,3.0
242,6365,1.5
242,6370,4.0
242,6377,3.0
242,6502,0.5
242,6534,1.5
242,6539,3.5
242,6593,0.5
242,6711,3.0
242,6754,3.5
242,6787,3.5
242,6863,2.5
242,6870,4.0
242,6934,2.0
242,6942,2.5
242,6947,3.0
242,6975,4.0
242,7034,2.5
242,7060,4.0
242,7147,1.5
242,7151,2.0
242,7153,4.0
242,7158,0.5
242,7162,2.0
242,7173,2.0
242,7254,3.5
242,7285,3.0
242,7320,1.5
242,7347,1.0
242,7361,4.0
242,7362,1.0
242,7366,1.0
242,7451,2.5
242,7453,1.0
242,7454,3.5
242,8360,2.0
242,8361,4.0
242,8368,3.0
242,8373,3.0
242,8529,3.5
242,8533,3.5
242,8636,2.5
242,8638,0.5
242,8781,1.0
242,8783,3.0
242,8784,3.5
242,8833,2.0
242,8866,2.0
242,8873,4.0
242,8911,2.0
242,8915,5.0
242,8950,3.0
242,8969,5.0
242,8970,2.0
242,8981,3.0
242,8983,4.5
242,8984,3.5
242,26422,4.5
242,27706,3.0
242,27815,4.5
242,30707,2.0
242,30749,4.5
242,30793,3.0
242,30803,4.0
242,30816,5.0
242,31433,2.0
242,31685,2.5
242,31696,3.5
242,33493,5.0
242,33615,2.0
242,33660,2.5
242,33669,1.5
242,33794,2.0
242,34048,1.5
242,34319,3.5
242,34405,4.0
242,36527,4.5
242,36535,4.5
242,37727,3.5
242,37729,2.0
242,37741,2.0
242,38798,1.0
242,39183,5.0
242,39231,4.0
242,39449,3.0
242,40629,4.5
242,40815,3.0
242,41285,3.0
242,41566,3.0
242,41569,3.0
242,41571,4.5
242,42007,2.0
242,42418,2.0
242,44191,3.5
242,44555,3.0
242,44974,2.5
242,45447,3.0
242,45499,3.0
242,45720,3.5
242,46062,0.5
242,46578,3.0
242,47099,2.0
242,47610,4.0
242,48043,5.0
242,48516,2.0
242,48774,2.0
242,48780,5.0
242,51372,3.0
242,51540,3.5
242,51662,4.0
242,53322,4.0
242,54001,3.0
242,54190,4.5
242,54259,4.5
242,54997,2.0
242,55052,5.0
242,55247,3.5
242,55765,2.5
242,55820,0.5
242,56095,3.5
242,56367,4.0
242,56757,1.0
242,57368,3.0
242,58559,4.5
242,59315,2.5
242,59615,0.5
242,60074,2.5
242,60684,4.0
242,61123,0.5
242,61323,2.5
242,62293,5.0
242,62644,4.0
242,63082,4.0
242,63876,4.5
242,64575,3.0
242,64620,4.5
242,64622,2.5
242,64957,2.0
242,67255,3.0
242,68073,4.0
242,68157,5.0
242,68237,2.5
242,68269,3.0
242,68358,3.0
242,68954,4.0
242,69122,3.0
242,69757,4.5
242,69844,3.0
242,70567,2.5
242,71535,1.0
242,72011,2.0
242,72380,2.0
242,72720,3.0
242,72998,4.5
242,73017,3.5
242,73323,3.0
242,74458,4.5
242,74545,3.0
242,74789,2.0
242,76251,2.5
242,78105,2.0
242,78316,0.5
242,79132,5.0
242,79242,2.5
242,79357,2.5
242,79702,2.5
242,80463,4.0
242,81562,3.0
242,81591,5.0
242,81834,4.0
242,81845,5.0
242,81847,0.5
242,82461,3.0
242,84152,2.5
242,84954,1.0
242,85397,2.0
242,85414,3.0
242,85510,1.0
242,86320,2.5
242,86332,3.0
242,86548,4.0
242,86833,3.0
242,86880,2.5
242,86882,4.0
242,87232,3.0
242,87306,0.5
242,87430,3.0
242,87869,3.0
242,88125,4.0
242,88129,2.0
242,88179,4.0
242,88744,3.0
242,88810,4.0
242,89472,3.5
242,89745,2.5
242,89804,4.5
242,89864,4.0
242,90376,3.0
242,90430,2.0
242,90439,3.0
242,90531,2.0
242,90719,2.5
242,91077,2.0
242,91104,0.5
242,91126,0.5
242,91500,4.0
242,91529,2.5
242,91542,2.0
242,91653,3.0
242,91658,2.5
242,91974,3.0
242,92259,4.0
242,92420,3.5
242,94780,4.0
242,95449,2.0
242,96501,4.0
242,96588,4.0
242,96821,4.5
242,97024,4.5
242,97304,4.0
242,97752,4.5
242,97921,4.0
242,98809,0.5
242,98961,3.0
242,99145,3.5
242,99149,5.0
242,101525,2.5
242,102407,3.5
242,102903,4.5
242,103279,3.5
242,103335,3.0
242,103549,5.0
242,103772,2.0
242,103980,3.5
242,103984,4.5
242,104374,4.0
242,104841,3.0
242,104879,4.0
242,104913,4.0
242,105213,3.0
242,105355,5.0
242,105504,3.0
242,105769,2.5
242,105844,3.0
242,106100,4.5
242,106438,3.0
242,106441,3.0
242,106782,3.0
242,106916,4.0
242,106918,4.0
242,106920,3.0
242,107141,3.5
242,107406,0.5
242,108190,1.0
242,109374,4.0
242,109487,3.5
242,110730,0.5
242,111360,0.5
242,111362,3.0
242,111659,4.0
242,111921,2.0
242,112175,3.0
242,112183,5.0
242,112290,0.5
242,112552,5.0
242,112556,4.0
242,112852,3.0
242,113225,3.5
242,113378,1.5
242,114028,4.0
242,114180,4.5
242,114935,3.5
242,115170,3.0
242,115569,2.0
242,115617,3.5
242,116797,3.0
242,117176,3.0
242,117529,3.5
242,117881,4.0
242,117895,2.0
242,118900,3.0
242,118997,4.0
242,119190,2.0
242,129354,3.5
242,130452,3.0
242,133645,3.0
242,134130,3.5
242,134214,4.0
242,134853,3.0
242,135143,3.5
242,136562,2.0
242,137561,4.5
242,138208,4.0
242,139385,3.0
242,139857,4.5
242,140174,4.5
242,140928,2.5
242,141749,2.5
242,142448,4.0
242,142488,4.0
242,142765,2.0
242,143385,2.0
242,143713,3.5
242,145150,4.0
242,148626,4.0
242,152081,3.0
242,157200,1.5
242,157699,3.0
242,158966,4.5
242,159093,2.0
242,159193,3.0
242,160400,2.0
242,160980,3.0
242,164909,5.0
242,165549,2.0
242,165551,4.5
242,166486,3.0
242,166643,3.5
242,177101,2.0
243,2,4.0
243,11,4.0
243,28,5.0
243,110,5.0
243,165,3.0
243,173,2.0
243,208,4.0
243,237,4.0
243,252,2.0
243,256,2.0
243,276,4.0
243,289,3.0
243,296,3.0
243,315,4.0
243,316,4.0
243,318,4.0
243,329,4.0
243,339,2.0
243,342,4.0
243,356,4.0
243,357,3.0
243,367,4.0
243,377,3.0
243,410,4.0
243,432,3.0
243,440,4.0
243,457,3.0
243,480,3.0
243,500,3.0
243,527,5.0
243,539,4.0
243,586,2.0
243,587,5.0
243,589,5.0
243,590,4.0
243,592,3.0
243,593,3.0
243,595,4.0
243,597,3.0
243,780,5.0
243,1398,3.0
244,129,2.0
244,670,4.0
244,678,5.0
244,904,4.0
244,908,5.0
244,922,3.0
244,923,5.0
244,1038,5.0
244,1084,5.0
244,1172,4.0
244,1204,1.0
244,1206,5.0
244,1210,1.0
244,1212,2.0
244,1219,5.0
244,1221,4.0
244,1228,5.0
244,1230,5.0
244,1237,5.0
244,1254,4.0
244,1260,4.0
244,1299,5.0
244,1327,3.0
244,1348,4.0
244,1361,5.0
244,1558,2.0
244,1806,1.0
244,1865,4.0
244,1927,3.0
244,1930,1.0
244,1945,5.0
244,1946,3.0
244,2019,5.0
244,2023,4.0
244,2129,5.0
244,2160,5.0
244,2186,4.0
244,2239,4.0
244,2542,3.0
244,2633,3.0
244,2731,5.0
244,2795,2.0
244,2858,4.0
244,2925,5.0
244,3006,1.0
244,3034,1.0
244,3067,4.0
244,3089,5.0
244,3095,5.0
244,3133,5.0
244,3134,5.0
244,3278,4.0
244,3307,5.0
244,3329,4.0
244,3364,4.0
244,3468,5.0
244,3492,3.0
244,3728,5.0
244,3730,5.0
244,3736,5.0
244,3742,5.0
244,3760,4.0
244,3789,5.0
244,3949,5.0
244,4091,1.0
244,4105,5.0
244,4119,5.0
244,4171,4.0
244,4241,1.0
244,4297,4.0
244,4376,5.0
244,4399,5.0
244,4422,5.0
244,4432,1.0
244,4551,1.0
244,4622,1.0
244,4708,4.0
244,4788,4.0
244,4810,3.0
244,4914,5.0
244,4998,1.0
244,5015,4.0
244,5017,4.0
244,5056,4.0
244,5119,4.0
244,5145,3.0
244,5184,1.0
245,1,3.0
245,2,3.5
245,39,4.0
245,47,3.5
245,48,4.5
245,50,4.5
245,110,3.0
245,116,4.5
245,199,4.0
245,215,3.0
245,223,1.0
245,231,3.0
245,239,2.5
245,260,4.5
245,288,3.5
245,296,4.0
245,306,5.0
245,307,5.0
245,308,4.0
245,318,4.5
245,337,3.5
245,356,4.5
245,357,3.5
245,364,5.0
245,367,2.5
245,370,3.0
245,410,3.0
245,480,3.5
245,500,3.0
245,508,3.5
245,515,3.5
245,527,5.0
245,531,3.0
245,551,3.5
245,555,4.0
245,586,4.0
245,588,2.5
245,592,3.5
245,595,5.0
245,597,3.0
245,608,4.0
245,616,4.0
245,750,5.0
245,858,5.0
245,902,3.5
245,903,4.5
245,904,4.5
245,905,4.0
245,908,3.0
245,910,4.5
245,912,4.0
245,919,4.5
245,922,4.0
245,923,3.5
245,924,4.0
245,928,4.5
245,951,3.5
245,953,4.0
245,965,3.5
245,971,3.5
245,1022,3.5
245,1029,4.0
245,1032,3.0
245,1079,3.0
245,1084,2.5
245,1086,4.5
245,1088,3.0
245,1089,4.5
245,1092,2.5
245,1097,3.0
245,1099,3.0
245,1101,2.5
245,1103,3.0
245,1172,4.0
245,1175,3.5
245,1176,4.5
245,1183,3.5
245,1193,4.0
245,1196,4.5
245,1201,4.0
245,1203,5.0
245,1206,4.5
245,1207,5.0
245,1210,4.5
245,1213,3.5
245,1214,3.5
245,1219,5.0
245,1220,4.0
245,1221,4.0
245,1230,2.5
245,1234,3.5
245,1237,4.0
245,1246,4.5
245,1247,4.0
245,1252,3.5
245,1258,4.0
245,1265,3.0
245,1266,3.5
245,1270,4.0
245,1271,3.5
245,1281,4.5
245,1285,3.0
245,1292,4.0
245,1296,4.0
245,1302,2.0
245,1307,3.5
245,1333,3.0
245,1340,3.0
245,1343,3.0
245,1348,4.5
245,1350,3.5
245,1354,4.0
245,1387,4.0
245,1464,4.0
245,1617,3.5
245,1625,3.5
245,1682,4.0
245,1689,1.5
245,1704,4.0
245,1729,4.5
245,1732,3.5
245,1784,3.5
245,1907,4.5
245,1917,4.0
245,1923,3.0
245,1955,3.5
245,1961,3.5
245,1963,4.0
245,1968,4.0
245,1982,4.0
245,1997,4.0
245,2011,3.0
245,2012,2.5
245,2019,4.0
245,2025,3.0
245,2076,4.5
245,2080,3.5
245,2081,4.0
245,2085,5.0
245,2096,3.5
245,2124,3.5
245,2160,4.0
245,2174,3.0
245,2176,4.0
245,2183,3.0
245,2186,4.0
245,2205,3.5
245,2313,4.5
245,2324,4.5
245,2329,4.5
245,2355,4.5
245,2360,4.0
245,2413,3.5
245,2420,3.0
245,2432,3.0
245,2459,3.0
245,2488,4.0
245,2542,5.0
245,2628,3.5
245,2648,3.5
245,2692,4.0
245,2710,3.5
245,2712,4.0
245,2726,3.5
245,2729,4.5
245,2762,4.0
245,2791,3.0
245,2858,5.0
245,2951,3.0
245,2953,2.5
245,2959,4.0
245,2966,4.5
245,2997,3.5
245,3022,4.0
245,3081,3.0
245,3083,3.5
245,3088,3.5
245,3089,4.0
245,3093,3.0
245,3147,3.5
245,3160,4.5
245,3176,3.0
245,3252,4.0
245,3267,3.0
245,3271,4.0
245,3307,4.0
245,3418,3.5
245,3424,3.5
245,3451,3.5
245,3471,2.0
245,3481,3.5
245,3499,4.0
245,3504,4.0
245,3535,3.5
245,3546,3.5
245,3550,2.5
245,3617,0.5
245,3677,4.5
245,3751,4.0
245,3752,1.5
245,3791,3.0
245,3801,3.5
245,3845,3.0
245,3868,3.5
245,3897,3.5
245,3910,4.5
245,3967,4.0
245,3969,3.5
245,4011,4.0
245,4014,3.5
245,4016,4.0
245,4025,2.5
245,4090,3.5
245,4226,4.0
245,4235,4.0
245,4239,4.0
245,4262,4.0
245,4306,4.0
245,4447,2.0
245,4720,4.0
245,4848,3.5
245,4873,3.0
245,4878,3.5
245,4886,4.5
245,4896,4.5
245,4973,3.5
245,4993,4.5
245,4995,3.5
245,5021,4.0
245,5120,3.5
245,5147,4.5
245,5218,4.0
245,5291,4.0
245,5299,2.0
245,5617,3.5
245,5618,4.5
245,5673,2.0
245,5679,4.0
245,5816,4.5
245,5878,4.0
245,5952,4.5
245,5971,4.0
245,5992,4.5
245,5995,4.5
245,6016,4.0
245,6242,3.5
245,6250,0.5
245,6273,4.0
245,6291,3.5
245,6350,3.0
245,6373,3.0
245,6436,3.5
245,6636,3.0
245,6660,4.5
245,6669,5.0
245,6711,2.5
245,6874,5.0
245,6942,4.0
245,6975,4.5
245,6987,4.0
245,7022,3.5
245,7034,3.5
245,7037,4.0
245,7147,4.0
245,7153,4.5
245,7178,3.5
245,7301,3.0
245,7318,0.5
245,7323,4.5
245,7361,3.0
245,7371,5.0
245,7387,3.0
245,7438,4.5
245,7759,3.0
245,7926,4.0
245,8014,4.5
245,8128,4.5
245,8361,2.5
245,8368,4.0
245,8533,3.0
245,8638,3.5
245,8874,3.0
245,8879,3.5
245,8949,3.5
245,8950,3.5
245,8961,3.0
245,8983,2.0
245,9010,4.5
245,26338,3.5
245,27592,3.5
245,27773,4.5
245,27788,3.5
245,27803,4.0
245,27834,4.0
245,30707,3.5
245,31410,3.0
245,32179,3.5
245,32587,3.0
245,32898,4.5
245,33166,3.5
245,33660,3.0
245,33679,3.0
245,33794,4.0
245,33903,4.0
245,36517,4.0
245,39444,1.0
245,40629,4.0
245,40815,4.5
245,41285,2.5
245,44022,4.0
245,44191,4.0
245,44555,4.5
245,44665,3.5
245,44694,4.0
245,44929,3.0
245,44974,3.5
245,45672,2.5
245,46578,3.5
245,48385,0.5
245,48516,4.0
245,48780,3.5
245,48872,4.0
245,49530,3.5
245,49772,3.5
245,50872,3.5
245,52319,4.0
245,52952,4.0
245,53519,4.0
245,54001,4.5
245,54272,4.0
245,55052,3.0
245,55247,4.0
245,55267,2.5
245,55280,3.5
245,55290,3.0
245,55820,3.0
245,55908,1.0
245,56367,3.0
245,56587,3.0
245,56715,3.5
245,56757,3.5
245,56782,3.0
245,57504,3.5
245,58047,2.5
245,58559,4.0
245,59900,0.5
245,60072,2.0
245,60126,1.0
245,60684,1.0
245,60950,2.5
245,61024,1.0
245,61236,4.0
245,63082,3.5
245,63859,3.5
245,63876,4.0
245,64034,3.5
245,64614,3.5
245,64839,2.0
245,64957,3.5
245,65642,3.5
245,66097,4.0
245,66203,1.0
245,67255,4.0
245,68157,4.0
245,68954,4.0
245,69134,2.5
245,69757,4.0
245,69844,4.5
245,71579,3.5
245,72011,1.5
245,72226,3.0
245,72378,1.5
245,72641,3.5
245,72998,2.0
245,73290,4.5
245,74450,2.0
245,74458,4.0
245,74789,2.5
245,76093,3.5
245,77307,3.5
245,78039,3.5
245,79091,4.0
245,79132,3.5
245,79357,3.0
245,80166,0.5
245,80463,1.5
245,80489,2.5
245,80969,3.5
245,81562,4.0
245,81591,2.5
245,81834,4.5
245,81847,4.5
245,81979,3.0
245,82143,3.5
245,82167,3.5
245,83803,3.5
245,84637,2.5
245,85367,1.5
245,85788,5.0
245,86320,4.0
245,86781,3.5
245,86882,3.5
245,87522,2.0
245,87869,2.0
245,88125,4.5
245,88129,4.0
245,88163,2.5
245,88810,4.0
245,89356,4.0
245,89492,3.5
245,89864,4.5
245,89904,4.0
245,90376,2.5
245,90531,3.0
245,90866,4.0
245,90890,0.5
245,91077,1.0
245,91500,4.0
245,91529,3.5
245,91653,2.5
245,91658,4.0
245,92259,4.0
245,93272,3.5
245,94070,3.5
245,94473,4.0
245,94478,1.0
245,94959,2.0
245,95167,4.5
245,95441,3.0
245,95654,4.5
245,95858,4.0
245,96281,3.0
245,96821,4.0
245,97188,3.0
245,97225,4.5
245,97938,4.0
245,98056,4.0
245,98491,3.5
245,98585,3.5
245,98809,4.5
245,99114,4.0
245,100714,3.5
245,101997,1.0
245,102005,3.5
245,102407,4.0
245,102800,3.0
245,102880,1.0
245,103017,3.0
245,103249,2.5
245,103335,3.5
245,103688,3.0
245,103980,2.5
245,104211,1.5
245,104272,4.5
245,104685,3.0
245,104841,2.5
245,104879,4.0
245,105197,4.5
245,105844,4.0
245,106100,4.5
245,106438,4.0
245,106487,4.0
245,106489,4.5
245,106696,3.0
245,106782,3.0
245,106920,4.0
245,107771,2.5
245,109374,2.0
245,109487,4.5
245,111921,4.0
245,112183,2.5
245,112290,3.5
245,112550,3.0
245,112552,4.5
245,112556,4.0
245,112689,4.0
245,114180,1.5
245,115122,1.5
245,115569,4.0
245,115617,4.0
245,115713,3.0
245,116138,4.0
245,116797,4.0
245,116823,3.5
245,116897,4.5
245,116977,2.0
245,117176,4.0
245,117444,3.5
245,117881,4.0
245,118985,3.5
245,119145,2.0
245,120775,2.5
245,122104,3.5
245,122886,3.5
245,122890,3.0
245,122904,2.5
245,123947,2.5
245,127098,3.5
245,127108,4.5
245,127198,4.0
245,127202,4.5
245,128360,4.5
245,128606,3.0
245,128620,4.0
245,128838,3.5
245,131023,3.0
245,131724,5.0
245,133645,3.0
245,133771,4.5
245,134130,3.0
245,134853,3.0
245,135133,3.5
245,135143,4.0
245,135426,1.5
245,135436,3.5
245,135887,3.0
245,136016,3.0
245,136471,3.0
245,138702,4.5
245,139385,4.0
245,139847,3.0
245,139855,2.5
245,140174,4.5
245,140267,4.0
245,140523,3.5
245,140928,3.5
245,141749,3.5
245,142488,4.5
245,142492,2.5
245,142997,3.0
245,143237,4.0
245,143420,1.5
245,143859,4.0
245,145150,3.5
245,145935,3.5
245,147831,3.5
245,148626,3.5
245,149334,4.0
245,150194,4.0
245,152077,3.0
245,152081,4.0
245,157417,2.0
245,158872,1.0
245,159191,3.5
245,160718,4.5
245,161966,3.5
245,162608,3.5
245,164899,4.0
245,164909,4.5
245,165413,2.5
245,165605,4.0
245,166534,4.5
245,167774,4.0
245,167832,2.0
245,168250,3.0
245,168326,2.5
245,168328,3.5
245,168492,4.5
245,168748,2.5
245,168752,2.0
245,169502,4.5
245,169504,4.0
245,169506,3.5
245,169530,4.5
245,169536,3.5
245,169766,4.0
245,170357,4.0
245,170411,4.0
245,171115,3.5
245,173163,2.5
245,174711,1.5
245,174909,3.0
245,176419,4.5
245,177593,4.0
245,177651,4.0
245,177689,3.5
245,178621,4.5
245,179179,2.5
245,180031,3.5
245,182715,3.5
245,183197,4.0
245,183227,3.5
245,183815,1.0
245,184469,2.5
245,185003,1.0
245,185443,3.5
245,186947,2.5
245,187595,2.5
245,188067,3.5
245,191261,3.5
245,200938,1.0
245,202429,3.5
245,204352,2.5
245,205441,4.0
245,208939,4.5
246,147,4.0
246,223,1.0
246,348,4.0
246,364,4.0
246,1060,4.0
246,1500,3.0
246,1611,4.0
246,1653,5.0
246,1719,4.0
246,1794,4.0
246,2081,3.0
246,2318,4.0
246,2329,5.0
246,2333,5.0
246,2336,4.0
246,2359,3.0
246,2599,5.0
246,2607,4.0
246,2611,4.0
246,2628,4.0
246,2683,3.0
246,2692,5.0
246,2700,4.0
246,2706,4.0
246,2710,3.0
246,2712,5.0
246,2721,3.0
246,2762,5.0
246,2826,2.0
246,2858,5.0
246,2918,5.0
246,2959,3.0
246,2997,4.0
246,3006,4.0
246,3052,2.0
246,3114,5.0
246,3163,3.0
246,3173,3.0
246,3176,5.0
246,3285,2.0
246,3317,4.0
246,4308,4.0
247,158,2.0
247,260,5.0
247,315,4.5
247,342,4.0
247,356,4.5
247,1196,5.0
247,1210,5.0
247,1625,5.0
247,1680,5.0
247,1722,3.5
247,1835,5.0
247,1876,3.0
247,1997,5.0
247,2006,1.0
247,2321,1.5
247,2329,5.0
247,2396,5.0
247,2529,4.5
247,2565,4.0
247,2628,5.0
247,2657,3.0
247,2699,3.5
247,3081,3.5
247,3101,4.0
247,3176,4.5
247,3623,4.5
247,3753,0.5
247,3977,1.0
247,4014,5.0
247,4306,4.0
247,4308,5.0
247,4973,5.0
247,4975,4.0
247,4995,4.0
247,5349,1.0
247,5378,5.0
247,6218,4.0
247,6874,5.0
247,7438,5.0
247,27815,4.5
247,33493,5.0
248,32,3.0
248,47,5.0
248,50,4.0
248,60,2.0
248,107,2.5
248,110,3.5
248,111,5.0
248,150,4.5
248,260,5.0
248,293,5.0
248,296,5.0
248,318,5.0
248,356,5.0
248,541,5.0
248,593,4.5
248,733,4.0
248,741,4.5
248,750,5.0
248,858,4.5
248,1019,4.0
248,1036,4.5
248,1089,4.5
248,1090,3.5
248,1100,3.0
248,1125,3.0
248,1136,4.5
248,1193,3.0
248,1196,5.0
248,1197,4.5
248,1198,4.5
248,1208,4.0
248,1210,5.0
248,1213,5.0
248,1221,4.5
248,1222,4.0
248,1225,5.0
248,1249,5.0
248,1258,4.0
248,1262,3.5
248,1263,4.0
248,1270,3.5
248,1272,5.0
248,1276,3.5
248,1291,3.5
248,1527,3.5
248,1590,3.5
248,1957,3.5
248,2329,4.5
248,2454,3.0
248,2502,4.5
248,2571,4.5
248,2728,4.0
248,2858,5.0
248,2918,5.0
248,2959,5.0
248,3066,4.0
248,3275,5.0
248,3362,4.5
248,3396,2.0
248,3494,4.0
248,3578,5.0
248,3633,3.5
248,4047,4.0
248,4226,3.5
248,4262,4.5
248,4327,3.0
248,4878,4.5
248,4886,2.5
248,4993,4.5
248,5782,5.0
248,5952,3.5
248,6188,1.0
248,6874,5.0
248,7153,5.0
248,7254,4.5
248,7438,5.0
248,7445,4.0
248,7482,3.5
248,32587,4.5
248,36529,4.0
248,40819,3.5
248,44195,3.0
248,44665,4.0
248,46578,3.0
248,48516,4.5
248,48774,3.5
248,48780,3.5
249,1,5.0
249,17,5.0
249,25,5.0
249,26,5.0
249,34,4.0
249,36,4.0
249,48,4.0
249,62,5.0
249,110,5.0
249,141,5.0
249,150,5.0
249,162,5.0
249,235,4.0
249,265,4.0
249,272,5.0
249,288,4.0
249,296,5.0
249,318,5.0
249,337,4.0
249,356,4.0
249,357,5.0
249,364,2.0
249,497,5.0
249,508,4.0
249,509,5.0
249,515,5.0
249,527,5.0
249,588,2.0
249,590,4.0
249,594,4.0
249,595,5.0
249,596,4.0
249,648,3.0
249,661,5.0
249,733,3.0
249,788,4.0
249,828,3.0
249,1183,5.0
249,1356,3.0
249,1367,3.0
249,1407,3.0
250,260,5.0
250,296,5.0
250,441,3.0
250,593,5.0
250,745,5.0
250,1090,4.0
250,1193,4.0
250,1198,5.0
250,1219,3.0
250,1270,5.0
250,1707,2.0
250,2028,5.0
250,2082,3.0
250,3101,3.0
250,3114,5.0
250,3408,5.0
250,3429,5.0
250,3481,3.0
250,3515,3.0
250,3751,5.0
250,3897,5.0
250,3949,3.0
250,3952,3.0
250,3996,4.0
250,4022,5.0
250,4033,5.0
250,4034,5.0
250,4306,5.0
250,4848,4.0
250,4878,4.0
250,4886,5.0
250,4896,4.0
250,4963,5.0
250,4973,3.0
250,4993,5.0
250,4995,4.0
250,5046,5.0
250,5048,3.0
250,5065,3.0
250,5110,3.0
250,5134,5.0
250,5151,3.0
250,5170,3.0
250,5171,3.0
250,5220,4.0
250,5264,4.0
250,5265,3.0
250,5266,5.0
250,5283,3.0
250,5292,4.0
250,5349,4.0
250,5363,4.0
250,5378,4.0
250,5415,4.0
250,5419,4.0
250,5444,5.0
250,5445,5.0
250,5459,4.0
250,5462,3.0
250,5463,4.0
250,5478,3.0
250,5480,3.0
250,5481,4.0
250,5482,1.0
250,5501,3.0
250,5504,3.0
250,5523,3.0
250,5609,4.0
250,5804,3.0
250,5816,5.0
250,5882,4.0
250,5952,5.0
250,5958,3.0
250,5989,5.0
251,1,3.0
251,260,4.5
251,293,3.5
251,296,4.0
251,318,4.0
251,356,2.5
251,480,3.5
251,527,3.0
251,593,3.5
251,608,0.5
251,778,3.5
251,780,3.0
251,858,3.5
251,1089,4.0
251,1198,2.5
251,1704,3.5
251,1721,2.0
251,1732,0.5
251,2028,3.0
251,2329,3.0
251,2353,3.0
251,2571,3.5
251,2762,3.0
251,2858,3.0
251,2959,3.0
251,3147,3.5
251,3578,4.0
251,4226,2.5
251,4306,3.0
251,4878,2.0
251,4993,5.0
251,5952,5.0
251,6564,3.0
251,6874,3.5
251,7143,3.0
251,7153,5.0
251,7438,3.5
251,7439,3.0
251,7458,3.0
251,8644,2.5
251,36529,3.0
251,60069,4.0
251,68157,3.5
251,68954,4.0
251,71264,2.0
251,86332,4.0
251,91500,4.0
251,103249,3.0
251,106487,3.5
251,106696,2.0
251,166643,3.0
251,168252,3.5
252,1,3.5
252,2,4.0
252,110,4.0
252,215,4.5
252,318,5.0
252,356,4.0
252,364,4.0
252,595,3.0
252,858,5.0
252,1100,4.0
252,1221,5.0
252,1240,3.0
252,1573,3.0
252,1704,4.0
252,1721,5.0
252,2028,5.0
252,2396,3.0
252,2571,5.0
252,2959,5.0
252,3114,3.5
252,3578,5.0
252,3793,4.0
252,4369,3.0
252,4886,3.0
252,4993,4.5
252,4995,4.0
252,5218,3.0
252,5349,4.5
252,5418,4.5
252,5445,5.0
252,5952,4.5
252,5989,5.0
252,6377,3.5
252,6539,3.5
252,7153,4.5
252,7254,3.0
252,7265,5.0
252,7361,4.0
252,7458,4.0
252,8533,5.0
252,8638,4.0
252,8665,4.5
252,8961,3.5
252,33660,4.0
252,34048,4.5
252,44191,5.0
252,45499,4.5
252,47099,5.0
252,47610,4.0
252,48516,5.0
252,48774,4.0
252,48780,5.0
252,48997,4.0
252,49272,5.0
252,49530,5.0
252,50872,3.0
252,51662,4.0
252,53996,4.0
252,54286,5.0
252,55207,4.0
252,55247,5.0
252,58559,4.0
252,59315,4.0
252,59369,4.5
252,68358,2.0
252,69757,4.5
252,70286,3.0
252,72378,3.0
252,72998,5.0
252,73321,4.0
252,74458,5.0
252,76093,4.0
252,78499,3.0
252,79132,5.0
252,80549,5.0
252,81847,3.5
252,85414,5.0
252,86644,4.0
252,88129,4.0
252,88140,3.5
252,88163,4.0
252,89745,4.0
252,91542,3.5
252,91658,3.5
252,95167,3.5
252,95510,4.0
252,96737,5.0
252,97913,3.5
252,99114,4.0
252,100714,5.0
252,101864,4.0
252,102125,4.0
252,103228,4.0
252,103253,4.0
252,104374,4.5
252,105355,4.5
252,106487,3.0
252,106782,5.0
252,106920,5.0
252,107406,4.0
252,109487,5.0
252,111759,4.5
252,112175,4.0
252,115149,5.0
252,115617,3.5
252,115713,5.0
252,116797,5.0
252,117176,5.0
252,119145,4.0
252,122882,4.0
252,122904,4.0
252,122912,5.0
252,122914,5.0
252,122916,3.0
252,134130,4.5
252,163645,3.5
252,164179,4.0
252,168248,5.0
252,168250,3.5
252,168252,4.0
252,168326,4.0
252,176371,5.0
252,187593,4.0
252,195159,4.0
252,197651,3.0
252,200818,4.0
252,201588,3.0
252,203375,5.0
252,204268,3.0
252,204698,4.5
252,205156,3.0
252,207313,3.0
252,208703,3.5
252,210577,3.0
252,213397,3.0
252,216817,2.5
253,32,3.5
253,47,5.0
253,50,4.0
253,260,5.0
253,293,3.5
253,296,5.0
253,318,5.0
253,356,5.0
253,527,5.0
253,541,5.0
253,593,5.0
253,858,5.0
253,1198,4.5
253,1213,5.0
253,1917,3.0
253,2329,5.0
253,2571,5.0
253,2858,4.5
253,2959,5.0
253,3147,5.0
253,4878,5.0
253,4993,5.0
253,5952,5.0
253,7153,5.0
253,7361,5.0
253,27773,3.5
253,33794,5.0
253,48394,5.0
253,48516,5.0
253,48780,5.0
253,55820,5.0
253,58559,5.0
253,60069,5.0
253,68954,4.5
253,70286,3.5
253,74458,4.5
253,79132,5.0
253,81591,4.0
253,81845,5.0
253,89774,4.0
253,91529,4.5
253,92259,5.0
253,96829,5.0
253,99114,3.5
253,109374,5.0
253,112552,5.0
253,116797,4.5
253,122882,4.0
253,127052,5.0
253,129514,5.0
253,134130,3.5
253,134853,4.0
253,146327,5.0
254,32,4.0
254,172,3.0
254,260,5.0
254,316,3.0
254,329,3.0
254,379,2.0
254,442,3.0
254,480,4.0
254,541,4.0
254,674,3.0
254,680,4.0
254,750,5.0
254,788,2.0
254,924,5.0
254,1077,4.0
254,1097,3.0
254,1127,3.0
254,1129,3.0
254,1175,4.0
254,1196,4.0
254,1199,4.0
254,1200,4.0
254,1206,4.0
254,1210,5.0
254,1214,4.0
254,1240,4.0
254,1253,5.0
254,1270,5.0
254,1301,4.0
254,1320,3.0
254,1334,2.0
254,1356,3.0
254,1372,3.0
254,1373,3.0
254,1374,4.0
254,1375,3.0
254,1396,3.0
254,1527,4.0
254,1544,3.0
254,1580,4.0
254,1584,3.0
254,1690,3.0
254,1831,3.0
254,1909,3.0
254,1961,4.0
254,1965,4.0
254,2009,4.0
254,2010,4.0
254,2011,3.0
254,2012,3.0
254,2021,3.0
254,2034,3.0
254,2046,3.0
254,2094,3.0
254,2105,4.0
254,2117,4.0
254,2206,4.0
254,2287,3.0
254,2288,3.0
254,2311,3.0
254,2346,4.0
254,2363,2.0
254,2364,3.0
254,2377,2.0
254,2455,3.0
254,2527,3.0
254,2528,4.0
254,2529,4.0
254,2530,3.0
254,2531,2.0
254,2532,3.0
254,2553,3.0
254,2615,3.0
254,2628,3.0
254,2640,3.0
254,2641,3.0
254,2642,3.0
254,2664,4.0
254,2668,2.0
254,2699,3.0
254,2808,3.0
254,2851,3.0
254,2916,4.0
254,2968,3.0
254,2986,2.0
254,3015,3.0
254,3363,4.0
254,3375,3.0
254,3527,3.0
254,3638,3.0
254,3699,3.0
254,3701,3.0
254,3702,4.0
254,3703,4.0
254,3704,3.0
254,3755,3.0
254,3763,3.0
254,3764,2.0
254,3769,4.0
254,3771,3.0
254,3788,4.0
254,3789,4.0
254,3791,4.0
254,3802,3.0
254,3812,3.0
254,3819,5.0
254,3837,2.0
254,3849,4.0
255,60,3.5
255,73,4.0
255,296,4.0
255,318,5.0
255,356,4.0
255,357,4.0
255,593,3.0
255,750,3.0
255,1096,4.5
255,1193,3.5
255,1197,4.0
255,1203,3.0
255,1246,4.5
255,1307,5.0
255,1381,3.5
255,1653,4.0
255,1682,4.0
255,1704,4.5
255,1721,4.0
255,1894,3.5
255,1961,4.0
255,1968,4.0
255,2014,2.5
255,2082,3.5
255,2146,5.0
255,2248,4.0
255,2324,5.0
255,2329,4.0
255,2352,5.0
255,2355,5.0
255,2858,4.5
255,2942,3.5
255,3248,3.5
255,3396,3.5
255,3424,4.0
255,3448,4.0
255,3897,4.5
255,3967,4.0
255,4246,3.5
255,4306,4.0
255,4973,5.0
255,4995,4.5
255,5218,3.5
255,5380,3.5
255,5505,3.5
255,5989,4.0
255,6218,2.5
255,6377,5.0
255,6385,3.5
255,6942,5.0
255,8376,3.0
255,8533,5.0
255,8784,3.5
255,30749,4.0
255,33166,5.0
255,46578,4.5
255,46976,4.5
255,55247,4.5
255,56367,4.5
255,58559,3.5
255,60069,4.5
255,60126,4.0
255,66665,3.5
255,67734,4.0
255,68954,3.5
255,69757,5.0
255,72011,4.5
255,79132,4.0
255,79702,4.0
255,88163,4.5
255,88810,4.5
255,92259,4.5
255,116797,4.0
255,116897,2.5
256,3,3.0
256,70,4.0
256,110,4.0
256,480,5.0
256,524,4.0
256,589,4.0
256,648,4.0
256,780,3.0
256,1249,4.0
256,1432,3.0
256,1544,3.0
256,1580,4.0
256,1673,4.0
256,1721,2.0
256,1884,4.0
256,1965,3.0
256,2455,4.0
256,2858,5.0
256,2959,5.0
256,3160,4.0
256,3173,3.0
256,3450,4.0
256,3481,4.0
256,3535,3.0
256,3555,4.0
256,3566,3.0
256,3578,4.0
256,3624,4.0
256,3793,5.0
256,3863,2.0
256,3879,4.0
256,3897,3.0
256,3946,4.0
256,3948,5.0
256,3972,4.0
256,3977,3.0
256,3981,4.0
256,3994,3.0
257,48,3.5
257,158,3.5
257,186,3.5
257,350,3.5
257,596,3.5
257,628,4.0
257,661,3.0
257,1136,4.0
257,1653,3.5
257,1917,3.5
257,2011,4.0
257,2054,3.0
257,2161,4.5
257,2174,3.5
257,2291,4.5
257,2571,5.0
257,2671,3.5
257,2706,4.0
257,2959,5.0
257,3082,3.0
257,3471,4.0
257,3785,3.0
257,3994,4.0
257,4306,4.0
257,4890,3.5
257,4974,3.5
257,4975,4.0
257,5349,3.5
257,5377,3.5
257,6503,2.0
258,1,5.0
258,2,4.0
258,39,4.0
258,47,4.0
258,50,3.5
258,111,5.0
258,293,3.5
258,296,5.0
258,356,3.0
258,357,3.5
258,551,5.0
258,555,2.0
258,592,5.0
258,593,4.5
258,608,5.0
258,661,5.0
258,778,4.5
258,858,5.0
258,924,5.0
258,1073,4.5
258,1080,2.5
258,1089,5.0
258,1183,4.0
258,1200,4.5
258,1206,5.0
258,1208,5.0
258,1213,5.0
258,1214,4.0
258,1219,4.0
258,1221,5.0
258,1235,4.0
258,1240,3.5
258,1258,5.0
258,1265,3.0
258,1270,3.0
258,1333,4.0
258,1345,4.0
258,1347,4.5
258,1350,4.0
258,1377,5.0
258,1391,4.0
258,1527,4.0
258,1580,5.0
258,1732,2.5
258,1994,4.5
258,1997,5.0
258,2019,5.0
258,2028,3.0
258,2124,4.5
258,2160,5.0
258,2174,5.0
258,2245,3.5
258,2288,4.0
258,2291,4.5
258,2316,3.5
258,2571,4.0
258,2599,3.5
258,2692,4.0
258,2712,4.0
258,2762,4.5
258,2858,3.5
258,2959,4.5
258,3000,4.0
258,3081,5.0
258,3535,4.0
258,3897,3.5
258,3949,4.0
258,4011,4.0
258,4226,4.0
258,4306,1.5
258,4643,3.0
258,4886,3.5
258,4896,3.5
258,4973,3.0
258,4995,4.0
258,5266,3.5
258,5618,5.0
258,5679,4.0
258,5971,4.0
258,5989,4.0
258,5995,3.5
258,6377,4.5
258,6535,3.0
258,6874,5.0
258,6893,3.0
258,6942,1.0
258,7147,4.5
258,7149,3.0
258,7254,3.5
258,7438,5.0
258,8643,2.0
258,8808,3.0
258,8866,3.5
258,8961,3.5
258,27706,1.0
258,27773,4.0
258,30793,5.0
258,31658,5.0
258,31696,3.0
258,32587,3.5
258,33794,3.0
258,33836,1.0
258,37729,5.0
258,44694,4.5
258,45081,3.5
258,45950,2.5
258,46578,5.0
258,46948,1.0
258,48394,5.0
258,48516,3.5
258,50872,4.5
258,55269,2.0
258,55820,4.0
258,56174,4.0
258,56367,3.5
258,56587,3.0
258,56757,3.5
258,56782,4.5
258,56949,2.5
258,57669,3.0
258,59725,3.0
258,60069,5.0
258,63082,3.5
258,63859,1.0
258,66097,4.0
258,66203,3.0
258,68135,1.5
258,68157,5.0
258,68954,5.0
258,69122,1.5
258,69406,2.5
258,70183,3.0
258,71464,3.0
258,72998,2.0
258,74789,4.0
258,77455,3.5
258,79702,4.0
258,81591,4.5
258,81788,3.0
258,81845,4.5
258,84374,3.5
258,86882,3.5
258,90430,4.0
258,91529,5.0
258,92259,2.5
258,94478,5.0
258,94959,3.0
258,95167,1.0
258,96821,4.0
258,97172,3.5
258,97913,2.0
258,100487,2.0
258,103249,1.0
258,103341,3.5
258,103688,5.0
258,104879,2.0
258,105731,3.0
258,106782,3.5
258,106918,3.5
258,106920,2.0
258,109374,3.0
258,109487,4.5
258,112183,4.5
258,114713,2.5
258,116897,3.5
258,119145,3.5
258,122882,4.0
258,128360,5.0
258,134130,2.0
258,134393,3.5
258,134853,5.0
258,138036,2.5
258,140267,2.0
258,140529,4.0
258,148626,2.0
258,152077,1.0
258,158238,3.5
258,159415,2.5
258,159858,4.0
258,162600,3.5
258,164179,1.0
258,164909,0.5
258,166534,3.5
258,168250,4.0
258,168326,2.0
258,175303,2.0
258,176101,3.5
258,177615,5.0
258,182715,3.5
258,183837,5.0
258,183869,4.5
258,183897,3.5
258,185029,2.5
258,188189,3.5
258,189203,3.0
258,189713,2.5
258,190939,2.0
258,191351,3.5
258,193445,3.5
258,201646,2.5
258,202439,4.0
258,205156,4.0
258,207313,3.0
258,208703,3.5
258,209315,3.0
258,210861,4.5
258,217465,4.0
258,225173,5.0
258,230625,5.0
259,1,4.0
259,50,2.0
259,150,4.0
259,260,5.0
259,318,4.0
259,356,4.0
259,457,4.0
259,480,4.0
259,527,4.5
259,541,2.0
259,593,5.0
259,750,4.0
259,778,4.0
259,858,4.0
259,903,4.5
259,904,5.0
259,908,4.5
259,953,3.5
259,1193,5.0
259,1213,2.0
259,1221,5.0
259,1270,4.0
259,2571,2.0
259,4973,4.5
259,5878,4.0
259,6867,4.5
259,7360,4.0
259,7361,4.0
259,7460,4.0
259,8366,3.5
259,8376,3.0
259,8641,4.0
259,8910,4.0
259,8984,3.0
259,30793,2.0
259,30810,4.0
259,33779,4.0
259,37741,4.0
259,38886,4.0
259,39183,4.0
259,39444,3.5
259,40819,4.0
259,41285,4.0
259,41571,3.5
259,41573,3.0
259,41997,4.0
259,44195,4.0
259,44694,4.0
259,45950,4.5
259,49961,4.0
259,55820,3.5
259,63082,4.0
259,87306,3.5
259,93510,1.0
259,109374,4.5
259,112556,3.0
259,127098,4.0
259,140247,4.0
259,140715,3.5
260,1,3.5
260,47,4.0
260,246,3.5
260,296,4.5
260,318,4.0
260,356,4.5
260,364,4.5
260,480,3.0
260,586,3.5
260,588,3.5
260,595,3.0
260,608,4.0
260,750,4.5
260,858,3.5
260,1073,3.0
260,1207,3.5
260,1237,3.5
260,1682,4.0
260,1704,4.0
260,1968,4.0
260,2087,2.5
260,2273,3.5
260,2571,4.0
260,2918,3.5
260,3114,3.5
260,4016,3.5
260,4027,5.0
260,4226,4.5
260,4306,3.5
260,4873,5.0
260,4878,3.5
260,4886,3.5
260,4963,4.0
260,4995,4.0
260,5218,3.5
260,5349,3.5
260,5444,3.5
260,5504,3.0
260,5618,5.0
260,6016,4.5
260,6373,2.0
260,6377,3.5
260,6539,3.0
260,6889,2.0
260,6951,1.5
260,7361,4.0
260,8376,1.5
260,8507,4.0
260,8531,2.0
260,8636,3.5
260,8907,3.0
260,26914,3.5
260,31658,4.5
260,31878,3.0
260,32031,3.5
260,44191,3.5
260,46865,2.0
260,46948,2.5
260,46976,3.5
260,47997,3.5
260,48159,2.5
260,48385,3.0
260,48780,5.0
260,49647,3.0
260,50601,1.5
260,50872,4.5
260,52287,3.0
260,52722,2.0
260,54272,3.5
260,55820,4.5
260,55908,5.0
260,56174,3.5
260,57183,3.5
260,58559,3.5
260,60069,4.0
260,63082,4.0
260,63859,2.5
260,63992,2.5
260,64034,2.0
260,68954,3.5
260,71464,4.0
260,73881,3.5
260,74530,2.0
260,74787,3.5
260,76093,3.5
260,76251,2.0
260,78499,3.0
260,78836,1.5
260,79091,3.0
260,79132,4.5
260,79134,2.0
260,79224,3.0
260,79702,3.5
260,80549,2.5
260,82461,3.0
260,83424,3.5
260,84152,3.0
260,84944,3.5
260,86882,4.5
260,88356,3.0
260,89554,3.5
260,89759,4.0
260,90057,4.0
260,90866,3.5
260,91500,3.0
260,91529,3.5
260,91658,4.0
260,91844,3.0
260,93840,3.5
260,94777,2.5
260,95167,2.0
260,95441,2.0
260,96821,4.0
260,97304,4.5
260,97921,3.5
260,97938,3.5
260,98154,4.0
260,98198,3.5
260,102481,3.0
260,102903,3.0
260,103228,2.0
260,104241,2.0
260,105844,4.0
260,106766,4.0
260,106918,3.5
260,106920,3.5
260,109487,5.0
260,109740,2.5
260,111759,3.0
260,111921,3.0
260,112175,2.0
260,112183,3.5
260,112852,3.0
260,114554,3.5
260,115617,3.5
260,116797,3.0
260,118700,3.0
260,119141,4.0
260,120138,2.0
260,121231,2.0
260,122886,3.0
260,122918,3.0
260,133771,3.5
260,134853,4.0
260,135861,2.0
260,139385,3.5
260,142488,3.5
260,143347,3.0
260,146156,3.0
260,152081,4.0
260,157340,2.0
260,160563,2.5
260,160954,3.5
260,162578,3.5
260,163134,4.5
260,164179,4.5
260,164909,4.0
260,166291,4.5
260,166528,3.0
260,166635,3.0
260,168252,3.5
260,171751,3.0
260,173827,3.5
260,175485,1.5
260,177765,5.0
260,179401,3.0
260,179749,3.0
260,179819,3.0
260,182823,2.0
260,188797,3.0
260,192283,3.5
260,193697,2.5
260,194004,2.0
260,195159,4.5
260,196417,3.0
260,197711,4.0
260,199223,1.5
260,201228,4.0
261,1,2.0
261,19,0.5
261,58,1.5
261,62,1.0
261,105,0.5
261,110,2.0
261,150,2.5
261,158,1.0
261,260,2.0
261,265,0.5
261,296,3.5
261,318,4.5
261,329,1.5
261,356,2.0
261,380,1.0
261,457,3.0
261,466,0.5
261,480,0.5
261,497,0.5
261,589,3.0
261,590,1.5
261,592,2.0
261,593,3.5
261,780,1.5
261,908,4.0
261,920,1.5
261,923,3.0
261,969,0.5
261,1204,2.5
261,1246,2.5
261,1270,4.0
261,1278,4.0
261,1288,4.5
261,1356,1.5
261,1370,2.0
261,1500,4.0
261,1517,2.0
261,1527,1.5
261,1682,4.0
261,1784,3.0
261,1909,1.5
261,2011,4.0
261,2054,1.0
261,2174,3.0
261,2291,2.0
261,2324,2.0
261,2468,0.5
261,2529,3.5
261,2640,1.0
261,2643,0.5
261,2657,0.5
261,2662,3.5
261,2664,3.0
261,2700,1.5
261,2710,4.0
261,2712,4.0
261,2718,0.5
261,2746,1.5
261,2803,1.0
261,2804,3.0
261,2819,0.5
261,2918,4.0
261,2953,0.5
261,2987,2.0
261,3100,2.0
261,3152,0.5
261,3176,3.0
261,3255,0.5
261,3264,0.5
261,3424,3.5
261,3471,3.0
261,3717,0.5
261,3755,1.0
261,4306,1.0
261,4571,2.0
261,4643,0.5
261,4734,1.0
261,5299,0.5
262,356,2.5
262,441,3.0
262,1270,4.5
262,1307,2.5
262,1721,3.5
262,2144,3.5
262,2145,3.5
262,2431,3.5
262,2572,3.0
262,5970,4.0
262,6619,4.5
262,70643,3.0
262,72731,4.5
262,104879,4.5
262,139721,4.5
262,168492,4.0
262,174831,5.0
262,177123,3.0
262,177593,3.0
262,177615,3.0
262,179295,3.5
262,180031,2.5
262,183613,1.0
262,183837,2.0
262,184399,1.5
262,185999,1.5
262,186003,3.0
262,188299,4.0
262,189475,2.5
262,190837,2.5
262,191663,3.0
262,192489,3.0
262,193449,4.0
262,200306,2.5
262,201074,3.0
262,203904,3.5
263,1,4.0
263,34,4.0
263,52,3.0
263,356,5.0
263,539,4.0
263,910,3.0
263,1220,3.0
263,1270,4.0
263,1276,3.0
263,1278,3.0
263,1304,4.0
263,1307,4.0
263,1394,3.0
263,1777,4.0
263,1784,5.0
263,1923,4.0
263,1968,3.0
263,2000,3.0
263,2108,2.0
263,2174,3.0
263,2302,4.0
263,2321,2.0
263,2352,4.0
263,2396,5.0
263,2406,3.0
263,2671,4.0
263,2706,3.0
263,2791,4.0
263,2797,3.0
263,2804,4.0
263,2815,1.0
263,2858,3.0
263,2918,4.0
263,2997,3.0
263,3072,3.0
263,3210,4.0
263,3361,3.0
263,3362,2.0
263,3363,4.0
263,3412,3.0
263,3421,4.0
263,3448,3.0
263,3564,1.0
263,3671,3.0
263,3868,3.0
263,3893,3.0
263,3897,3.0
263,3948,4.0
263,4002,5.0
263,4117,4.0
263,4268,2.0
263,4280,3.0
263,4351,3.0
263,4361,4.0
263,4388,2.0
263,4571,3.0
263,4623,3.0
264,186,2.5
264,357,3.5
264,410,4.5
264,743,4.0
264,934,3.5
264,955,3.0
264,1015,4.5
264,1073,3.5
264,1947,4.0
264,2100,3.5
264,2324,3.5
264,2413,5.0
264,2485,5.0
264,2565,4.5
264,2687,2.5
264,3088,5.0
264,3554,3.0
264,3751,4.5
264,3893,2.0
264,3977,4.0
264,4025,3.5
264,4027,4.5
264,4054,3.5
264,4333,3.5
264,4639,0.5
264,6881,4.5
264,8984,2.0
264,27706,3.5
264,31658,2.5
264,51662,2.0
264,55052,4.5
264,63082,5.0
265,1,5.0
265,2,4.0
265,10,4.0
265,16,4.0
265,18,3.5
265,21,3.5
265,29,3.5
265,32,5.0
265,34,3.0
265,39,4.0
265,47,5.0
265,48,1.0
265,50,5.0
265,69,4.0
265,70,5.0
265,95,2.5
265,104,3.5
265,110,3.0
265,111,4.5
265,123,4.5
265,141,4.0
265,145,3.0
265,153,2.5
265,160,1.0
265,163,4.5
265,165,3.5
265,173,1.0
265,177,4.0
265,183,3.5
265,216,4.0
265,223,3.5
265,224,3.0
265,231,5.0
265,260,5.0
265,288,4.5
265,296,5.0
265,303,4.5
265,307,3.0
265,317,2.5
265,318,5.0
265,328,3.5
265,332,4.0
265,344,3.5
265,353,4.0
265,355,3.0
265,356,4.0
265,364,4.0
265,366,5.0
265,367,4.0
265,377,4.0
265,380,4.0
265,393,1.5
265,407,5.0
265,413,3.0
265,435,3.0
265,442,3.0
265,457,4.5
265,466,3.0
265,471,4.0
265,480,4.5
265,481,3.0
265,485,3.5
265,500,4.0
265,508,4.0
265,539,3.0
265,541,3.5
265,551,4.5
265,555,3.5
265,565,4.0
265,575,4.0
265,586,5.0
265,588,3.5
265,589,4.0
265,592,4.0
265,593,4.0
265,594,2.5
265,595,2.0
265,596,3.0
265,597,3.5
265,608,4.0
265,616,2.0
265,627,3.0
265,648,3.5
265,653,3.0
265,661,2.0
265,673,4.5
265,724,3.0
265,733,3.5
265,735,5.0
265,736,3.5
265,743,4.0
265,765,2.5
265,778,5.0
265,780,1.5
265,783,1.5
265,784,3.5
265,788,4.5
265,799,5.0
265,801,3.5
265,805,3.5
265,837,4.5
265,842,3.0
265,849,4.0
265,858,5.0
265,919,3.5
265,923,5.0
265,968,5.0
265,1025,2.5
265,1029,4.0
265,1032,3.0
265,1036,5.0
265,1042,5.0
265,1073,4.0
265,1079,4.5
265,1080,3.5
265,1086,3.5
265,1089,5.0
265,1097,3.0
265,1128,3.0
265,1129,3.5
265,1130,4.0
265,1136,5.0
265,1175,4.5
265,1193,5.0
265,1196,5.0
265,1197,5.0
265,1198,5.0
265,1200,5.0
265,1201,4.0
265,1203,5.0
265,1206,5.0
265,1209,3.5
265,1210,5.0
265,1213,5.0
265,1214,5.0
265,1215,5.0
265,1219,5.0
265,1220,4.0
265,1221,5.0
265,1225,4.0
265,1232,3.5
265,1234,3.5
265,1240,3.5
265,1241,5.0
265,1255,4.0
265,1258,5.0
265,1259,5.0
265,1261,5.0
265,1265,5.0
265,1270,5.0
265,1274,4.0
265,1278,5.0
265,1285,4.0
265,1288,5.0
265,1289,5.0
265,1291,5.0
265,1293,3.5
265,1302,2.5
265,1320,3.5
265,1321,4.5
265,1342,5.0
265,1345,3.0
265,1347,4.5
265,1348,5.0
265,1350,4.0
265,1356,4.0
265,1359,4.5
265,1370,3.0
265,1374,4.0
265,1377,4.5
265,1380,3.0
265,1387,5.0
265,1388,2.0
265,1391,5.0
265,1405,3.5
265,1407,5.0
265,1464,5.0
265,1485,4.5
265,1499,3.5
265,1517,5.0
265,1527,4.0
265,1544,4.5
265,1551,2.5
265,1556,1.0
265,1562,0.5
265,1566,1.5
265,1569,5.0
265,1573,3.5
265,1580,4.0
265,1588,4.0
265,1590,4.5
265,1592,2.5
265,1599,3.0
265,1608,3.0
265,1610,2.5
265,1623,4.0
265,1625,5.0
265,1639,2.5
265,1644,3.0
265,1645,3.5
265,1665,3.5
265,1673,4.5
265,1682,4.5
265,1688,2.5
265,1690,3.0
265,1702,3.0
265,1704,3.0
265,1707,0.5
265,1717,4.0
265,1721,2.5
265,1722,2.5
265,1729,4.5
265,1731,2.5
265,1732,4.5
265,1746,3.5
265,1747,3.5
265,1750,2.5
265,1753,5.0
265,1772,2.5
265,1777,4.5
265,1779,3.5
265,1784,3.5
265,1799,3.0
265,1827,3.0
265,1831,0.5
265,1876,1.0
265,1882,3.5
265,1884,4.5
265,1895,3.5
265,1916,2.5
265,1917,2.5
265,1918,3.5
265,1920,4.0
265,1921,3.0
265,1923,4.5
265,1924,0.5
265,1954,5.0
265,1968,4.5
265,1969,3.5
265,1970,4.0
265,1974,3.5
265,1975,3.0
265,1977,2.5
265,1979,3.5
265,1982,5.0
265,1983,4.5
265,1984,3.5
265,1991,3.5
265,1992,3.5
265,1994,4.0
265,1997,5.0
265,2000,4.0
265,2001,3.0
265,2002,3.0
265,2003,4.0
265,2004,5.0
265,2005,3.5
265,2006,3.0
265,2009,2.5
265,2011,5.0
265,2012,4.0
265,2018,2.5
265,2023,3.5
265,2028,3.5
265,2052,2.0
265,2054,3.5
265,2059,3.5
265,2072,3.5
265,2076,3.5
265,2078,2.0
265,2080,2.0
265,2082,3.5
265,2096,2.0
265,2105,3.0
265,2107,4.0
265,2109,4.0
265,2115,4.0
265,2117,3.0
265,2122,3.5
265,2124,4.0
265,2144,3.0
265,2160,4.0
265,2161,3.5
265,2174,4.5
265,2176,4.5
265,2186,4.5
265,2195,5.0
265,2208,3.0
265,2232,5.0
265,2279,4.0
265,2288,5.0
265,2291,4.5
265,2294,3.0
265,2296,3.0
265,2302,4.0
265,2315,4.0
265,2324,0.5
265,2328,3.0
265,2329,3.0
265,2338,3.0
265,2346,3.0
265,2355,2.5
265,2361,4.0
265,2366,4.0
265,2371,4.0
265,2372,3.5
265,2376,3.0
265,2384,3.0
265,2392,2.5
265,2394,2.0
265,2407,3.0
265,2413,4.0
265,2420,4.0
265,2424,3.5
265,2428,3.5
265,2431,2.5
265,2451,3.5
265,2455,5.0
265,2459,4.5
265,2460,3.5
265,2483,5.0
265,2500,3.0
265,2502,5.0
265,2513,5.0
265,2514,3.5
265,2529,3.0
265,2539,3.5
265,2541,3.5
265,2542,3.5
265,2550,2.0
265,2571,5.0
265,2572,3.5
265,2581,4.0
265,2596,3.5
265,2599,4.5
265,2606,4.0
265,2613,4.5
265,2617,3.5
265,2628,2.0
265,2640,2.5
265,2641,2.0
265,2657,3.0
265,2672,4.0
265,2683,5.0
265,2692,3.5
265,2694,3.5
265,2706,3.0
265,2709,3.0
265,2710,5.0
265,2713,3.0
265,2716,5.0
265,2717,3.5
265,2719,3.0
265,2722,2.5
265,2723,3.5
265,2724,3.0
265,2762,4.0
265,2765,3.5
265,2770,4.0
265,2772,4.0
265,2791,5.0
265,2792,3.0
265,2797,4.5
265,2798,4.5
265,2804,3.0
265,2808,3.0
265,2857,3.0
265,2858,4.0
265,2860,4.0
265,2867,5.0
265,2868,3.5
265,2881,3.0
265,2901,3.5
265,2918,5.0
265,2949,3.5
265,2959,5.0
265,2985,4.5
265,2987,4.0
265,2995,3.0
265,2997,5.0
265,3005,3.0
265,3013,4.0
265,3016,3.5
265,3018,5.0
265,3020,4.0
265,3024,3.0
265,3033,3.5
265,3040,3.5
265,3081,3.0
265,3082,3.5
265,3087,3.0
265,3114,2.5
265,3147,4.0
265,3160,4.0
265,3175,4.5
265,3186,3.5
265,3198,3.0
265,3205,4.0
265,3208,3.5
265,3213,3.5
265,3247,4.0
265,3252,3.0
265,3253,5.0
265,3254,5.0
265,3267,4.0
265,3273,3.0
265,3275,4.5
265,3285,3.5
265,3301,4.0
265,3362,5.0
265,3409,4.5
265,3421,4.0
265,3438,3.5
265,3439,4.0
265,3440,1.0
265,3451,3.5
265,3461,4.0
265,3471,3.0
265,3476,4.0
265,3478,3.5
265,3481,3.5
265,3484,3.5
265,3489,2.5
265,3493,3.5
265,3499,4.5
265,3503,4.0
265,3510,3.0
265,3511,3.0
265,3524,3.5
265,3535,5.0
265,3552,4.0
265,3555,3.0
265,3564,1.0
265,3578,2.0
265,3587,3.5
265,3616,3.0
265,3617,3.5
265,3621,4.5
265,3623,2.5
265,3638,4.0
265,3646,2.5
265,3652,5.0
265,3671,4.0
265,3676,5.0
265,3683,4.0
265,3686,4.0
265,3702,3.0
265,3703,3.5
265,3740,4.0
265,3742,5.0
265,3745,2.0
265,3751,2.5
265,3752,3.0
265,3753,2.0
265,3755,4.0
265,3785,4.0
265,3793,3.5
265,3798,2.5
265,3826,2.5
265,3843,2.5
265,3868,5.0
265,3882,3.0
265,3908,2.0
265,3916,4.0
265,3917,4.5
265,3918,3.5
265,3948,4.0
265,3949,3.0
265,3969,3.0
265,3970,4.5
265,3975,3.0
265,3977,4.0
265,3979,3.0
265,3980,3.0
265,3988,2.5
265,3994,4.5
265,3996,2.5
265,3997,0.5
265,3999,2.0
265,4011,5.0
265,4015,3.0
265,4018,3.5
265,4022,4.5
265,4025,3.5
265,4027,5.0
265,4034,4.0
265,4036,4.0
265,4084,3.5
265,4085,5.0
265,4090,2.5
265,4103,3.5
265,4105,5.0
265,4128,4.5
265,4148,3.0
265,4149,3.0
265,4162,2.5
265,4167,3.0
265,4206,3.5
265,4226,5.0
265,4232,4.0
265,4238,3.0
265,4239,2.5
265,4248,2.5
265,4255,4.0
265,4262,4.0
265,4270,2.5
265,4278,3.0
265,4299,2.5
265,4306,5.0
265,4310,0.5
265,4326,3.5
265,4333,4.5
265,4341,3.5
265,4343,2.5
265,4344,3.0
265,4367,2.5
265,4369,3.0
265,4370,3.0
265,4373,4.0
265,4378,4.5
265,4386,1.5
265,4388,2.0
265,4417,3.5
265,4437,5.0
265,4447,4.0
265,4452,3.5
265,4480,4.5
265,4489,4.0
265,4532,3.5
265,4533,5.0
265,4541,3.5
265,4553,5.0
265,4571,4.5
265,4638,3.0
265,4639,3.0
265,4641,3.0
265,4643,3.0
265,4645,3.5
265,4649,5.0
265,4673,3.5
265,4677,3.0
265,4697,4.0
265,4718,3.0
265,4720,4.0
265,4725,3.0
265,4728,4.0
265,4734,3.5
265,4735,3.5
265,4754,5.0
265,4776,3.5
265,4799,4.0
265,4814,3.0
265,4816,5.0
265,4833,4.0
265,4848,5.0
265,4876,4.0
265,4878,5.0
265,4886,3.5
265,4890,3.5
265,4899,3.0
265,4901,3.5
265,4902,4.0
265,4958,2.0
265,4963,3.5
265,4973,4.0
265,4974,3.5
265,4975,3.5
265,4979,3.0
265,4980,4.0
265,4989,4.0
265,4993,3.0
265,5004,4.5
265,5025,3.0
265,5049,3.5
265,5064,3.0
265,5074,2.5
265,5092,2.5
265,5103,4.0
265,5105,5.0
265,5110,5.0
265,5127,2.5
265,5128,2.5
265,5151,2.5
265,5157,4.0
265,5165,4.0
265,5171,2.0
265,5218,2.0
265,5219,2.0
265,5220,2.5
265,5225,3.0
265,5265,3.5
265,5266,2.5
265,5293,2.0
265,5296,4.5
265,5299,1.0
265,5313,2.0
265,5323,3.0
265,5349,4.0
265,5363,3.5
265,5378,0.5
265,5388,3.5
265,5401,3.0
265,5419,4.0
265,5433,4.0
265,5445,3.0
265,5449,3.0
265,5459,2.5
265,5476,2.0
265,5478,2.5
265,5481,3.0
265,5500,4.5
265,5502,2.5
265,5504,3.5
265,5507,3.0
265,5528,3.0
265,5530,2.5
265,5541,3.5
265,5546,2.5
265,5570,4.5
265,5574,3.0
265,5598,2.5
265,5608,4.0
265,5617,3.0
265,5630,3.5
265,5640,5.0
265,5649,4.0
265,5669,5.0
265,5679,5.0
265,5731,1.0
265,5784,2.0
265,5785,5.0
265,5803,2.0
265,5810,2.5
265,5822,3.0
265,5833,4.0
265,5853,3.5
265,5872,0.5
265,5882,2.0
265,5900,2.5
265,5902,4.5
265,5909,3.5
265,5925,3.5
265,5942,4.0
265,5943,1.5
265,5944,2.5
265,5945,4.0
265,5952,3.0
265,5954,4.5
265,5980,5.0
265,5989,3.5
265,5991,1.5
265,6001,5.0
265,6006,3.0
265,6010,2.5
265,6016,3.5
265,6058,3.5
265,6132,4.0
265,6157,1.5
265,6188,5.0
265,6218,1.0
265,6242,3.0
265,6250,3.0
265,6264,0.5
265,6281,3.0
265,6287,3.5
265,6290,3.5
265,6294,3.5
265,6323,4.5
265,6333,2.5
265,6338,2.0
265,6365,2.0
265,6373,2.5
265,6378,2.5
265,6379,1.0
265,6383,2.0
265,6395,3.5
265,6425,4.0
265,6440,4.0
265,6464,4.0
265,6484,1.5
265,6502,5.0
265,6503,4.0
265,6535,2.5
265,6537,2.0
265,6541,2.0
265,6550,3.0
265,6558,3.0
265,6564,2.0
265,6566,2.0
265,6586,3.5
265,6593,2.5
265,6615,3.0
265,6645,2.0
265,6707,4.5
265,6708,3.0
265,6709,3.5
265,6711,4.5
265,6731,5.0
265,6734,2.5
265,6741,3.0
265,6755,4.5
265,6764,3.5
265,6787,4.5
265,6803,3.5
265,6807,5.0
265,6862,3.0
265,6863,3.5
265,6874,5.0
265,6879,3.0
265,6880,3.0
265,6888,5.0
265,6934,2.5
265,6946,2.5
265,6951,1.0
265,6952,0.5
265,6957,3.5
265,6966,4.5
265,6987,5.0
265,7001,5.0
265,7022,5.0
265,7028,4.0
265,7029,3.5
265,7044,4.0
265,7045,3.0
265,7090,3.5
265,7115,4.0
265,7123,3.5
265,7147,4.0
265,7149,2.5
265,7153,3.0
265,7161,1.0
265,7163,1.5
265,7173,2.5
265,7202,3.0
265,7235,4.5
265,7247,1.0
265,7254,3.5
265,7293,4.0
265,7317,3.0
265,7319,4.5
265,7323,4.0
265,7325,2.5
265,7346,3.5
265,7347,2.0
265,7360,5.0
265,7361,5.0
265,7366,3.0
265,7367,4.0
265,7369,3.5
265,7373,4.5
265,7387,5.0
265,7438,4.5
265,7439,2.5
265,7444,3.5
265,7451,5.0
265,7454,1.5
265,7458,1.0
265,7764,2.0
265,7766,4.0
265,7920,3.0
265,7982,5.0
265,7984,4.0
265,8035,3.5
265,8225,5.0
265,8360,3.0
265,8361,0.5
265,8366,3.5
265,8376,3.5
265,8464,3.0
265,8477,4.0
265,8507,2.5
265,8528,3.0
265,8529,3.5
265,8531,4.5
265,8578,3.5
265,8622,4.5
265,8636,3.5
265,8641,5.0
265,8644,2.0
265,8666,0.5
265,8783,2.5
265,8798,2.0
265,8807,5.0
265,8810,1.5
265,8854,3.5
265,8870,1.5
265,8874,5.0
265,8879,3.5
265,8906,3.5
265,8912,1.0
265,8914,4.5
265,8917,3.5
265,8928,3.0
265,8932,3.0
265,8947,2.0
265,8950,2.5
265,8957,4.0
265,8961,3.5
265,8967,4.0
265,8972,3.0
265,8984,2.5
265,25744,4.0
265,26316,5.0
265,26425,3.5
265,26540,3.5
265,26603,3.5
265,26631,2.5
265,26828,2.5
265,27004,3.0
265,27298,3.5
265,27317,5.0
265,27397,5.0
265,27402,3.0
265,27434,3.0
265,27473,3.0
265,27482,4.0
265,27491,2.0
265,27537,3.5
265,27592,3.5
265,27604,3.5
265,27660,3.0
265,27674,5.0
265,27704,3.0
265,27772,2.5
265,27773,5.0
265,27788,2.0
265,27808,0.5
265,27821,1.5
265,27822,4.0
265,27831,4.0
265,27839,2.0
265,27904,4.0
265,27922,3.0
265,30707,2.5
265,30825,2.5
265,30883,2.0
265,30894,1.5
265,31270,4.0
265,31364,4.0
265,31424,0.5
265,31427,2.5
265,31685,2.5
265,31696,2.5
265,31804,2.5
265,31878,2.5
265,32017,3.5
265,32019,2.5
265,32213,2.0
265,32291,1.0
265,32298,3.5
265,32587,5.0
265,32898,5.0
265,32914,3.0
265,33085,3.0
265,33145,3.5
265,33164,1.5
265,33166,1.5
265,33493,0.5
265,33646,2.0
265,33679,2.0
265,33683,3.5
265,33794,3.5
265,33834,3.5
265,33836,1.5
265,33893,4.5
265,34048,1.5
265,34150,3.0
265,34162,4.0
265,34319,3.5
265,34323,5.0
265,34338,3.0
265,34520,2.5
265,34530,1.0
265,34542,4.0
265,35836,3.5
265,35906,3.0
265,35957,2.5
265,36519,2.5
265,36529,3.0
265,36533,1.0
265,37380,2.5
265,37384,2.5
265,37386,2.5
265,37727,2.0
265,37729,3.0
265,37731,3.0
265,38061,5.0
265,38095,4.5
265,38304,5.0
265,38798,3.0
265,39444,3.5
265,39446,2.5
265,39796,2.5
265,40148,3.0
265,40617,1.5
265,40629,1.5
265,40723,3.0
265,40732,3.5
265,40851,2.5
265,41014,4.5
265,41569,2.5
265,41716,3.5
265,41997,3.0
265,42002,3.0
265,42197,3.0
265,42385,4.0
265,42632,4.5
265,42718,3.5
265,42723,4.5
265,42725,3.5
265,43558,2.0
265,43652,2.5
265,43679,2.5
265,43904,2.5
265,43919,0.5
265,43932,0.5
265,43971,3.5
265,44191,3.0
265,44195,4.0
265,44199,3.0
265,44397,4.0
265,44590,3.5
265,44665,4.5
265,44731,3.5
265,44779,3.5
265,44788,4.0
265,44800,4.0
265,44828,3.5
265,44840,3.0
265,44972,2.0
265,44974,4.0
265,45081,4.0
265,45186,2.5
265,45447,1.0
265,45499,3.0
265,45501,2.5
265,45662,3.5
265,45668,2.0
265,45672,1.5
265,45728,4.0
265,45730,1.0
265,45732,2.5
265,45880,4.0
265,45950,4.0
265,46335,1.0
265,46578,4.0
265,46723,2.0
265,46965,3.0
265,46970,3.5
265,46972,2.0
265,46976,4.0
265,47122,3.0
265,47200,3.0
265,47465,3.5
265,47518,3.0
265,47610,2.5
265,47640,5.0
265,47810,0.5
265,47997,5.0
265,47999,5.0
265,48043,4.0
265,48231,3.5
265,48322,5.0
265,48385,5.0
265,48394,4.0
265,48516,3.5
265,48518,2.5
265,48678,3.5
265,48774,4.0
265,48780,4.0
265,48872,4.5
265,48877,2.5
265,49272,3.5
265,49276,2.5
265,49396,4.0
265,49651,3.5
265,49932,3.5
265,50613,3.0
265,50641,4.0
265,50798,0.5
265,50804,0.5
265,50806,0.5
265,51077,2.5
265,51084,3.5
265,51255,5.0
265,51412,1.5
265,51540,5.0
265,51662,5.0
265,51698,2.5
265,51709,5.0
265,51925,2.0
265,51927,2.5
265,51935,3.0
265,52281,4.0
265,52328,4.5
265,52458,3.0
265,52604,2.0
265,52644,3.5
265,52694,1.0
265,52722,3.0
265,52950,3.0
265,52973,4.5
265,53000,3.5
265,53121,2.5
265,53322,1.5
265,53326,3.0
265,53435,5.0
265,53468,2.5
265,53519,5.0
265,53894,4.0
265,53953,3.5
265,53972,2.5
265,53993,1.0
265,53996,0.5
265,53999,2.5
265,54004,1.5
265,54256,4.0
265,54259,3.5
265,54270,2.5
265,54272,2.0
265,54349,4.0
265,54503,5.0
265,54785,4.5
265,54910,4.0
265,54995,4.0
265,54999,4.0
265,55020,2.5
265,55118,5.0
265,55261,0.5
265,55269,3.0
265,55282,5.0
265,55290,4.0
265,55577,2.5
265,55721,5.0
265,55765,3.5
265,55768,3.0
265,55820,3.5
265,55830,4.0
265,56003,3.5
265,56145,5.0
265,56165,2.0
265,56169,2.5
265,56174,3.0
265,56286,5.0
265,56339,3.0
265,56367,2.0
265,56587,2.5
265,56757,1.5
265,56775,2.5
265,56782,4.5
265,56805,3.5
265,57223,2.0
265,57274,5.0
265,57368,5.0
265,57401,3.0
265,57520,0.5
265,57528,3.0
265,57534,2.5
265,57637,3.0
265,57640,5.0
265,57669,5.0
265,57910,3.0
265,58025,1.5
265,58162,3.5
265,58297,3.5
265,58332,2.5
265,58376,0.5
265,58485,3.5
265,58559,5.0
265,58803,2.0
265,58964,4.5
265,58975,2.0
265,58998,5.0
265,59014,2.5
265,59022,4.5
265,59126,5.0
265,59141,3.5
265,59143,2.5
265,59315,5.0
265,59615,2.0
265,59709,3.0
265,59727,0.5
265,60037,2.5
265,60040,3.0
265,60072,3.5
265,60074,2.0
265,60363,3.0
265,60471,3.5
265,60684,3.5
265,60756,4.0
265,60941,3.5
265,61024,4.5
265,61132,4.0
265,61160,0.5
265,61236,5.0
265,61240,5.0
265,61250,3.5
265,61289,3.5
265,61323,4.0
265,61678,3.0
265,61692,3.5
265,62113,2.5
265,62203,5.0
265,62434,3.5
265,62849,3.0
265,63033,3.0
265,63062,2.0
265,63082,3.5
265,63113,2.0
265,63131,4.0
265,63222,4.0
265,63479,3.0
265,63826,2.0
265,63859,3.0
265,63876,4.0
265,63992,0.5
265,64032,2.5
265,64497,2.0
265,64614,2.0
265,64839,4.0
265,64957,2.5
265,64969,1.5
265,65088,2.0
265,65126,4.5
265,65310,4.5
265,65585,0.5
265,65642,5.0
265,65667,3.0
265,66090,4.0
265,66310,2.5
265,66427,3.5
265,66509,4.0
265,66783,2.0
265,66934,5.0
265,67087,5.0
265,67168,3.5
265,67197,1.0
265,67255,3.5
265,67695,3.5
265,67799,1.0
265,67923,2.5
265,68157,4.0
265,68205,3.5
265,68237,5.0
265,68319,0.5
265,68324,3.5
265,68358,4.0
265,68554,1.0
265,68659,3.0
265,68941,3.0
265,68952,4.5
265,68954,3.0
265,69122,3.5
265,69134,3.5
265,69275,4.0
265,69436,2.5
265,69481,2.5
265,69757,4.5
265,69784,5.0
265,69830,5.0
265,69904,3.0
265,70159,2.5
265,70206,3.0
265,70286,4.0
265,70607,2.5
265,70728,3.0
265,70994,4.0
265,71033,5.0
265,71205,2.5
265,71248,5.0
265,71252,4.5
265,71264,4.0
265,71304,4.0
265,71379,3.5
265,71450,4.0
265,71462,4.0
265,71494,3.0
265,71500,3.5
265,71520,3.0
265,71535,2.5
265,71668,3.0
265,71745,4.5
265,72011,3.5
265,72129,2.5
265,72169,4.5
265,72176,3.0
265,72378,0.5
265,72380,4.0
265,72393,0.5
265,72787,3.5
265,72998,2.5
265,73017,3.5
265,73211,3.5
265,73808,4.0
265,73829,1.0
265,73929,1.5
265,74228,4.0
265,74275,3.5
265,74370,4.5
265,74436,3.0
265,74458,4.0
265,74510,2.5
265,74532,3.0
265,74685,4.0
265,74750,5.0
265,74754,0.5
265,75395,3.5
265,75425,2.5
265,76060,4.5
265,76077,5.0
265,76251,5.0
265,77364,3.5
265,77427,1.0
265,77561,3.0
265,77682,4.0
265,77800,5.0
265,78032,3.0
265,78088,4.0
265,78105,2.5
265,78209,3.0
265,78266,4.0
265,78349,4.5
265,78499,3.5
265,79057,3.0
265,79132,4.0
265,79191,3.0
265,79251,4.0
265,79318,4.0
265,79357,1.5
265,79463,2.0
265,79592,3.5
265,79695,3.0
265,79702,4.5
265,79879,4.5
265,79996,3.5
265,80094,5.0
265,80219,4.0
265,80463,5.0
265,80489,4.0
265,80549,5.0
265,80615,4.0
265,80831,2.5
265,80844,4.0
265,80846,4.0
265,80862,3.5
265,80917,0.5
265,81132,0.5
265,81156,5.0
265,81180,2.0
265,81229,4.0
265,81417,1.0
265,81535,1.5
265,81562,3.0
265,81591,3.5
265,82041,4.5
265,82242,4.0
265,82378,2.5
265,82461,3.5
265,82667,5.0
265,82931,3.5
265,83086,1.0
265,83134,5.0
265,83349,3.5
265,83613,2.5
265,84152,3.5
265,84189,2.5
265,84312,0.5
265,84772,3.5
265,85022,2.5
265,85342,5.0
265,85401,5.0
265,85412,3.5
265,85414,5.0
265,85510,3.5
265,85788,2.5
265,86295,4.0
265,86332,2.5
265,86345,5.0
265,86347,5.0
265,86377,5.0
265,86644,3.0
265,86725,2.5
265,86833,3.5
265,86911,3.0
265,87192,5.0
265,87232,4.0
265,87306,3.0
265,87430,2.5
265,87485,3.0
265,87529,3.0
265,87869,5.0
265,87909,2.5
265,88118,3.5
265,88129,5.0
265,88140,2.5
265,88235,4.0
265,88267,3.5
265,88405,3.0
265,88672,3.0
265,88785,2.5
265,88812,1.0
265,88932,4.0
265,88954,4.5
265,89002,3.5
265,89030,4.0
265,89072,3.0
265,89074,2.5
265,89118,4.5
265,89164,3.0
265,89343,4.0
265,89427,2.0
265,89470,5.0
265,89492,2.0
265,89745,4.0
265,89837,5.0
265,89864,5.0
265,89983,3.5
265,90057,4.0
265,90345,2.5
265,90376,5.0
265,90405,3.5
265,90469,3.5
265,90576,3.0
265,90746,3.5
265,90866,4.0
265,91077,5.0
265,91094,4.5
265,91323,2.5
265,91485,4.0
265,91529,2.5
265,91542,2.5
265,91630,5.0
265,91658,4.5
265,91681,1.5
265,92008,3.0
265,92192,2.5
265,92309,4.5
265,92391,2.0
265,92420,5.0
265,92422,3.0
265,92665,3.0
265,93164,5.0
265,93320,3.5
265,93363,1.5
265,93443,3.5
265,93475,2.5
265,93510,5.0
265,93512,2.5
265,93563,3.5
265,93831,4.0
265,93838,5.0
265,93840,5.0
265,94266,3.5
265,94677,3.0
265,94777,3.5
265,94864,3.0
265,94867,3.0
265,94953,3.0
265,94959,4.0
265,95088,3.5
265,95309,3.0
265,95441,5.0
265,95449,4.5
265,95506,5.0
265,95510,3.5
265,95654,3.0
265,95720,3.0
265,95756,3.5
265,95839,3.0
265,95858,3.5
265,96079,4.0
265,96110,3.0
265,96314,3.0
265,96411,5.0
265,96448,3.0
265,96565,2.5
265,96588,5.0
265,96610,5.0
265,96612,4.0
265,96737,4.5
265,96815,2.0
265,96857,4.0
265,96964,3.5
265,97051,4.0
265,97175,5.0
265,97188,5.0
265,97225,4.0
265,97304,4.0
265,97306,5.0
265,97643,5.0
265,97701,0.5
265,97715,3.5
265,97866,4.0
265,97913,4.0
265,97921,2.0
265,97923,2.5
265,97938,2.5
265,97988,2.0
265,98203,0.5
265,98230,2.0
265,98279,4.5
265,99106,1.5
265,99114,5.0
265,99117,3.5
265,99413,3.0
265,99437,2.5
265,99470,3.5
265,99640,4.0
265,99910,3.5
265,99912,4.0
265,100083,3.0
265,100159,3.5
265,100163,3.5
265,100169,2.5
265,100383,5.0
265,100397,4.0
265,100906,3.5
265,101088,3.5
265,101112,3.5
265,101285,3.5
265,101296,4.0
265,101612,2.5
265,101739,3.0
265,101741,3.5
265,101850,4.0
265,101971,5.0
265,102066,4.0
265,102111,5.0
265,102123,5.0
265,102125,4.5
265,102445,2.5
265,102682,4.0
265,102684,3.5
265,102760,3.5
265,102854,3.0
265,102903,0.5
265,102993,4.0
265,103017,5.0
265,103027,2.5
265,103042,2.5
265,103075,3.0
265,103085,2.5
265,103137,2.5
265,103141,3.5
265,103219,4.0
265,103228,3.5
265,103249,0.5
265,103299,3.5
265,103339,3.0
265,103341,5.0
265,103483,4.0
265,103655,2.5
265,103685,4.0
265,103688,2.0
265,103772,3.0
265,103801,2.5
265,103810,3.0
265,103972,3.5
265,104211,3.5
265,104241,3.5
265,104272,4.5
265,104457,5.0
265,104841,3.0
265,104879,5.0
265,105037,4.0
265,105213,3.5
265,105468,3.5
265,105585,4.0
265,106062,4.0
265,106072,3.0
265,106696,3.5
265,106782,5.0
265,106916,4.5
265,106920,5.0
265,107348,4.5
265,107406,3.5
265,107758,3.0
265,108729,4.0
265,108760,5.0
265,108932,4.0
265,108945,3.0
265,109376,4.0
265,109472,4.0
265,109487,3.5
265,109673,2.0
265,109802,3.5
265,109848,4.0
265,109895,3.5
265,109968,5.0
265,110102,3.5
265,110297,3.0
265,110501,4.0
265,110553,3.0
265,110586,4.5
265,110591,5.0
265,111113,2.5
265,111360,3.0
265,111362,2.5
265,111364,0.5
265,111384,3.5
265,111443,4.5
265,111743,2.0
265,111759,4.5
265,111781,4.0
265,112138,5.0
265,112183,4.5
265,112450,3.5
265,112552,5.0
265,112556,5.0
265,112727,3.0
265,112788,2.0
265,112818,3.5
265,112852,5.0
265,112897,2.5
265,113252,3.5
265,113352,3.5
265,113565,5.0
265,113573,2.5
265,113741,5.0
265,113780,2.5
265,113862,5.0
265,114044,3.0
265,114659,3.0
265,114758,4.5
265,114935,3.5
265,115071,3.5
265,115122,5.0
265,115149,5.0
265,115569,5.0
265,115617,4.0
265,115680,4.0
265,115713,5.0
265,116191,3.5
265,116668,4.5
265,116799,4.0
265,116897,5.0
265,117109,3.5
265,117312,3.5
265,117372,3.0
265,117434,3.5
265,117529,4.0
265,117549,4.5
265,117590,4.0
265,117893,3.0
265,118082,3.5
265,118700,3.0
265,118880,4.5
265,118930,5.0
265,118985,2.5
265,119141,4.5
265,119145,5.0
265,119153,5.0
265,120466,3.5
265,120807,5.0
265,120811,4.0
265,120813,5.0
265,120835,3.5
265,120930,3.0
265,121231,4.5
265,121247,3.0
265,121372,5.0
265,121374,4.0
265,122274,3.0
265,122308,5.0
265,122312,3.0
265,122327,2.5
265,122882,4.5
265,122886,4.0
265,122892,2.0
265,122900,3.5
265,122904,4.0
265,122906,2.0
265,122910,2.0
265,122912,4.0
265,122914,3.5
265,122916,4.0
265,122918,4.0
265,122920,4.0
265,122922,4.5
265,122924,2.0
265,122926,4.0
265,122940,3.0
265,123497,5.0
265,125986,4.0
265,126020,4.0
265,126070,3.0
265,126100,3.5
265,126106,5.0
265,126749,4.0
265,126769,0.5
265,127096,2.5
265,127098,4.5
265,127152,5.0
265,127198,3.5
265,127321,3.5
265,127390,3.5
265,128099,4.5
265,128360,5.0
265,128366,5.0
265,128838,3.0
265,128854,5.0
265,128975,3.0
265,129370,3.5
265,129673,3.0
265,129737,2.5
265,130044,5.0
265,130052,3.5
265,130636,3.5
265,130684,4.0
265,130686,5.0
265,130840,4.5
265,131013,2.5
265,131180,3.0
265,131464,1.5
265,131724,4.5
265,132660,2.5
265,132888,5.0
265,132979,4.0
265,133207,2.0
265,133383,3.5
265,133419,3.0
265,133771,4.5
265,133832,3.0
265,134130,4.0
265,134204,4.0
265,134704,4.0
265,134706,5.0
265,134708,4.0
265,134819,5.0
265,134833,5.0
265,134859,3.0
265,135137,1.0
265,135216,0.5
265,135436,3.5
265,135508,3.5
265,135534,4.0
265,135536,0.5
265,135569,5.0
265,135613,4.5
265,135861,4.0
265,135889,4.0
265,135937,4.0
265,136020,2.0
265,136305,2.5
265,136469,5.0
265,136485,4.5
265,136602,5.0
265,136666,3.0
265,136798,4.0
265,136864,0.5
265,137595,4.0
265,138036,5.0
265,138202,3.5
265,138204,3.5
265,139385,2.5
265,139415,1.0
265,139419,4.0
265,139644,3.5
265,139719,4.0
265,140247,4.0
265,140267,5.0
265,140511,3.0
265,140523,3.5
265,140529,0.5
265,140561,4.0
265,140715,5.0
265,141139,3.5
265,141408,3.0
265,141544,4.5
265,141556,2.0
265,141718,3.5
265,141799,5.0
265,141866,5.0
265,142074,3.5
265,142082,4.0
265,142266,3.0
265,142366,3.5
265,142420,3.0
265,142422,5.0
265,142444,3.5
265,142488,3.5
265,142503,3.5
265,142540,4.0
265,142598,4.5
265,142997,3.5
265,142999,4.0
265,143345,3.5
265,143387,3.0
265,143657,5.0
265,143859,4.0
265,143959,1.0
265,143969,2.5
265,144072,3.0
265,144172,4.5
265,144224,5.0
265,144294,2.0
265,144482,4.0
265,144976,5.0
265,145070,4.0
265,145468,3.0
265,146656,4.5
265,147831,5.0
265,147833,5.0
265,147923,3.0
265,148238,4.0
265,148626,5.0
265,148667,5.0
265,148671,4.0
265,148689,4.0
265,148888,2.0
265,148956,2.5
265,149011,4.0
265,149186,1.5
265,149334,2.5
265,149354,3.0
265,150254,4.0
265,150776,4.0
265,150995,4.0
265,151639,2.5
265,151739,0.5
265,152031,3.5
265,152077,5.0
265,152372,4.0
265,152447,1.5
265,152664,3.0
265,152759,3.0
265,152970,5.0
265,153132,2.0
265,155358,2.5
265,155509,3.0
265,155820,4.0
265,155968,5.0
265,156609,3.5
265,156726,4.5
265,157797,2.5
265,157881,3.0
265,158238,5.0
265,158268,5.0
265,158528,3.0
265,158530,3.0
265,158783,5.0
265,158872,5.0
265,159061,4.0
265,159093,0.5
265,159415,4.0
265,159447,4.0
265,159735,3.0
265,159755,5.0
265,160080,0.5
265,160565,3.5
265,160567,3.0
265,160571,2.5
265,160674,1.5
265,161024,5.0
265,161131,2.5
265,161348,4.0
265,161580,3.0
265,161634,4.0
265,161650,2.5
265,161918,1.0
265,162082,4.5
265,162160,3.5
265,162304,3.0
265,162344,4.0
265,162864,4.5
265,162882,3.5
265,163056,4.5
265,163527,4.0
265,163747,2.0
265,163775,4.0
265,163809,3.5
265,163921,4.0
265,163937,3.0
265,163981,2.5
265,164103,2.5
265,164179,5.0
265,164185,0.5
265,164367,5.0
265,164395,3.5
265,164821,4.5
265,164909,4.0
265,164983,3.5
265,165105,3.0
265,165353,3.5
265,165483,5.0
265,165603,5.0
265,166024,5.0
265,166492,3.0
265,166528,1.5
265,166534,4.5
265,166613,3.5
265,166655,3.0
265,167174,4.5
265,167634,4.0
265,167680,3.5
265,167746,3.5
265,167764,4.0
265,167832,3.5
265,167844,4.0
265,168060,1.0
265,168122,4.5
265,168248,3.5
265,168250,4.0
265,168252,4.5
265,168288,3.5
265,168320,3.0
265,168326,5.0
265,168330,3.5
265,168348,4.0
265,168430,2.5
265,168612,2.5
265,168632,3.5
265,168650,2.5
265,168862,3.5
265,169670,4.5
265,169672,1.5
265,169984,3.0
265,170263,3.0
265,170355,5.0
265,170357,5.0
265,170411,5.0
265,170555,3.5
265,170571,5.0
265,170729,5.0
265,170813,3.0
265,170927,3.5
265,170945,4.0
265,171253,3.5
265,171439,3.5
265,171495,4.0
265,171647,4.5
265,171763,5.0
265,171765,5.0
265,171769,3.5
265,171867,3.5
265,172107,4.0
265,172877,4.0
265,173255,3.5
265,173925,3.0
265,174395,4.0
265,174423,3.5
265,174483,1.0
265,174485,3.5
265,174493,3.5
265,174681,3.5
265,174909,4.0
265,174933,5.0
265,175281,3.0
265,175303,3.0
265,175441,3.5
265,175485,3.0
265,175655,4.0
265,175661,4.5
265,175693,3.0
265,176101,4.0
265,176567,5.0
265,176599,4.0
265,176801,5.0
265,176921,2.5
265,176929,5.0
265,176937,3.5
265,177023,4.0
265,177107,4.5
265,177287,4.5
265,177483,4.0
265,177593,5.0
265,177611,3.0
265,177615,4.0
265,177689,4.0
265,177765,3.0
265,178029,3.5
265,178447,3.5
265,178521,4.5
265,178523,3.5
265,178667,5.0
265,179085,5.0
265,179221,5.0
265,179247,4.0
265,179333,3.5
265,179401,4.0
265,179417,5.0
265,179491,4.0
265,179749,5.0
265,179819,3.0
265,179953,3.0
265,180031,4.5
265,180297,3.5
265,180539,3.5
265,180555,3.0
265,181267,5.0
265,182353,4.5
265,182637,4.5
265,182715,5.0
265,182823,2.5
265,183077,3.5
265,183197,5.0
265,183227,5.0
265,183457,0.5
265,183611,4.0
265,183613,4.0
265,183661,0.5
265,183837,4.0
265,183843,5.0
265,183855,2.5
265,183869,5.0
265,183897,4.0
265,183909,4.0
265,183927,3.5
265,183959,4.5
265,184017,2.5
265,184023,4.0
265,184157,3.5
265,184253,2.5
265,184257,5.0
265,184687,4.0
265,184931,3.0
265,185029,4.0
265,185169,2.5
265,185435,3.5
265,185481,4.5
265,185571,0.5
265,185927,3.0
265,185977,0.5
265,185979,5.0
265,185989,1.0
265,185991,0.5
265,187031,3.0
265,187067,3.5
265,187231,3.5
265,187309,1.0
265,187531,5.0
265,187593,4.0
265,187595,3.0
265,187959,3.0
265,188189,5.0
265,188301,4.0
265,188303,3.5
265,188305,2.5
265,188307,3.0
265,188541,3.0
265,188625,4.0
265,188749,2.0
265,188753,3.5
265,188797,2.5
265,188941,3.5
265,189203,5.0
265,189333,4.0
265,189809,4.0
265,189893,4.5
265,190555,4.0
265,190741,4.0
265,190945,3.5
265,191367,3.5
265,191415,3.5
265,191799,2.5
265,191811,0.5
265,191991,3.0
265,192051,3.5
265,192081,3.0
265,192245,4.5
265,192307,3.0
265,192315,2.5
265,192379,4.0
265,192381,5.0
265,192389,2.5
265,192559,3.5
265,192561,3.0
265,192997,4.5
265,193041,5.0
265,193185,3.5
265,193449,4.0
265,193898,3.5
265,193906,3.5
265,193944,3.5
265,193958,4.0
265,194004,5.0
265,194016,3.5
265,194044,5.0
265,194342,3.5
265,194396,4.0
265,194400,0.5
265,194556,5.0
265,194614,5.0
265,194762,5.0
265,194947,3.0
265,194951,1.5
265,195159,4.0
265,195295,5.0
265,195343,3.5
265,195733,3.0
265,196053,4.0
265,196223,4.0
265,196425,3.0
265,196659,3.0
265,196889,4.5
265,196997,5.0
265,197175,3.5
265,197343,3.0
265,197377,3.0
265,197537,3.5
265,197605,4.0
265,197615,3.0
265,197663,5.0
265,197677,3.5
265,197691,3.0
265,197697,3.5
265,197709,3.5
265,197711,4.5
265,197987,4.0
265,198111,3.0
265,198653,3.0
265,198673,3.5
265,198951,4.0
265,199223,3.5
265,199305,5.0
265,199538,3.0
265,199748,4.0
265,199866,3.5
265,200110,4.0
265,200200,3.5
265,200300,3.5
265,200332,5.0
265,200776,3.5
265,200818,4.0
265,200820,3.0
265,200838,3.0
265,201242,0.5
265,201286,3.5
265,201292,3.5
265,201294,3.0
265,201306,4.5
265,201340,5.0
265,201360,3.0
265,201368,5.0
265,201586,2.5
265,201594,3.5
265,201628,3.5
265,201646,5.0
265,201737,5.0
265,201773,4.0
265,201811,3.5
265,201847,3.5
265,202159,3.0
265,202395,5.0
265,202429,5.0
265,202439,5.0
265,202519,3.0
265,202705,3.0
265,202803,5.0
265,203208,3.0
265,203218,3.5
265,203244,3.5
265,203449,4.0
265,203523,4.0
265,203922,4.0
265,204268,2.0
265,204542,1.5
265,204620,2.5
265,204690,3.5
265,204692,3.5
265,204698,2.0
265,204704,5.0
265,204708,4.0
265,204832,4.0
265,204878,5.0
265,205054,3.0
265,205156,5.0
265,205205,2.5
265,205281,4.0
265,205303,4.0
265,205383,5.0
265,205425,5.0
265,205441,5.0
265,205994,1.5
265,205998,3.5
265,206117,3.5
265,206208,5.0
265,206246,2.5
265,206262,2.5
265,206272,3.5
265,206329,3.5
265,206449,3.5
265,206499,3.5
265,206653,3.5
265,206755,3.5
265,206805,3.5
265,206845,3.5
265,206857,5.0
265,207117,4.0
265,207165,3.5
265,207233,4.0
265,207301,5.0
265,207309,2.5
265,207313,4.5
265,207367,4.5
265,207405,4.0
265,208104,4.0
265,208205,3.0
265,208251,5.0
265,208621,5.0
265,209333,4.5
265,209497,4.5
265,209917,3.5
265,209965,4.0
265,210041,3.0
265,210455,3.0
265,210539,5.0
265,210569,3.0
265,210571,1.5
265,210573,3.0
265,210577,3.5
265,210621,3.5
265,210859,4.0
265,210861,3.5
265,210867,3.0
265,210897,4.0
265,211243,5.0
265,211245,4.0
265,211249,4.0
265,211684,3.5
265,211966,4.0
265,212074,3.5
265,212088,4.0
265,212361,4.5
265,212363,4.0
265,212371,2.5
265,212373,5.0
265,212461,4.0
265,212847,4.0
265,212853,3.5
265,213131,2.5
265,213347,4.0
265,213355,0.5
265,213397,5.0
265,213604,5.0
265,213844,3.0
265,213892,3.5
265,214668,4.0
265,214772,5.0
265,215499,5.0
265,215623,4.0
265,215685,5.0
265,215711,4.0
265,215929,2.5
265,216402,3.5
265,216735,4.0
265,216745,0.5
265,216801,1.0
265,216963,5.0
265,217079,4.0
265,217146,3.5
265,217465,4.0
265,217913,4.0
265,217947,4.5
265,218469,1.0
265,218525,3.5
265,218537,5.0
265,219015,3.5
265,219392,4.5
265,219412,5.0
265,219416,5.0
265,219705,3.0
265,220708,3.0
265,220922,3.5
265,221160,3.5
265,221246,4.0
265,221396,2.5
265,221564,4.0
265,221850,3.5
265,221886,4.0
265,222081,4.0
265,222455,4.0
265,222907,3.5
265,223204,4.0
265,223944,2.5
265,223988,1.5
265,224032,3.5
265,224034,1.5
265,224220,4.0
265,224266,2.5
265,224280,4.0
265,224324,4.0
265,224733,5.0
265,225165,5.0
265,225169,4.5
265,225173,4.0
265,225625,5.0
265,225766,1.0
265,225912,4.0
265,225970,4.5
265,225984,4.0
265,225986,4.0
265,225998,5.0
265,226202,4.0
265,226280,4.0
265,226580,4.5
265,226642,3.0
265,226672,3.5
265,226692,4.0
265,226694,3.5
265,226888,5.0
265,227068,2.5
265,227666,4.0
265,227688,2.0
265,228447,5.0
265,229135,0.5
265,229455,3.0
265,229797,4.0
265,229991,3.0
265,230183,4.0
265,230231,4.0
265,230301,4.5
265,230723,4.0
265,231807,3.5
265,231811,3.5
265,232587,3.0
265,232829,4.0
265,233171,5.0
265,234536,1.0
265,234591,3.0
265,235041,2.0
265,235595,5.0
265,236989,3.5
265,237372,4.0
265,237856,3.0
265,239040,3.5
265,239256,2.5
265,239484,4.0
265,240138,5.0
265,240270,3.5
265,240452,2.0
265,241664,5.0
265,242772,3.0
265,242774,2.5
265,242894,4.0
265,242906,4.0
265,243656,3.5
265,244178,4.0
265,244906,4.0
265,245662,0.5
265,245818,2.5
265,246238,3.0
265,246402,2.5
265,248718,5.0
265,248912,2.5
265,249122,2.5
265,249536,3.0
265,250010,3.0
265,250362,3.0
265,250494,3.5
265,250546,3.0
265,250920,0.5
265,251086,5.0
265,251244,0.5
265,251606,2.5
265,251738,3.5
265,252214,3.5
265,252286,3.0
265,252474,1.0
265,252484,1.0
265,252930,0.5
265,253138,3.0
265,253396,3.0
265,253498,3.5
265,253620,3.0
265,253770,3.5
265,253772,5.0
265,253774,1.5
265,253906,2.0
265,253972,3.0
265,254452,4.0
265,254514,3.5
265,254684,4.5
265,255025,4.0
265,255335,3.5
265,255337,3.0
265,255655,4.5
265,255657,3.5
265,257389,3.0
265,257423,4.0
265,257581,3.5
265,257709,2.5
265,257751,2.5
265,257777,5.0
265,257983,5.0
265,258279,3.5
265,258451,5.0
265,258565,3.0
265,258575,4.0
265,259005,2.5
265,259715,4.0
265,259725,1.0
265,259891,4.5
265,260665,3.0
265,260669,4.0
265,260823,2.5
265,260841,3.5
265,260929,5.0
265,261187,3.5
265,261325,1.0
265,261583,3.5
265,261595,3.5
265,261705,3.0
265,261755,1.0
265,261759,3.0
265,261809,4.0
265,262721,3.0
265,263007,5.0
265,263009,0.5
265,263405,3.5
265,263407,4.0
265,265066,2.5
265,265148,2.0
265,265204,2.5
265,265460,3.5
265,267394,5.0
265,267424,3.0
265,267456,2.5
265,268642,4.0
265,268732,5.0
265,269146,3.5
265,269170,2.5
265,269226,5.0
265,269436,5.0
265,269820,3.0
265,269872,0.5
265,270406,3.5
265,270698,5.0
265,270772,3.5
265,271160,1.0
265,271204,4.0
265,271799,3.5
265,271865,4.0
265,272135,3.5
265,272525,4.0
265,272541,4.0
265,272587,0.5
265,273809,4.0
265,274195,3.5
265,274249,4.0
265,274971,3.5
265,274981,3.5
265,275079,5.0
265,275091,4.5
265,275167,3.5
265,275191,3.5
265,275245,2.0
265,275433,4.5
265,275441,1.0
265,275463,4.0
265,276137,4.0
265,276663,3.5
265,276687,4.0
265,276757,5.0
265,276929,3.5
265,277066,5.0
265,277152,3.5
265,277566,3.5
265,277590,4.0
265,278236,3.0
265,278260,3.0
265,278420,5.0
265,278446,5.0
265,278586,4.5
265,278702,4.5
265,278794,3.5
265,278800,4.0
265,279182,2.5
265,279186,3.0
265,279188,5.0
265,279262,3.0
265,279334,3.5
265,279384,2.5
265,279428,2.0
265,279562,4.0
265,279630,2.5
265,279780,2.5
265,279812,4.0
265,279988,4.0
265,280048,2.0
265,280100,3.5
265,280106,4.5
265,280310,0.5
265,280476,4.0
265,280514,4.0
265,280690,4.0
265,280786,3.0
265,280868,5.0
265,281048,3.5
265,281096,4.0
265,281132,5.0
265,281140,3.5
265,281190,4.5
265,281208,3.0
265,281348,3.0
265,281660,0.5
265,281688,3.5
265,281746,5.0
265,281890,4.0
265,281904,5.0
265,281948,3.5
265,282125,3.5
265,282147,3.5
265,282649,1.0
265,282799,3.0
265,282835,4.0
265,282843,4.0
265,282959,4.0
265,283177,3.5
265,283223,3.5
265,283871,5.0
265,283873,3.0
265,284193,2.0
265,284489,3.5
265,284565,4.5
265,284611,4.0
265,284747,5.0
265,284879,4.5
265,285593,5.0
265,285851,3.0
265,286107,3.5
265,286131,5.0
265,286355,4.0
265,286357,4.5
265,286605,4.0
265,286761,5.0
265,286777,4.0
265,287017,3.5
265,287227,2.0
265,287707,3.5
265,288265,3.0
265,288279,4.0
265,288529,2.5
265,289317,1.0
265,289741,1.5
265,290263,3.5
266,260,4.0
266,358,3.0
266,524,5.0
266,538,5.0
266,608,2.0
266,898,4.0
266,1035,5.0
266,1259,5.0
266,1266,2.0
266,1297,5.0
266,1544,4.0
266,2028,4.0
266,2160,2.0
266,2231,5.0
266,2291,3.0
266,2313,3.0
266,2858,5.0
266,3148,5.0
266,3160,4.0
266,3325,2.0
266,3408,5.0
266,3450,5.0
266,3510,5.0
267,2,5.0
267,19,1.0
267,25,2.0
267,47,3.0
267,60,3.0
267,62,4.0
267,105,5.0
267,110,4.0
267,132,3.0
267,161,3.0
267,165,3.0
267,193,3.0
267,204,2.0
267,208,3.0
267,225,3.0
267,262,3.0
267,282,3.0
267,344,3.0
267,349,4.0
267,350,3.0
267,356,4.0
267,367,3.0
267,368,3.0
267,383,3.0
267,412,3.0
267,434,3.0
267,435,2.0
267,440,3.0
267,454,3.0
267,457,4.0
267,474,4.0
267,480,2.0
267,485,3.0
267,500,3.0
267,509,4.0
267,534,4.0
267,539,3.0
267,540,3.0
267,553,3.0
267,586,3.0
267,589,3.0
267,590,4.0
267,592,3.0
267,593,5.0
267,1027,3.0
267,1028,3.0
267,1036,3.0
267,1101,2.0
268,6,4.0
268,10,1.5
268,16,4.0
268,19,0.5
268,32,4.0
268,47,4.0
268,50,3.5
268,62,4.0
268,105,0.5
268,110,4.0
268,111,4.0
268,150,4.0
268,153,0.5
268,165,4.0
268,231,3.0
268,253,3.5
268,260,0.5
268,296,4.5
268,317,4.0
268,318,4.5
268,329,4.0
268,344,1.0
268,356,3.5
268,367,1.0
268,380,4.0
268,454,4.0
268,457,4.0
268,480,4.5
268,492,0.5
268,527,4.5
268,539,3.5
268,541,2.5
268,586,4.5
268,589,4.0
268,593,4.5
268,608,4.5
268,648,4.0
268,750,4.0
268,784,0.5
268,858,4.0
268,903,4.0
268,904,4.0
268,920,1.0
268,924,2.0
268,1036,4.5
268,1078,0.5
268,1079,0.5
268,1089,4.0
268,1090,4.0
268,1093,0.5
268,1096,0.5
268,1097,2.0
268,1193,3.5
268,1198,4.5
268,1200,4.5
268,1201,4.5
268,1207,1.0
268,1208,3.5
268,1210,0.5
268,1213,4.0
268,1214,4.5
268,1219,4.5
268,1221,4.0
268,1222,4.0
268,1228,4.0
268,1230,0.5
268,1244,0.5
268,1246,3.5
268,1247,4.0
268,1258,4.5
268,1262,3.5
268,1263,4.0
268,1265,3.5
268,1266,4.0
268,1270,2.5
268,1278,4.0
268,1288,4.0
268,1291,4.0
268,1301,4.0
268,1333,4.0
268,1343,4.0
268,1356,4.5
268,1370,4.0
268,1371,3.0
268,1372,4.5
268,1373,2.0
268,1374,4.5
268,1375,4.0
268,1376,4.0
268,1387,4.0
268,1407,4.0
268,1485,2.0
268,1527,4.0
268,1544,4.0
268,1580,1.0
268,1625,0.5
268,1653,3.5
268,1682,2.5
268,1701,0.5
268,1704,4.0
268,1722,1.5
268,1729,3.5
268,1732,2.5
268,1784,4.0
268,1884,0.5
268,1921,4.0
268,1955,0.5
268,2009,3.5
268,2028,4.5
268,2053,2.5
268,2054,3.0
268,2064,0.5
268,2115,4.0
268,2186,4.5
268,2288,4.0
268,2291,3.5
268,2321,2.0
268,2329,4.0
268,2393,4.0
268,2403,4.0
268,2413,4.0
268,2417,0.5
268,2423,4.0
268,2424,1.0
268,2455,4.0
268,2469,0.5
268,2529,4.0
268,2571,4.0
268,2628,0.5
268,2664,4.0
268,2692,3.0
268,2701,0.5
268,2762,4.0
268,2763,2.5
268,2795,4.0
268,2858,4.0
268,2916,4.0
268,2947,4.5
268,2948,4.5
268,2949,4.5
268,2951,4.5
268,2953,4.5
268,2959,4.5
268,2973,0.5
268,2993,3.0
268,2997,4.0
268,3082,1.5
268,3160,4.0
268,3174,0.5
268,3175,4.0
268,3258,0.5
268,3300,2.0
268,3358,0.5
268,3362,3.5
268,3388,1.0
268,3408,1.0
268,3499,4.0
268,3527,3.5
268,3535,4.0
268,3555,3.5
268,3578,4.0
268,3591,1.0
268,3593,0.5
268,3617,2.5
268,3623,3.5
268,3681,4.0
268,3751,4.0
268,3752,1.5
268,3753,3.5
268,3755,3.5
268,3793,1.5
268,3814,0.5
268,3825,0.5
268,3863,1.0
268,3882,0.5
268,3897,0.5
268,3911,4.0
268,3916,2.5
268,3927,4.0
268,3948,2.5
268,3949,4.0
268,3959,4.0
268,3967,2.0
268,3977,1.0
268,3984,3.0
268,3986,3.5
268,3988,1.5
268,3994,3.5
268,4002,4.0
268,4011,4.0
268,4015,1.5
268,4022,3.5
268,4023,3.5
268,4025,0.5
268,4027,3.0
268,4034,4.0
268,4069,0.5
268,4223,4.0
268,4226,4.5
268,4239,3.5
268,4246,0.5
268,4306,3.0
268,4308,3.5
268,4310,2.5
268,4367,1.5
268,4447,1.0
268,4489,3.5
268,4502,0.5
268,4587,0.5
268,4643,0.5
268,4718,2.0
268,4720,3.5
268,4728,2.5
268,4733,0.5
268,4776,4.0
268,4816,4.0
268,4855,4.0
268,4878,4.0
268,4886,3.0
268,4896,0.5
268,4963,4.0
268,4973,2.0
268,4975,3.5
268,4979,3.5
268,4993,3.5
268,4994,0.5
268,4995,4.0
268,5010,4.0
268,5015,2.0
268,5152,4.5
268,5218,2.0
268,5339,0.5
268,5349,3.5
268,5378,0.5
268,5388,4.5
268,5418,3.5
268,5420,2.0
268,5445,4.0
268,5449,2.5
268,5459,1.5
268,5464,4.0
268,5481,2.0
268,5502,3.5
268,5528,3.5
268,5620,0.5
268,5669,0.5
268,5670,4.0
268,5679,4.0
268,5816,0.5
268,5872,1.5
268,5903,2.5
268,5944,3.5
268,5952,3.5
268,5956,3.0
268,5989,3.5
268,5991,1.0
268,5992,0.5
268,5995,4.5
268,6100,0.5
268,6155,1.0
268,6157,0.5
268,6188,2.5
268,6213,3.5
268,6218,0.5
268,6323,3.5
268,6365,2.5
268,6373,0.5
268,6377,1.5
268,6378,3.5
268,6502,4.0
268,6503,0.5
268,6534,0.5
268,6537,1.5
268,6539,4.0
268,6584,0.5
268,6593,0.5
268,6711,1.5
268,6750,0.5
268,6863,4.0
268,6870,4.5
268,6874,4.0
268,6934,2.0
268,6936,2.5
268,6942,1.5
268,6947,2.5
268,7143,3.0
268,7147,1.5
268,7150,0.5
268,7153,3.5
268,7254,2.5
268,7293,3.5
268,7318,4.0
268,7325,1.0
268,7347,3.5
268,7361,1.5
268,7438,4.0
268,7445,3.0
268,7451,3.0
268,7458,3.5
268,7983,0.5
268,8360,2.5
268,8361,0.5
268,8368,0.5
268,8376,3.0
268,8464,4.0
268,8528,3.5
268,8529,1.0
268,8622,0.5
268,8636,4.0
268,8641,3.0
268,8644,2.0
268,8783,2.5
268,8784,2.0
268,8798,2.5
268,8865,2.0
268,8874,3.0
268,8914,4.0
268,8917,3.5
268,8950,3.5
268,8957,4.0
268,8961,2.5
268,8970,0.5
268,8972,3.5
268,8984,2.0
268,27660,0.5
268,27706,0.5
268,30707,3.5
268,30793,1.0
268,30810,2.5
268,30812,4.0
268,30825,1.0
268,31685,1.5
268,31696,2.0
268,32234,0.5
268,32587,2.5
268,33162,1.0
268,33166,1.0
268,33493,0.5
268,33679,2.0
268,33779,0.5
268,33794,4.0
268,34048,2.5
268,34150,0.5
268,34162,3.0
268,34319,2.0
268,34334,0.5
268,35836,2.5
268,36529,3.5
268,37729,1.0
268,37741,3.5
268,39183,1.0
268,39449,0.5
268,40278,4.5
268,40629,0.5
268,40815,0.5
268,41285,0.5
268,41566,2.0
268,41569,2.0
268,41997,2.5
268,42011,0.5
268,44191,2.5
268,44665,4.0
268,45186,4.0
268,45668,0.5
268,45720,0.5
268,45950,0.5
268,46578,2.0
268,46970,2.0
268,46972,2.5
268,46976,1.0
268,47099,0.5
268,48304,3.5
268,48385,3.5
268,48516,5.0
268,48738,1.0
268,48774,3.5
268,48780,4.0
268,49272,4.0
268,49278,2.5
268,49530,4.0
268,50601,0.5
268,50872,3.0
268,51086,0.5
268,51540,3.5
268,51662,4.0
268,52281,3.5
268,52722,0.5
268,52973,2.0
268,53121,2.5
268,53322,1.5
268,53464,0.5
268,53894,0.5
268,53996,0.5
268,54001,0.5
268,54272,3.5
268,54286,2.5
268,54503,3.5
268,54997,4.0
268,55247,0.5
268,55269,4.0
268,55290,3.5
268,55765,3.5
268,55820,4.5
268,55946,0.5
268,56145,3.0
268,56174,2.5
268,56367,1.5
268,56563,3.5
268,56587,1.5
268,56757,0.5
268,56775,3.5
268,56782,4.5
268,57147,0.5
268,57368,3.0
268,57640,0.5
268,57669,1.5
268,58025,0.5
268,58315,1.0
268,58559,4.0
268,58803,3.0
268,58998,3.0
268,59315,0.5
268,59369,4.0
268,59615,1.5
268,59784,1.5
268,60040,0.5
268,60069,2.5
268,60072,1.0
268,60074,1.5
268,60397,0.5
268,60684,2.5
268,60756,3.0
268,60950,0.5
268,61024,3.5
268,61132,3.0
268,61160,0.5
268,61323,2.5
268,63072,3.5
268,63082,1.0
268,63113,3.5
268,63992,0.5
268,64614,3.5
268,64716,0.5
268,64957,2.5
268,64969,0.5
268,64983,4.5
268,65514,3.5
268,67255,2.0
268,67695,0.5
268,68157,4.5
268,68237,3.5
268,68319,2.5
268,68358,4.0
268,68954,2.5
268,69122,3.5
268,69406,0.5
268,69481,4.0
268,69526,0.5
268,69640,1.0
268,69757,0.5
268,69844,0.5
268,69951,0.5
268,70286,4.5
268,70293,0.5
268,70336,0.5
268,70728,1.5
268,71211,3.5
268,71282,1.0
268,71450,0.5
268,71535,3.5
268,72226,3.5
268,72294,0.5
268,72378,0.5
268,72407,0.5
268,72998,3.0
268,73017,0.5
268,73321,3.0
268,74275,0.5
268,74458,4.0
268,74647,0.5
268,74789,0.5
268,74795,1.5
268,76175,0.5
268,76251,3.0
268,76293,3.0
268,77307,0.5
268,77561,0.5
268,78499,2.0
268,78574,0.5
268,78772,0.5
268,79006,0.5
268,79132,4.5
268,79293,3.0
268,80463,4.0
268,80489,3.5
268,81229,3.0
268,81591,3.5
268,81834,0.5
268,81845,4.0
268,81932,4.5
268,82202,0.5
268,82459,4.0
268,84152,4.0
268,84772,1.0
268,84954,1.0
268,85414,4.0
268,86293,0.5
268,86332,0.5
268,86833,2.0
268,86882,0.5
268,86911,0.5
268,87232,2.5
268,87306,4.0
268,87430,0.5
268,87483,0.5
268,87520,0.5
268,87869,3.5
268,88125,0.5
268,88129,3.5
268,88140,0.5
268,88192,0.5
268,88405,0.5
268,88744,4.0
268,89470,4.0
268,89492,4.0
268,89745,0.5
268,89774,2.0
268,89804,4.0
268,89864,3.5
268,90345,4.0
268,90890,0.5
268,91104,0.5
268,91128,0.5
268,91261,0.5
268,91500,0.5
268,91529,4.0
268,91542,0.5
268,91630,4.0
268,91658,2.0
268,91890,0.5
268,92420,3.5
268,93040,4.5
268,93510,3.5
268,93721,3.5
268,93840,4.0
268,94018,0.5
268,94074,0.5
268,94478,0.5
268,94777,1.0
268,94864,4.5
268,94959,4.0
268,95167,3.0
268,95201,0.5
268,95309,0.5
268,95441,2.0
268,95510,0.5
268,95604,4.5
268,96079,4.0
268,96610,4.5
268,96737,4.0
268,96811,4.0
268,96917,0.5
268,97188,3.5
268,97304,4.0
268,97752,3.5
268,97921,1.0
268,97923,3.5
268,98203,0.5
268,98809,3.0
268,98961,4.0
268,99114,4.0
268,99917,3.5
268,100383,4.0
268,100390,0.5
268,101076,0.5
268,101283,0.5
268,101680,0.5
268,101864,3.0
268,102125,0.5
268,102407,0.5
268,102445,4.0
268,102686,0.5
268,102903,0.5
268,103042,1.0
268,103228,3.5
268,103249,4.0
268,103253,1.5
268,103335,0.5
268,103341,2.5
268,103372,2.5
268,103384,0.5
268,103688,4.0
268,103980,2.5
268,104211,0.5
268,104841,4.0
268,104879,4.0
268,104913,4.5
268,105504,4.0
268,105844,1.0
268,106072,0.5
268,106100,3.5
268,106487,0.5
268,106489,3.5
268,106782,4.5
268,106841,0.5
268,106916,2.0
268,106918,1.0
268,106920,4.0
268,107069,4.0
268,107348,1.0
268,107406,4.0
268,108190,0.5
268,108729,4.5
268,108928,1.0
268,109374,4.0
268,109487,4.0
268,109848,3.5
268,110102,0.5
268,110553,0.5
268,110730,0.5
268,111235,4.0
268,111360,2.5
268,111362,3.5
268,111364,3.5
268,111759,4.0
268,111781,4.0
268,112183,1.5
268,112370,0.5
268,112556,4.5
268,112623,4.0
268,112852,0.5
268,113378,0.5
268,114180,0.5
268,114662,4.0
268,114935,4.0
268,115122,4.5
268,115149,4.5
268,115210,4.5
268,115231,0.5
268,115569,4.0
268,115713,4.0
268,116781,0.5
268,116797,4.0
268,116823,0.5
268,116977,0.5
268,117176,1.0
268,117529,2.5
268,118696,3.5
268,118702,2.0
268,118854,4.0
268,118997,0.5
268,119145,3.5
268,120807,4.5
268,120813,0.5
268,120815,0.5
268,121231,4.0
268,122882,5.0
268,122886,0.5
268,122892,0.5
268,122898,0.5
268,122900,0.5
268,122902,0.5
268,122904,1.0
268,122906,0.5
268,122910,0.5
268,122912,0.5
268,122914,0.5
268,122916,0.5
268,122918,0.5
268,122920,0.5
268,122922,0.5
268,122924,0.5
268,122926,0.5
268,125914,0.5
268,126186,0.5
268,126430,4.0
268,127152,3.5
268,127390,4.5
268,128360,4.0
268,130490,0.5
268,132555,4.0
268,132561,4.0
268,132614,0.5
268,133281,0.5
268,133771,4.0
268,134130,0.5
268,134368,0.5
268,134393,0.5
268,134704,0.5
268,135133,0.5
268,135143,0.5
268,135426,0.5
268,135536,0.5
268,135569,4.0
268,136018,1.0
268,136020,4.0
268,136469,4.0
268,136485,4.0
268,136864,0.5
268,138210,1.0
268,139086,4.0
268,139088,3.0
268,139090,4.0
268,139092,2.5
268,139098,3.5
268,139100,2.5
268,139385,4.5
268,139415,0.5
268,139644,4.5
268,140247,4.0
268,140928,0.5
268,140956,0.5
268,141422,0.5
268,141866,4.0
268,142488,3.5
268,143345,0.5
268,143347,0.5
268,143355,1.5
268,143367,4.0
268,143385,4.0
268,144716,0.5
268,144976,4.0
268,145066,0.5
268,146656,4.0
268,148626,4.5
268,148679,0.5
268,149354,0.5
268,152077,4.0
268,152081,2.5
268,155384,0.5
268,155659,0.5
268,157312,0.5
268,157969,0.5
268,158238,2.5
268,158813,0.5
268,160080,0.5
268,160271,0.5
268,160590,2.5
268,161582,4.0
268,161634,3.5
268,161920,0.5
268,162738,0.5
268,163529,0.5
268,163645,4.0
268,164179,4.5
268,164909,1.5
268,165069,4.0
268,165527,0.5
268,165539,0.5
268,166528,1.0
268,166635,0.5
268,168248,4.0
268,168250,1.5
268,168252,3.0
268,169330,0.5
268,170046,0.5
268,170705,4.5
268,170817,0.5
268,170907,4.5
268,171763,3.5
268,172887,0.5
268,172889,0.5
268,173139,0.5
268,173145,4.0
268,173291,0.5
268,174055,5.0
268,174407,0.5
268,174585,0.5
268,175569,4.0
268,175593,0.5
268,176731,0.5
268,177615,1.0
268,177883,4.0
268,179417,0.5
268,179451,4.0
268,179819,0.5
268,180031,0.5
268,180265,0.5
268,180497,0.5
268,181355,4.0
268,181357,4.0
268,182615,4.5
268,182637,0.5
268,182715,4.0
268,183421,0.5
268,183837,0.5
268,184257,4.0
268,184987,0.5
268,185001,0.5
268,185927,4.0
268,185997,0.5
268,186001,0.5
268,186587,0.5
268,186777,0.5
268,187199,0.5
268,187505,0.5
268,187507,0.5
268,187531,4.0
268,187593,0.5
268,187595,0.5
268,187717,3.5
268,188301,0.5
268,188751,0.5
268,189013,0.5
268,189333,4.5
268,189363,0.5
268,189713,0.5
268,192045,1.0
268,192385,0.5
268,192389,0.5
268,193185,0.5
268,193944,4.0
268,193950,4.0
268,194448,1.0
268,194664,4.0
268,195159,0.5
268,195161,0.5
268,195497,0.5
268,196891,4.0
268,196997,4.0
268,197691,4.0
268,197711,1.5
268,197879,4.0
268,198157,0.5
268,200118,0.5
268,200448,0.5
268,200818,4.0
268,200822,1.0
268,201340,4.0
268,201586,0.5
268,201773,0.5
268,202429,4.5
268,203222,0.5
268,203375,4.0
268,204352,4.5
268,204698,4.5
268,205383,3.5
268,205441,0.5
268,206431,0.5
268,206845,0.5
268,208205,0.5
268,208703,4.5
268,208939,0.5
268,209315,1.5
268,210571,0.5
268,210575,0.5
268,210577,0.5
268,210851,0.5
268,210877,4.5
268,211391,0.5
268,212395,0.5
268,212847,0.5
268,212869,0.5
269,17,4.0
269,163,4.0
269,168,3.5
269,223,1.0
269,260,2.5
269,318,3.5
269,520,3.0
269,548,4.0
269,588,3.0
269,1027,3.5
269,1049,4.5
269,1090,3.5
269,1188,4.0
269,1196,3.5
269,1204,3.0
269,1210,3.0
269,1222,4.0
269,1250,4.5
269,1262,4.0
269,1517,2.0
269,1639,1.0
269,1676,4.0
269,1876,2.5
269,1917,2.0
269,2012,4.0
269,2194,4.0
269,2406,3.5
269,2700,0.5
269,2826,4.0
269,3114,4.0
269,3176,2.5
269,3793,2.5
269,3996,4.0
269,4025,4.0
269,4027,3.0
269,4306,4.0
269,4993,4.5
269,4995,3.5
269,5349,5.0
269,5378,3.0
269,5464,3.5
269,5956,2.0
269,6874,4.5
269,7318,4.0
269,7376,3.5
269,7380,2.5
269,7439,4.0
269,7445,4.5
269,8880,2.5
270,1,5.0
270,32,5.0
270,260,3.5
270,296,4.5
270,318,5.0
270,344,4.0
270,356,4.5
270,364,4.5
270,367,4.0
270,377,4.0
270,379,3.0
270,380,4.0
270,480,3.5
270,531,4.0
270,541,3.0
270,546,1.0
270,587,0.5
270,589,5.0
270,593,1.5
270,608,1.5
270,648,4.5
270,719,1.5
270,733,3.5
270,736,2.5
270,761,0.5
270,858,4.5
270,1097,2.5
270,1120,3.0
270,1196,5.0
270,1198,4.5
270,1210,4.5
270,1499,4.0
270,1556,2.5
270,1580,3.5
270,1704,5.0
270,1721,3.0
270,1748,3.5
270,1894,4.5
270,2028,5.0
270,2278,3.5
270,2420,4.5
270,2567,5.0
270,2628,4.5
270,2683,3.5
270,2694,4.0
270,2706,3.0
270,2716,2.0
270,2762,5.0
270,2918,5.0
270,2959,5.0
270,3114,4.5
270,3450,4.0
270,3578,5.0
270,3793,3.0
270,4027,5.0
270,4306,4.0
270,4734,5.0
270,4816,4.0
270,4878,5.0
270,4963,4.0
270,4975,5.0
270,4993,3.0
270,5349,4.5
270,5418,4.0
270,5445,4.5
270,5952,3.5
270,5989,4.5
270,6333,4.0
270,6365,4.5
270,6377,4.5
270,6539,3.0
270,6711,3.5
270,6874,3.5
270,7153,2.5
270,8368,4.5
270,8665,4.0
270,32587,5.0
270,33794,4.0
270,40815,2.5
270,45499,3.5
270,48385,4.5
270,49272,3.0
270,51662,4.5
271,32,2.5
271,356,3.5
271,541,3.5
271,589,3.0
271,597,4.5
271,924,3.0
271,1199,4.0
271,1240,3.0
271,1270,3.5
271,1517,3.0
271,1527,3.5
271,1653,5.0
271,1682,4.5
271,2321,4.0
271,2502,5.0
271,2571,5.0
271,2762,4.0
271,2858,4.5
271,2959,3.5
271,2997,5.0
271,3578,3.0
271,3793,1.5
271,3948,5.0
271,3959,5.0
271,4014,4.5
271,4022,4.5
271,4025,4.5
271,4232,5.0
271,4246,3.0
271,4306,5.0
271,4308,4.5
271,4310,3.0
271,4370,5.0
271,4700,4.5
271,4816,5.0
271,4823,5.0
271,4878,3.5
271,4886,1.5
271,4896,3.0
271,4963,3.5
271,4973,5.0
271,4993,0.5
271,4995,3.0
271,5171,2.5
271,5299,5.0
271,5349,1.5
271,5418,3.5
271,5445,4.0
271,5504,1.0
271,5952,1.5
271,6333,0.5
271,6377,5.0
271,6539,4.0
271,6874,4.0
271,6942,3.5
271,7022,4.0
271,7149,4.5
271,7153,0.5
271,7346,1.5
271,7361,4.0
271,7444,5.0
271,7458,4.0
271,8361,1.0
271,8373,4.0
271,8376,2.0
271,8529,4.5
271,8641,5.0
271,8644,2.0
271,8917,2.5
271,8961,4.0
271,30825,5.0
271,33794,1.5
271,34319,5.0
271,35836,3.5
271,44191,1.5
271,44193,4.0
271,47997,3.5
271,52245,4.5
271,56152,4.0
271,56941,5.0
271,60069,3.0
271,60756,2.0
271,69406,5.0
271,69757,2.0
271,76077,3.5
271,79132,3.0
271,79357,4.5
271,81591,4.5
271,81847,4.0
271,89002,1.0
271,89745,0.5
271,90405,4.0
271,91500,2.0
271,104211,3.5
271,104374,4.5
271,106920,5.0
271,115713,5.0
271,116797,3.5
271,116823,2.5
271,133771,3.5
271,143355,3.5
271,164179,4.5
271,166643,4.0
271,166946,4.0
271,176371,4.0
272,29,4.0
272,32,3.0
272,198,3.0
272,260,4.0
272,327,5.0
272,448,2.0
272,449,3.0
272,527,4.0
272,541,5.0
272,589,4.0
272,610,3.0
272,671,4.0
272,674,4.0
272,733,2.0
272,741,4.0
272,745,4.0
272,750,5.0
272,780,1.0
272,858,4.0
272,920,2.0
272,924,4.0
272,1036,4.0
272,1037,2.0
272,1090,3.0
272,1129,3.0
272,1148,4.0
272,1175,4.0
272,1196,4.0
272,1197,5.0
272,1198,4.0
272,1199,5.0
272,1200,5.0
272,1206,4.0
272,1208,5.0
272,1210,2.0
272,1214,4.0
272,1215,3.0
272,1217,4.0
272,1221,4.0
272,1222,4.0
272,1232,5.0
272,1240,5.0
272,1248,3.0
272,1270,3.0
272,1274,4.0
272,1278,3.0
272,1288,4.0
272,1301,4.0
272,1320,3.0
272,1371,2.0
272,1374,3.0
272,1375,3.0
272,1387,4.0
272,1394,4.0
272,1527,4.0
272,1544,4.0
272,1573,4.0
272,1580,2.0
272,1676,4.0
272,1690,4.0
272,1921,4.0
272,1924,3.0
272,1960,4.0
272,1965,4.0
272,2009,4.0
272,2010,3.0
272,2011,3.0
272,2012,3.0
272,2021,2.0
272,2028,4.0
272,2038,3.0
272,2105,4.0
272,2116,3.0
272,2117,4.0
272,2140,4.0
272,2311,3.0
272,2395,4.0
272,2454,4.0
272,2455,4.0
272,2528,4.0
272,2529,3.0
272,2571,5.0
272,2628,1.0
272,2640,2.0
272,2641,2.0
272,2657,3.0
272,2692,3.0
272,2858,5.0
272,2912,3.0
272,2916,3.0
272,2968,4.0
272,2985,4.0
272,3067,4.0
272,3101,4.0
272,3300,3.0
272,3388,1.0
272,3471,3.0
272,3503,4.0
272,3527,4.0
272,3697,2.0
272,3698,3.0
272,3699,1.0
272,3702,4.0
272,3703,3.0
272,3704,2.0
272,3745,1.0
272,3793,2.0
272,3932,4.0
272,3996,4.0
272,4079,4.0
272,4121,3.0
272,4275,2.0
272,4277,4.0
272,4343,2.0
272,4370,2.0
272,4446,2.0
272,4545,1.0
272,4552,3.0
272,4553,4.0
272,4626,3.0
272,4638,2.0
272,4642,5.0
272,4713,3.0
272,4941,4.0
272,4979,5.0
273,1,4.0
273,60,3.5
273,260,4.5
273,364,4.5
273,519,1.5
273,588,4.0
273,595,4.5
273,653,4.5
273,780,3.5
273,1015,3.5
273,1196,3.5
273,1197,4.5
273,1200,1.5
273,1210,4.0
273,1566,2.5
273,1580,3.5
273,2006,4.5
273,2571,4.0
273,2628,4.0
273,3114,4.0
273,3793,4.0
273,4016,5.0
273,4306,4.0
273,4886,4.0
273,4896,4.0
273,4973,4.5
273,4993,5.0
273,5218,4.5
273,5349,3.5
273,5433,4.0
273,5444,4.5
273,5459,3.5
273,5618,3.5
273,5952,4.5
273,6333,4.0
273,6365,2.5
273,6373,3.5
273,6377,3.5
273,6539,4.5
273,6754,2.0
273,7153,4.5
273,7373,3.0
273,8360,4.5
273,8368,4.0
273,8464,2.5
273,8636,3.5
273,8644,4.0
273,8961,4.5
273,30793,2.0
273,33493,4.0
273,40815,4.0
273,41566,4.0
273,42738,1.5
273,45499,3.0
273,45722,4.0
273,48394,4.5
273,50872,4.0
273,53125,3.5
273,53996,3.5
273,54259,4.5
273,55908,4.5
273,56587,3.5
273,57640,4.0
273,59315,4.0
273,59501,3.5
273,59784,4.0
273,60040,4.0
273,61160,4.5
273,67408,2.5
273,68319,4.0
273,68954,3.5
273,72998,5.0
273,76093,5.0
273,77561,3.5
273,78499,4.5
273,79091,4.5
273,79132,4.0
273,79139,3.5
273,79357,5.0
273,81564,4.5
273,81847,4.0
273,85397,4.5
273,86332,4.0
273,89745,4.5
273,90249,3.0
273,90647,4.0
273,91500,3.5
273,91974,1.5
273,93840,2.0
273,95167,4.0
273,95510,3.0
273,97752,3.5
273,98243,3.5
273,101112,4.0
273,102720,3.5
273,103141,4.5
273,106002,3.0
273,106072,4.0
273,106487,3.0
273,106696,4.5
273,108932,4.5
273,108945,1.5
273,112175,5.0
273,112852,4.5
273,115617,4.0
273,122892,4.5
273,122900,4.0
273,122904,4.0
273,122912,3.5
273,122914,3.0
273,122916,4.5
273,122918,4.0
273,122920,3.0
273,122922,4.5
273,122926,4.0
273,130520,3.0
273,134853,4.5
273,135436,3.5
273,135536,3.5
273,136467,4.0
273,152081,5.0
273,157296,4.5
273,160718,4.0
273,166461,4.0
273,167036,5.0
274,151,3.0
274,161,3.0
274,164,4.0
274,223,4.0
274,233,4.0
274,299,3.0
274,318,4.0
274,356,3.0
274,527,5.0
274,541,4.0
274,647,4.0
274,750,4.0
274,785,3.0
274,908,3.0
274,912,5.0
274,913,4.0
274,920,3.0
274,922,5.0
274,942,5.0
274,1078,4.0
274,1093,2.0
274,1179,5.0
274,1183,5.0
274,1196,3.0
274,1204,5.0
274,1207,4.0
274,1217,4.0
274,1222,3.0
274,1248,4.0
274,1252,5.0
274,1260,4.0
274,1263,5.0
274,1284,4.0
274,1299,3.0
274,1408,4.0
274,1513,4.0
274,1653,3.0
274,1911,4.0
274,1960,3.0
274,2028,3.0
274,2066,5.0
274,2067,4.0
274,2076,3.0
274,2186,4.0
274,2203,4.0
274,2333,4.0
274,2336,3.0
274,2355,4.0
274,2384,1.0
274,2395,4.0
274,2396,5.0
274,2427,3.0
274,2433,3.0
274,2443,4.0
274,2485,3.0
274,2539,4.0
274,2541,3.0
274,2568,3.0
274,2571,4.0
274,2572,3.0
274,2577,3.0
274,2580,5.0
274,2581,4.0
274,2599,5.0
274,2683,4.0
274,2692,4.0
274,2699,3.0
274,2707,3.0
274,2723,2.0
274,2762,5.0
274,2770,3.0
274,2804,4.0
274,2858,5.0
274,2883,1.0
274,2884,2.0
274,2890,4.0
274,2891,4.0
274,2912,3.0
274,2925,1.0
274,2966,3.0
274,2987,4.0
274,2997,3.0
274,3005,2.0
274,3006,5.0
274,3052,3.0
274,3078,4.0
274,3079,5.0
274,3083,4.0
274,3115,4.0
274,3125,4.0
274,3145,3.0
274,3148,3.0
274,3175,4.0
274,3176,3.0
274,3186,2.0
275,70,5.0
275,186,2.0
275,196,1.0
275,296,5.0
275,333,1.0
275,805,4.0
275,902,4.0
275,903,4.5
275,1204,3.0
275,1270,5.0
275,1293,4.0
275,1376,3.5
275,2058,2.5
275,2289,3.5
275,2470,3.5
275,2539,2.0
275,2770,1.5
275,2881,3.0
275,2959,5.0
275,3175,3.0
275,33794,4.5
275,39292,4.5
275,59369,4.0
275,70286,4.5
275,79132,5.0
276,19,4.0
276,60,4.0
276,193,0.5
276,203,3.0
276,344,4.0
276,409,2.5
276,524,4.0
276,1342,4.0
276,1367,4.0
276,1373,3.0
276,1792,2.5
276,2338,3.0
276,2501,4.0
276,2572,3.5
276,3298,4.0
276,3450,3.5
276,3534,2.5
276,3809,2.5
276,3863,2.0
276,4623,4.0
276,4748,3.5
276,4749,3.5
276,4750,3.0
276,5049,4.0
276,6383,3.5
276,6502,2.5
276,51662,4.5
276,58803,4.0
277,32,4.0
277,47,4.0
277,150,4.0
277,165,3.5
277,223,3.5
277,260,3.5
277,293,4.0
277,296,4.0
277,327,3.0
277,471,3.5
277,541,4.0
277,543,2.0
277,551,4.5
277,589,4.0
277,608,4.0
277,648,3.0
277,745,4.5
277,750,3.5
277,858,4.0
277,899,4.5
277,904,3.5
277,919,4.5
277,950,4.0
277,1028,3.0
277,1036,4.0
277,1073,4.0
277,1079,4.0
277,1080,4.0
277,1136,5.0
277,1148,4.5
277,1193,4.0
277,1196,3.5
277,1197,4.5
277,1198,4.0
277,1199,4.5
277,1201,4.5
277,1203,3.0
277,1209,4.0
277,1210,3.5
277,1214,4.0
277,1220,4.0
277,1221,3.0
277,1223,4.5
277,1225,4.0
277,1234,4.0
277,1240,4.5
277,1243,4.5
277,1247,3.0
277,1249,4.5
277,1254,3.5
277,1259,3.5
277,1265,4.0
277,1266,4.0
277,1269,4.0
277,1270,4.0
277,1276,3.5
277,1278,4.5
277,1288,5.0
277,1291,3.0
277,1304,3.5
277,1321,3.5
277,1370,3.5
277,1374,3.0
277,1387,3.5
277,1394,4.0
277,1396,3.5
277,1449,3.5
277,1517,2.5
277,1653,3.5
277,1663,3.5
277,1682,4.0
277,1748,4.0
277,1961,4.0
277,1963,3.5
277,2038,3.0
277,2078,4.0
277,2174,4.5
277,2194,4.0
277,2243,3.5
277,2291,3.5
277,2300,3.5
277,2355,3.5
277,2502,4.0
277,2683,2.0
277,2692,4.0
277,2716,4.5
277,2791,3.0
277,2797,4.0
277,2804,4.5
277,2918,3.5
277,2924,4.0
277,2947,3.5
277,2948,3.0
277,2949,3.0
277,2951,4.5
277,2968,4.0
277,3114,4.0
277,3157,3.5
277,3175,4.0
277,3363,4.0
277,3421,3.5
277,3429,4.0
277,3471,3.0
277,3481,4.0
277,3549,4.0
277,3576,4.0
277,3623,3.0
277,3671,5.0
277,3681,4.5
277,3683,4.5
277,3700,4.0
277,3703,3.5
277,3751,4.0
277,3911,4.0
277,3996,4.5
277,4002,3.0
277,4027,4.5
277,4225,4.0
277,4226,4.0
277,4306,4.0
277,4327,4.5
277,4367,3.5
277,4386,2.5
277,4467,4.0
277,4553,3.5
277,4855,3.5
277,4886,4.0
277,4979,3.0
277,4993,4.0
277,5060,4.0
277,5445,3.5
277,5464,4.5
277,5480,3.0
277,5602,4.0
277,5603,4.0
277,5952,4.0
277,5991,4.5
277,6464,1.0
277,6561,3.5
278,17,5.0
278,28,5.0
278,62,1.0
278,150,4.0
278,236,4.0
278,260,4.0
278,262,5.0
278,357,5.0
278,474,4.0
278,527,5.0
278,539,5.0
278,588,5.0
278,593,4.0
278,594,5.0
278,595,4.0
278,596,5.0
278,616,3.0
278,750,5.0
278,780,4.0
278,837,5.0
278,838,5.0
278,852,5.0
278,858,5.0
278,898,5.0
278,899,5.0
278,900,5.0
278,902,4.0
278,903,5.0
278,905,5.0
278,906,5.0
278,909,3.0
278,910,5.0
278,911,5.0
278,914,5.0
278,915,5.0
278,916,5.0
278,919,5.0
278,920,5.0
278,921,5.0
278,924,4.0
278,926,5.0
278,928,5.0
278,940,5.0
278,943,5.0
278,947,5.0
278,948,4.0
278,952,3.0
278,953,5.0
278,954,5.0
278,955,5.0
278,965,5.0
278,968,5.0
278,969,5.0
278,971,5.0
278,973,4.0
278,986,5.0
278,1012,5.0
278,1013,4.0
278,1014,4.0
278,1016,3.0
278,1017,4.0
278,1022,5.0
278,1023,5.0
278,1028,5.0
278,1035,5.0
278,1036,4.0
278,1073,4.0
278,1077,4.0
278,1078,3.0
278,1079,4.0
278,1084,5.0
278,1096,2.0
278,1097,4.0
278,1099,5.0
278,1103,3.0
278,1104,5.0
278,1125,3.0
278,1162,5.0
278,1193,5.0
278,1196,3.0
278,1198,4.0
278,1200,3.0
278,1201,5.0
278,1203,5.0
278,1204,5.0
278,1206,3.0
278,1207,5.0
278,1208,2.0
278,1212,5.0
278,1213,3.0
278,1214,4.0
278,1219,5.0
278,1221,5.0
278,1223,5.0
278,1224,5.0
278,1225,4.0
278,1230,4.0
278,1231,4.0
278,1234,5.0
278,1242,5.0
278,1244,3.0
278,1246,2.0
278,1247,5.0
278,1252,4.0
278,1256,5.0
278,1260,4.0
278,1262,5.0
278,1269,5.0
278,1270,3.0
278,1272,4.0
278,1276,5.0
278,1277,5.0
278,1278,5.0
278,1282,4.0
278,1283,5.0
278,1287,5.0
278,1291,4.0
278,1296,5.0
278,1299,5.0
278,1303,4.0
278,1304,5.0
278,1307,4.0
278,1333,5.0
278,1374,2.0
278,1380,4.0
278,1387,3.0
278,1394,5.0
278,1569,3.0
278,1674,4.0
278,1713,2.0
278,1721,4.0
278,1810,5.0
278,1945,5.0
278,1947,5.0
278,1949,5.0
278,1950,5.0
278,1951,5.0
278,1953,5.0
278,1954,1.0
278,1956,2.0
278,1957,2.0
278,1958,2.0
278,1959,3.0
278,1961,5.0
278,2010,5.0
278,2015,3.0
278,2020,3.0
278,2067,5.0
278,2070,5.0
278,2078,5.0
278,2080,5.0
278,2081,3.0
278,2085,5.0
278,2096,5.0
278,2109,3.0
278,2110,2.0
278,2131,3.0
278,2135,3.0
278,2136,3.0
278,2141,3.0
278,2150,5.0
278,2174,5.0
278,2176,5.0
278,2186,5.0
278,2194,4.0
278,2208,5.0
278,2212,5.0
278,2312,5.0
278,2313,5.0
278,2359,5.0
278,2367,3.0
278,2396,5.0
278,2406,4.0
278,2407,4.0
278,2409,1.0
278,2470,3.0
278,2520,1.0
278,2529,4.0
278,2539,3.0
278,2686,5.0
278,2739,3.0
278,2791,1.0
278,2795,3.0
278,2797,3.0
278,2820,5.0
278,2863,3.0
278,2918,3.0
278,2919,5.0
278,2925,4.0
278,2947,3.0
278,2951,4.0
278,2971,2.0
278,3011,4.0
278,3028,5.0
278,3037,5.0
278,5060,5.0
279,50,5.0
279,60,2.5
279,111,4.5
279,260,3.0
279,296,5.0
279,318,5.0
279,593,5.0
279,608,5.0
279,950,4.0
279,1136,4.5
279,1185,3.0
279,1197,5.0
279,1201,3.0
279,1208,5.0
279,1209,4.5
279,1213,4.0
279,1221,2.0
279,1230,3.0
279,1234,4.0
279,1247,5.0
279,1250,4.5
279,1253,2.0
279,1276,5.0
279,1278,5.0
279,1288,4.0
279,1378,2.5
279,1587,1.0
279,1801,4.0
279,1952,5.0
279,2064,3.0
279,2094,1.5
279,2134,2.5
279,2300,5.0
279,2371,2.0
279,2571,3.0
279,2739,4.0
279,2858,5.0
279,2872,2.0
279,2949,4.0
279,2959,4.5
279,3105,4.0
279,3247,1.0
279,3361,3.0
279,3396,1.0
279,3462,3.0
279,3468,4.0
279,3608,2.5
279,4993,5.0
279,5952,5.0
279,7153,5.0
279,48516,4.0
279,79132,4.0
280,2,4.5
280,6,4.0
280,32,4.0
280,50,4.5
280,110,4.0
280,165,4.0
280,231,4.5
280,292,3.5
280,296,4.0
280,316,4.0
280,327,3.5
280,344,4.5
280,349,4.0
280,356,5.0
280,367,4.0
280,377,3.5
280,380,3.5
280,434,4.0
280,457,5.0
280,480,5.0
280,527,4.0
280,587,4.0
280,589,5.0
280,592,5.0
280,593,4.0
280,597,3.5
280,648,4.0
280,736,4.5
280,778,4.0
280,780,4.5
280,1036,4.0
280,1125,3.5
280,1136,4.0
280,1197,4.5
280,1198,4.0
280,1210,4.0
280,1214,5.0
280,1258,4.0
280,1259,4.5
280,1265,5.0
280,1270,4.5
280,1291,4.0
280,1378,4.0
280,1441,4.0
280,1527,5.0
280,1580,3.5
280,1584,4.0
280,1610,4.0
280,1687,3.5
280,1717,2.0
280,1732,5.0
280,1831,2.5
280,1917,5.0
280,1923,4.0
280,1961,4.0
280,2011,4.5
280,2046,4.0
280,2134,3.5
280,2174,4.0
280,2291,3.5
280,2329,4.0
280,2403,4.5
280,2405,4.0
280,2502,4.0
280,2571,5.0
280,2683,3.5
280,2706,4.5
280,2716,4.5
280,2762,4.0
280,2797,4.0
280,2918,4.0
280,2987,4.0
280,2997,3.0
280,3087,4.0
280,3298,3.5
280,3578,4.5
280,3623,4.0
280,3740,4.0
280,3793,4.5
280,3897,4.0
280,3994,4.5
280,3996,4.0
280,4011,4.0
280,4022,3.5
280,4023,4.5
280,4027,4.5
280,4034,4.0
280,4226,3.5
280,4878,4.5
280,4993,5.0
280,5349,4.0
280,5418,4.5
280,5952,5.0
280,5989,3.5
280,6333,4.0
280,6365,4.5
280,6502,4.5
280,6537,2.5
280,7153,5.0
280,8368,3.5
280,8665,4.0
280,46578,3.5
280,48394,4.0
280,48774,4.0
280,51662,4.5
280,55820,4.0
280,56367,4.0
280,58559,5.0
280,59315,4.0
280,63082,4.5
280,68157,4.5
280,69122,4.5
280,70286,4.5
280,72998,4.5
280,79132,4.0
280,94864,4.0
281,111,5.0
281,150,3.0
281,153,3.0
281,165,3.0
281,260,5.0
281,296,5.0
281,318,3.0
281,344,3.0
281,349,4.0
281,356,4.0
281,380,4.0
281,431,3.0
281,457,4.0
281,527,5.0
281,541,5.0
281,586,3.0
281,588,3.0
281,590,5.0
281,592,3.0
281,593,3.0
281,648,4.0
281,703,4.0
281,728,4.0
281,788,4.0
281,1022,4.0
281,1028,3.0
281,1035,4.0
281,1086,5.0
281,1097,3.0
281,1162,4.0
282,17,5.0
282,28,5.0
282,105,3.0
282,162,3.5
282,236,3.0
282,272,5.0
282,277,5.0
282,306,5.0
282,307,5.0
282,308,5.0
282,509,5.0
282,838,4.0
282,858,5.0
282,898,5.0
282,899,3.0
282,902,4.5
282,914,5.0
282,915,5.0
282,916,5.0
282,927,5.0
282,943,5.0
282,953,5.0
282,955,5.0
282,1096,5.0
282,1131,5.0
282,1132,5.0
282,1177,5.0
282,1204,4.5
282,1207,5.0
282,1221,5.0
282,1224,5.0
282,1225,5.0
282,1230,5.0
282,1244,5.0
282,1252,5.0
282,1264,5.0
282,1271,4.0
282,1277,5.0
282,1307,4.0
282,1639,4.0
282,1643,4.0
282,1935,5.0
282,1936,5.0
282,2005,0.5
282,2020,4.5
282,2068,4.0
282,2302,4.5
282,2396,4.0
282,2493,3.5
282,2599,3.5
282,2692,4.5
282,2858,4.5
282,2936,4.0
282,2973,5.0
282,2997,5.0
282,3037,5.0
282,3097,3.5
282,3160,4.0
282,3260,4.0
282,3317,5.0
282,3342,5.0
282,3406,5.0
282,3435,4.5
282,3481,4.5
282,3755,2.5
282,3783,4.0
282,3897,4.5
282,3911,5.0
282,3996,4.5
282,4034,5.0
282,4246,5.0
282,4308,4.0
282,4381,4.5
282,4644,4.0
282,4973,5.0
282,5013,5.0
282,5279,5.0
282,5365,5.0
282,5377,4.0
282,5385,5.0
282,5525,4.5
282,5802,4.0
282,5816,4.0
282,5839,5.0
282,5840,3.5
282,5847,5.0
282,5890,5.0
282,5989,4.0
282,5995,4.0
282,6339,4.0
282,6711,5.0
282,6867,5.0
282,6947,4.0
282,6993,5.0
282,7096,4.0
282,7151,3.5
282,7210,4.5
282,7299,4.5
282,7745,4.0
282,7767,5.0
282,8754,5.0
282,8784,5.0
282,8873,4.0
282,8949,3.0
282,25923,5.0
282,27721,4.0
282,30803,4.0
282,30850,3.5
282,32582,4.0
282,33166,2.5
282,36517,5.0
282,38886,4.5
282,40629,4.0
282,40819,3.5
282,41285,4.0
282,43396,4.0
283,3,4.0
283,6,5.0
283,10,3.0
283,11,3.0
283,16,5.0
283,17,2.0
283,18,3.0
283,21,3.0
283,22,4.0
283,24,2.0
283,32,5.0
283,39,1.0
283,45,4.0
283,62,1.0
283,69,4.0
283,73,4.0
283,75,1.0
283,76,3.0
283,88,4.0
283,89,4.0
283,101,2.0
283,110,5.0
283,111,3.0
283,112,3.0
283,118,5.0
283,122,3.0
283,125,4.0
283,150,4.0
283,151,3.0
283,153,3.0
283,161,4.0
283,180,5.0
283,194,5.0
283,216,2.0
283,223,5.0
283,231,5.0
283,235,3.0
283,253,5.0
283,255,1.0
283,259,4.0
283,260,5.0
283,261,3.0
283,275,3.0
283,292,4.0
283,293,5.0
283,296,5.0
283,318,4.0
283,319,4.0
283,330,4.0
283,337,2.0
283,344,5.0
283,345,4.0
283,353,4.0
283,356,5.0
283,358,1.0
283,367,4.0
283,370,4.0
283,377,3.0
283,380,5.0
283,410,3.0
283,413,4.0
283,415,4.0
283,428,4.0
283,431,4.0
283,437,3.0
283,438,2.0
283,440,4.0
283,441,3.0
283,449,4.0
283,457,5.0
283,473,2.0
283,474,3.0
283,482,4.0
283,494,3.0
283,497,4.0
283,500,4.0
283,505,1.0
283,508,2.0
283,520,2.0
283,522,5.0
283,527,4.0
283,532,4.0
283,539,3.0
283,541,5.0
283,542,2.0
283,543,3.0
283,551,4.0
283,552,4.0
283,562,3.0
283,587,5.0
283,588,4.0
283,590,4.0
283,592,5.0
283,593,5.0
283,595,4.0
283,597,3.0
283,608,5.0
283,610,4.0
283,627,4.0
283,637,2.0
283,648,4.0
283,708,3.0
283,725,3.0
283,733,4.0
283,741,3.0
283,784,3.0
283,785,5.0
283,788,4.0
283,799,4.0
283,805,3.0
283,818,4.0
283,829,3.0
283,838,2.0
283,842,3.0
283,858,3.0
283,903,4.0
283,904,4.0
283,912,5.0
283,919,4.0
283,920,4.0
283,921,4.0
283,924,3.0
283,934,4.0
283,971,4.0
283,1020,3.0
283,1028,4.0
283,1047,5.0
283,1060,4.0
283,1073,3.0
283,1079,5.0
283,1080,4.0
283,1084,5.0
283,1087,3.0
283,1089,5.0
283,1091,3.0
283,1095,4.0
283,1125,3.0
283,1126,3.0
283,1127,5.0
283,1129,4.0
283,1130,4.0
283,1136,4.0
283,1167,3.0
283,1186,4.0
283,1193,5.0
283,1194,3.0
283,1196,5.0
283,1197,5.0
283,1198,5.0
283,1199,1.0
283,1200,5.0
283,1206,3.0
283,1208,5.0
283,1213,5.0
283,1214,4.0
283,1215,5.0
283,1219,3.0
283,1220,3.0
283,1221,3.0
283,1225,4.0
283,1227,3.0
283,1228,3.0
283,1242,5.0
283,1246,3.0
283,1258,5.0
283,1259,3.0
283,1265,4.0
283,1266,3.0
283,1268,4.0
283,1272,3.0
283,1278,3.0
283,1282,3.0
283,1285,3.0
283,1288,4.0
283,1298,3.0
283,1300,4.0
283,1307,4.0
283,1321,3.0
283,1339,4.0
283,1361,5.0
283,1367,3.0
283,1370,4.0
283,1374,3.0
283,1378,3.0
283,1380,3.0
283,1387,5.0
283,1393,3.0
283,1394,3.0
283,1396,4.0
283,1407,5.0
283,1425,5.0
283,1431,3.0
283,1439,3.0
283,1440,3.0
283,1441,3.0
283,1442,3.0
283,1445,3.0
283,1449,4.0
283,1459,3.0
283,1461,3.0
283,1464,2.0
283,1466,3.0
283,1476,4.0
283,1485,3.0
283,1503,3.0
283,1513,3.0
283,1517,3.0
283,1527,2.0
283,1573,4.0
283,1580,5.0
283,1584,3.0
283,1610,5.0
283,1612,1.0
283,1614,2.0
283,1620,4.0
283,1629,3.0
283,1645,4.0
283,1661,3.0
283,1663,4.0
283,1670,2.0
283,1673,3.0
283,1674,4.0
283,1676,5.0
283,1682,3.0
283,1689,4.0
283,1693,2.0
283,1704,4.0
283,1717,2.0
283,1721,4.0
283,1732,5.0
283,1777,4.0
283,1784,3.0
283,1799,4.0
283,1824,3.0
283,1837,3.0
283,1883,3.0
283,1884,3.0
283,1912,2.0
283,1916,4.0
283,1923,5.0
283,1952,4.0
283,1954,3.0
283,1958,3.0
283,1962,3.0
283,1965,5.0
283,1968,4.0
283,1994,5.0
283,2000,5.0
283,2001,4.0
283,2003,5.0
283,2005,4.0
283,2006,4.0
283,2018,4.0
283,2021,3.0
283,2022,3.0
283,2057,3.0
283,2058,5.0
283,2076,3.0
283,2080,4.0
283,2081,3.0
283,2088,3.0
283,2089,3.0
283,2094,4.0
283,2100,3.0
283,2108,4.0
283,2109,5.0
283,2115,5.0
283,2134,3.0
283,2139,3.0
283,2140,4.0
283,2144,3.0
283,2148,3.0
283,2150,3.0
283,2159,3.0
283,2167,5.0
283,2170,2.0
283,2174,5.0
283,2194,5.0
283,2252,3.0
283,2273,5.0
283,2279,2.0
283,2280,4.0
283,2282,1.0
283,2288,4.0
283,2291,4.0
283,2296,4.0
283,2302,5.0
283,2313,4.0
283,2321,3.0
283,2325,5.0
283,2336,3.0
283,2353,4.0
283,2355,4.0
283,2359,3.0
283,2369,2.0
283,2371,4.0
283,2372,3.0
283,2378,4.0
283,2395,2.0
283,2396,3.0
283,2403,4.0
283,2405,3.0
283,2406,4.0
283,2407,3.0
283,2413,3.0
283,2420,4.0
283,2423,5.0
283,2427,2.0
283,2455,4.0
283,2467,5.0
283,2470,3.0
283,2473,3.0
283,2490,4.0
283,2502,3.0
283,2504,4.0
283,2507,3.0
283,2539,4.0
283,2542,4.0
283,2567,2.0
283,2571,5.0
283,2572,1.0
283,2580,3.0
283,2597,3.0
283,2606,4.0
283,2628,5.0
283,2657,2.0
283,2683,4.0
283,2686,4.0
283,2692,4.0
283,2694,4.0
283,2699,4.0
283,2700,5.0
283,2706,3.0
283,2713,3.0
283,2716,5.0
283,2717,3.0
283,2718,3.0
283,2719,3.0
283,2723,2.0
283,2734,3.0
283,2735,3.0
283,2739,3.0
283,2745,3.0
283,2746,2.0
283,2747,3.0
283,2752,3.0
283,2762,4.0
283,2763,3.0
283,2772,3.0
283,2791,5.0
283,2793,4.0
283,2794,4.0
283,2795,5.0
283,2796,4.0
283,2797,3.0
283,2798,3.0
283,2836,2.0
283,2841,4.0
283,2857,4.0
283,2860,3.0
283,2863,4.0
283,2871,2.0
283,2872,4.0
283,2889,3.0
283,2890,5.0
283,2901,3.0
283,2908,4.0
283,2916,4.0
283,2918,3.0
283,2947,4.0
283,2953,3.0
283,2959,5.0
283,2961,3.0
283,2968,4.0
283,2976,5.0
283,2987,3.0
283,2989,4.0
283,2990,3.0
283,2997,3.0
283,3006,2.0
283,3019,3.0
283,3033,4.0
283,3039,4.0
283,3040,3.0
283,3052,5.0
283,3070,3.0
283,3072,3.0
283,3081,4.0
283,3082,3.0
283,3095,3.0
283,3101,4.0
283,3104,4.0
283,3105,4.0
283,3107,4.0
283,3117,3.0
283,3146,4.0
283,3157,3.0
283,3174,3.0
283,3175,4.0
283,3190,3.0
283,3197,3.0
283,3203,4.0
283,3210,4.0
283,3243,2.0
283,3252,4.0
283,3253,4.0
283,3254,3.0
283,3255,4.0
283,3256,4.0
283,3258,4.0
283,3261,5.0
283,3264,3.0
283,3271,3.0
283,3301,4.0
283,3326,3.0
283,3363,3.0
283,3385,3.0
283,3387,2.0
283,3388,3.0
283,3394,1.0
283,3421,4.0
283,3441,4.0
283,3448,3.0
283,3450,4.0
283,3461,3.0
283,3477,2.0
283,3481,4.0
283,3499,4.0
283,3507,4.0
283,3508,3.0
283,3524,4.0
283,3526,4.0
283,3527,5.0
283,3535,5.0
283,3552,4.0
283,3555,3.0
283,3566,4.0
283,3578,5.0
283,3608,2.0
283,3615,3.0
283,3617,3.0
283,3623,1.0
283,3646,4.0
283,3668,4.0
283,3669,4.0
283,3671,5.0
283,3688,3.0
283,3693,2.0
283,3699,4.0
283,3701,4.0
283,3702,5.0
283,3704,5.0
283,3710,3.0
283,3723,4.0
283,3751,3.0
283,3752,3.0
283,3755,4.0
283,3760,5.0
283,3791,3.0
283,3793,4.0
283,3809,4.0
283,3868,4.0
283,3869,4.0
283,3893,3.0
283,3917,5.0
283,3918,4.0
283,3948,4.0
283,3961,2.0
283,3969,3.0
283,4002,4.0
283,4008,3.0
283,4022,2.0
283,4027,4.0
283,4034,5.0
283,4047,4.0
283,4066,4.0
283,4084,3.0
283,4085,5.0
283,4089,3.0
283,4102,4.0
283,4105,4.0
283,4121,3.0
283,4123,2.0
283,4128,3.0
283,4132,3.0
283,4214,3.0
283,4216,5.0
283,4221,3.0
283,4223,4.0
283,4280,3.0
283,4293,4.0
283,4321,4.0
283,4326,4.0
283,4333,3.0
283,4361,4.0
283,4467,3.0
283,4489,4.0
283,4493,1.0
283,4498,4.0
283,4499,3.0
283,4509,4.0
283,4533,4.0
283,4563,2.0
283,4571,3.0
283,4577,3.0
283,4585,4.0
283,4589,2.0
283,4609,3.0
283,4618,3.0
283,4620,3.0
283,4621,3.0
283,4623,1.0
283,4629,3.0
283,4636,2.0
283,4638,3.0
283,4654,3.0
283,4662,3.0
283,4673,4.0
283,4675,4.0
283,4677,4.0
283,4678,4.0
283,4679,5.0
283,4686,2.0
283,4688,3.0
283,4705,4.0
284,44,2.5
284,168,4.5
284,236,5.0
284,261,4.0
284,318,4.5
284,333,4.0
284,376,4.0
284,805,4.0
284,902,4.5
284,914,3.5
284,1247,3.5
284,1339,4.0
284,1704,5.0
284,2028,4.0
284,2072,3.5
284,2100,3.0
284,2248,4.5
284,2571,3.5
284,2572,4.0
284,2763,3.5
284,2918,3.5
284,3072,4.0
284,3255,3.0
284,3996,4.0
284,6539,4.0
284,58559,4.5
284,69757,3.0
284,79132,4.0
285,353,5.0
285,362,3.0
285,442,4.5
285,455,4.5
285,1088,1.5
285,1262,4.0
285,1367,4.5
285,1552,4.5
285,1562,3.5
285,1608,5.0
285,1682,4.5
285,1974,4.5
285,2003,5.0
285,2136,3.5
285,2167,4.5
285,2174,4.5
285,2273,5.0
285,2302,4.5
285,2384,3.5
285,2571,5.0
285,2694,4.5
285,2762,4.0
285,2770,4.5
285,2985,5.0
285,3033,4.0
285,3081,4.5
285,3253,4.5
285,3617,4.5
285,3623,4.0
285,3752,4.5
285,3755,4.5
285,3821,4.0
285,3868,4.5
285,4002,3.5
285,4246,3.0
285,4718,4.5
285,4816,0.5
285,4886,4.0
285,4954,4.5
285,4980,5.0
285,5266,4.5
285,5479,4.5
285,5481,4.5
285,6377,3.0
285,6534,4.5
285,6537,5.0
285,6874,3.5
285,6888,5.0
285,7367,4.0
285,8644,4.5
285,27839,5.0
285,30793,5.0
285,32029,5.0
285,32031,3.5
285,32587,5.0
285,33004,4.5
285,33164,5.0
285,33644,5.0
285,33679,5.0
285,33834,5.0
285,35836,4.5
286,1,4.5
286,318,5.0
286,356,5.0
286,527,5.0
286,858,4.0
286,1704,4.5
286,2571,3.5
286,2762,4.5
286,2959,3.0
286,4226,4.0
286,4306,4.0
286,4896,4.5
286,5989,5.0
286,6377,4.5
286,8961,4.5
286,47099,5.0
286,48780,4.5
286,50872,5.0
286,58803,5.0
286,59315,5.0
286,60069,5.0
286,63082,5.0
286,68954,5.0
286,69757,5.0
286,72998,5.0
286,76093,5.0
286,78499,4.5
286,79091,4.5
286,79132,5.0
286,80549,4.5
286,81564,4.5
286,90405,4.5
286,98491,5.0
286,101864,4.0
286,104374,5.0
286,106696,4.5
286,106782,4.0
286,109487,5.0
286,111759,5.0
286,112175,4.5
286,112552,4.0
286,116797,4.5
286,117176,4.5
286,122904,4.0
286,122920,4.5
286,122922,3.5
286,152081,5.0
286,163134,5.0
286,165551,3.0
287,1,5.0
287,39,5.0
287,47,4.0
287,50,3.5
287,104,3.5
287,150,3.5
287,260,5.0
287,356,3.0
287,457,4.0
287,480,5.0
287,541,2.5
287,588,5.0
287,780,5.0
287,788,3.0
287,1028,2.5
287,1036,4.0
287,1196,5.0
287,1197,3.0
287,1198,5.0
287,1210,5.0
287,1270,5.0
287,1291,5.0
287,1356,5.0
287,1485,3.0
287,1573,4.0
287,1610,3.5
287,1907,5.0
287,2005,5.0
287,2078,5.0
287,2085,5.0
287,2174,2.0
287,2431,5.0
287,2571,4.0
287,2572,5.0
287,2605,5.0
287,2987,4.5
287,3034,5.0
287,3114,5.0
287,3300,5.0
287,3408,4.0
287,3489,5.0
287,3578,5.0
287,3623,5.0
287,3717,5.0
287,3751,0.5
287,3752,2.0
287,3793,5.0
287,3948,3.0
287,3969,5.0
287,3977,5.0
287,3986,4.0
287,3994,3.5
287,3996,3.0
287,4011,5.0
287,4016,5.0
287,4018,5.0
287,4022,3.0
287,4025,5.0
287,4027,4.0
287,4148,0.5
287,4246,2.0
287,4270,5.0
287,4299,5.0
287,4306,4.0
287,4447,5.0
287,4643,5.0
287,4700,5.0
287,4701,5.0
287,4718,5.0
287,4776,3.0
287,4816,3.0
287,4878,1.0
287,4886,5.0
287,4896,5.0
287,4963,5.0
287,4993,4.5
287,5010,5.0
287,5064,5.0
287,5066,3.0
287,5218,5.0
287,5299,3.5
287,5349,5.0
287,5377,5.0
287,5378,5.0
287,5400,5.0
287,5418,5.0
287,5445,5.0
287,5481,5.0
287,5620,5.0
287,5679,0.5
287,5816,5.0
287,5882,5.0
287,5952,4.5
287,5989,5.0
287,5991,4.0
287,6156,4.0
287,6188,4.0
287,6297,4.0
287,6333,5.0
287,6365,4.0
287,6377,5.0
287,6378,5.0
287,6539,5.0
287,6874,3.0
287,6934,5.0
287,6942,5.0
287,7143,4.0
287,7147,1.0
287,7153,3.5
287,7254,2.0
287,7293,5.0
287,7317,5.0
287,7346,5.0
287,7438,2.5
287,7444,5.0
287,7451,5.0
287,8360,5.0
287,8361,5.0
287,8368,5.0
287,8371,5.0
287,8533,0.5
287,8636,5.0
287,8644,5.0
287,8665,5.0
287,8798,5.0
287,8874,3.0
287,8961,5.0
287,8970,3.0
287,8972,5.0
287,30707,3.0
287,31685,5.0
287,32587,4.0
287,33004,2.5
287,33493,5.0
287,33679,5.0
287,33794,5.0
287,34048,3.0
287,34162,5.0
287,34405,4.5
287,40581,5.0
287,40815,5.0
287,41566,5.0
287,42732,4.0
287,42738,5.0
287,43560,3.0
287,44191,4.0
287,44193,5.0
287,45499,5.0
287,47122,5.0
287,47518,4.0
287,48394,2.5
287,48780,4.0
287,49272,5.0
287,49286,3.0
287,49530,4.0
287,50792,5.0
287,50802,5.0
287,50872,5.0
287,51662,5.0
287,51935,5.0
287,52287,5.0
287,53125,5.0
287,53322,5.0
287,53972,5.0
287,54001,5.0
287,54259,5.0
287,54286,5.0
287,54503,1.5
287,54734,5.0
287,55250,5.0
287,55765,3.0
287,56152,5.0
287,56174,5.0
287,56367,0.5
287,56587,4.0
287,57368,2.5
287,57528,3.5
287,58047,3.5
287,58105,5.0
287,58559,5.0
287,58803,5.0
287,58998,5.0
287,59315,5.0
287,59369,5.0
287,59421,3.0
287,59784,4.0
287,60069,5.0
287,60074,5.0
287,60684,3.5
287,61132,3.0
287,62439,5.0
287,63113,5.0
287,64032,3.5
287,65088,5.0
287,65585,5.0
287,65685,5.0
287,68135,5.0
287,68319,5.0
287,68358,5.0
287,68954,5.0
287,69069,5.0
287,69122,5.0
287,69406,5.0
287,69844,5.0
287,70183,5.0
287,70286,3.0
287,70599,5.0
287,71838,5.0
287,72356,3.5
287,72641,3.5
287,72998,5.0
287,73017,5.0
287,74450,5.0
287,74458,2.0
287,74789,3.0
287,76093,5.0
287,76251,5.0
287,77561,5.0
287,78041,3.5
287,78499,5.0
287,79091,5.0
287,79132,5.0
287,79185,5.0
287,80166,5.0
287,80549,5.0
287,80858,2.0
287,81229,4.0
287,81564,4.0
287,81834,5.0
287,81845,0.5
287,82167,5.0
287,84152,5.0
287,84374,5.0
287,85414,3.0
287,86332,5.0
287,86644,5.0
287,86833,3.0
287,87232,5.0
287,88125,5.0
287,88140,5.0
287,88163,5.0
287,88405,5.0
287,89745,5.0
287,91500,5.0
287,91529,5.0
287,91542,5.0
287,91630,5.0
287,91653,4.0
287,93510,5.0
287,93831,5.0
287,94015,5.0
287,95858,5.0
287,96079,5.0
287,96110,1.0
287,97172,3.0
287,97225,5.0
287,97304,5.0
287,97913,5.0
287,97921,4.0
287,98491,5.0
287,98809,3.5
287,99007,3.0
287,101577,3.0
287,102125,5.0
287,102445,5.0
287,102903,5.0
287,104211,5.0
287,104374,5.0
287,106487,5.0
287,106489,4.0
287,106782,4.0
287,107069,4.0
287,109483,5.0
287,109487,4.0
287,110102,5.0
287,111362,5.0
287,111617,5.0
287,111759,5.0
287,111781,5.0
287,112175,5.0
287,112623,4.0
287,112852,5.0
287,115149,5.0
287,115617,5.0
287,117590,5.0
287,119145,5.0
287,122882,4.0
287,122886,5.0
287,122892,5.0
287,122896,5.0
287,122900,5.0
287,122904,5.0
287,122912,5.0
287,122916,5.0
287,122918,5.0
287,122920,5.0
287,122922,5.0
287,122926,5.0
287,126548,5.0
287,134130,4.5
287,134368,4.0
287,134853,4.0
287,135133,5.0
287,135143,5.0
287,138036,3.5
287,140110,5.0
287,149406,5.0
287,151739,5.0
287,152081,5.0
287,157296,5.0
287,159093,5.0
287,160718,5.0
287,161131,3.0
287,161580,5.0
287,162578,3.5
287,166461,4.0
287,166528,4.0
287,166534,1.5
287,167018,3.5
287,168252,5.0
287,170403,5.0
287,170957,5.0
287,176371,3.5
287,176933,4.5
287,177765,5.0
287,187541,5.0
287,187593,4.0
287,188301,5.0
287,189203,2.5
287,189333,5.0
287,193954,4.0
288,208,1.0
288,648,4.0
288,902,5.0
288,1210,4.0
288,1270,3.0
288,2858,4.0
288,3484,2.0
288,3555,4.0
288,3578,4.0
288,3617,3.0
288,3744,3.0
288,3745,2.0
288,3751,5.0
288,3977,3.0
288,3988,3.0
288,3998,3.0
288,4025,4.0
288,4027,4.0
288,4031,3.0
288,4033,4.0
288,4034,4.0
288,4040,4.0
289,29,3.0
289,32,5.0
289,260,4.0
289,480,3.0
289,541,5.0
289,589,5.0
289,671,3.0
289,680,3.0
289,719,2.0
289,750,5.0
289,924,5.0
289,1077,4.0
289,1129,5.0
289,1175,3.0
289,1196,4.0
289,1198,4.0
289,1199,5.0
289,1200,4.0
289,1206,5.0
289,1210,4.0
289,1214,4.0
289,1215,4.0
289,1240,5.0
289,1253,3.0
289,1270,3.0
289,1274,3.0
289,1306,4.0
289,1374,4.0
289,1570,2.0
289,1584,4.0
289,1653,4.0
289,1921,4.0
289,1965,5.0
289,2009,5.0
289,2288,3.0
289,2455,4.0
289,2527,3.0
289,2528,4.0
289,2529,4.0
289,2571,5.0
289,2599,3.0
289,2628,4.0
289,2664,4.0
289,2968,5.0
289,2985,5.0
289,3175,3.0
289,3471,5.0
289,3527,3.0
289,3576,4.0
289,3658,5.0
289,3659,4.0
289,3702,5.0
289,3703,5.0
290,296,3.0
290,318,4.5
290,356,4.5
290,377,3.5
290,1036,3.5
290,1721,4.0
290,2273,3.5
290,2571,4.0
290,2617,2.0
290,2959,4.0
290,4886,1.5
290,4963,3.5
290,4993,4.0
290,5010,3.5
290,5349,2.5
290,5445,3.0
290,5903,3.0
290,6874,2.5
290,8368,3.0
290,8636,1.5
290,8644,3.0
290,8961,2.5
290,8972,3.0
290,33794,3.5
290,48516,3.5
290,48780,4.0
290,50872,1.5
290,53996,3.0
290,58559,4.0
290,59315,3.0
290,59369,2.5
290,59784,3.5
290,60040,3.0
290,60069,3.0
290,61248,2.5
290,63113,2.5
290,73017,2.5
290,73321,3.0
290,76093,2.5
290,77561,2.0
290,78469,3.0
290,79132,4.0
290,80463,3.0
290,85414,3.0
290,86644,2.0
290,87232,2.5
290,89745,3.0
290,91500,2.0
290,91529,2.5
290,91630,2.5
290,96610,2.5
290,102125,2.0
290,106782,4.0
290,106918,3.0
290,107406,2.5
290,109487,4.0
290,111781,2.5
290,112552,4.0
290,114662,4.0
290,115149,3.0
290,119145,2.5
290,122892,2.0
290,122904,3.0
290,122906,2.0
290,122912,2.5
290,122914,3.0
290,122922,2.0
290,134130,4.0
290,136020,2.0
290,139644,3.5
290,143355,1.5
290,168248,2.5
290,168252,3.5
290,200818,2.5
290,201773,1.0
290,204698,4.0
291,318,5.0
291,356,3.5
291,1544,4.0
291,1682,4.0
291,1721,3.5
291,1801,4.0
291,2324,4.5
291,2671,4.0
291,2710,2.0
291,2762,2.5
291,2858,2.5
291,3186,4.5
291,4022,3.5
291,4023,4.5
291,4025,4.0
291,4069,3.0
291,4720,4.0
291,4896,5.0
291,5299,3.5
291,5679,3.0
291,5816,5.0
291,5989,5.0
291,6155,4.0
291,7293,4.5
291,7361,4.0
291,7451,4.0
291,8361,5.0
291,8368,5.0
291,8533,4.5
291,33679,4.5
291,34150,3.0
291,40815,5.0
291,45081,2.5
291,45722,3.5
291,45880,3.5
291,47610,4.0
291,49286,4.5
291,54001,5.0
291,56174,4.0
291,56587,4.0
291,60397,4.5
291,63992,2.5
291,67197,2.5
291,69406,4.5
291,69844,5.0
291,70599,5.0
291,71379,4.5
291,72641,4.0
291,72998,3.5
291,73017,4.0
291,74458,4.0
291,74688,3.5
291,74789,4.0
291,76093,3.5
291,80463,3.5
291,81834,5.0
291,81847,4.5
291,86882,3.5
291,88125,5.0
291,90866,4.0
291,91500,4.5
291,96821,4.5
291,97921,4.5
291,101362,5.0
291,102903,5.0
291,103339,5.0
291,104211,4.5
291,104374,4.5
291,104841,2.5
291,105504,4.0
291,106487,5.0
291,106489,4.5
291,106918,1.5
291,106920,1.5
291,109578,4.5
291,111617,3.5
291,112556,4.5
291,114180,4.0
291,115569,4.5
291,115617,4.5
291,116797,4.5
291,117176,5.0
291,117529,4.5
291,122904,4.5
291,122918,4.5
291,130490,4.5
291,135133,5.0
291,135143,5.0
291,140110,4.0
291,152077,1.5
291,152079,4.5
291,156607,3.5
291,159093,5.0
291,159858,4.5
291,160954,4.0
291,162602,5.0
291,163645,5.0
291,164981,5.0
291,170813,4.0
291,175485,3.0
291,176929,3.5
291,177763,3.5
291,184253,1.5
292,1,5.0
292,5,3.0
292,6,4.0
292,9,3.0
292,10,3.0
292,11,4.0
292,20,4.0
292,21,3.0
292,22,3.0
292,23,4.0
292,31,4.0
292,32,5.0
292,39,3.0
292,42,1.0
292,47,5.0
292,50,4.0
292,61,3.0
292,93,3.0
292,95,4.0
292,110,5.0
292,111,4.0
292,122,5.0
292,132,4.0
292,140,5.0
292,145,4.0
292,150,5.0
292,153,3.0
292,160,3.0
292,161,3.0
292,163,3.0
292,165,3.0
292,172,3.0
292,173,3.0
292,185,4.0
292,204,3.0
292,208,3.0
292,218,4.0
292,227,4.0
292,230,4.0
292,231,2.0
292,240,3.0
292,248,3.0
292,252,5.0
292,256,3.0
292,257,4.0
292,266,5.0
292,274,3.0
292,276,3.0
292,280,4.0
292,281,3.0
292,288,3.0
292,289,3.0
292,292,4.0
292,293,4.0
292,296,4.0
292,305,2.0
292,315,4.0
292,316,4.0
292,317,3.0
292,318,5.0
292,329,3.0
292,333,3.0
292,336,1.0
292,338,3.0
292,339,4.0
292,344,3.0
292,349,4.0
292,350,3.0
292,353,3.0
292,364,5.0
292,367,3.0
292,371,4.0
292,376,3.0
292,380,3.0
292,383,3.0
292,415,3.0
292,420,4.0
292,431,4.0
292,432,3.0
292,433,3.0
292,434,4.0
292,435,3.0
292,437,3.0
292,440,3.0
292,442,4.0
292,454,4.0
292,457,5.0
292,471,3.0
292,514,3.0
292,553,4.0
292,588,4.0
292,590,5.0
292,592,4.0
292,593,4.0
292,610,4.0
292,688,3.0
293,1,4.0
293,10,3.0
293,11,3.0
293,24,5.0
293,32,5.0
293,50,5.0
293,150,5.0
293,161,4.0
293,163,4.0
293,165,3.0
293,180,5.0
293,187,3.0
293,215,5.0
293,223,5.0
293,246,5.0
293,260,5.0
293,277,5.0
293,281,3.0
293,296,5.0
293,316,4.0
293,317,4.0
293,318,5.0
293,329,4.0
293,349,3.0
293,356,5.0
293,357,4.0
293,362,4.0
293,364,4.0
293,367,4.0
293,374,2.0
293,377,3.0
293,380,4.0
293,390,2.0
293,435,3.0
293,440,4.0
293,442,4.0
293,457,4.0
293,471,5.0
293,474,4.0
293,480,3.0
293,493,5.0
293,497,5.0
293,500,3.0
293,502,2.0
293,527,5.0
293,537,3.0
293,539,4.0
293,541,5.0
293,542,4.0
293,543,4.0
293,546,3.0
293,551,4.0
293,555,4.0
293,556,4.0
293,586,2.0
293,587,3.0
293,588,5.0
293,589,4.0
293,590,5.0
293,592,5.0
293,593,5.0
293,594,3.0
293,595,4.0
293,596,4.0
293,608,5.0
293,616,3.0
293,628,4.0
293,671,4.0
293,720,4.0
293,733,4.0
293,750,5.0
293,778,4.0
293,780,4.0
293,783,3.0
293,805,4.0
293,858,5.0
293,870,1.0
293,892,5.0
293,899,5.0
293,908,4.0
293,914,5.0
293,915,3.0
293,919,3.0
293,920,3.0
293,924,4.0
293,952,4.0
293,954,5.0
293,1005,2.0
293,1013,5.0
293,1014,3.0
293,1021,3.0
293,1022,3.0
293,1023,5.0
293,1025,4.0
293,1028,3.0
293,1029,3.0
293,1030,4.0
293,1031,4.0
293,1032,5.0
293,1033,3.0
293,1035,3.0
293,1036,4.0
293,1037,2.0
293,1060,5.0
293,1073,5.0
293,1079,5.0
293,1080,5.0
293,1088,3.0
293,1090,4.0
293,1097,5.0
293,1127,4.0
293,1136,5.0
293,1148,5.0
293,1171,5.0
293,1196,5.0
293,1197,5.0
293,1198,5.0
293,1200,3.0
293,1203,4.0
293,1206,4.0
293,1207,5.0
293,1208,5.0
293,1210,5.0
293,1213,5.0
293,1214,4.0
293,1220,5.0
293,1221,5.0
293,1222,5.0
293,1224,5.0
293,1225,5.0
293,1234,5.0
293,1235,4.0
293,1240,4.0
293,1242,5.0
293,1247,4.0
293,1250,3.0
293,1253,3.0
293,1259,3.0
293,1265,4.0
293,1266,5.0
293,1268,4.0
293,1270,4.0
293,1274,3.0
293,1275,5.0
293,1278,5.0
293,1282,5.0
293,1285,5.0
293,1287,4.0
293,1288,5.0
293,1291,5.0
293,1293,5.0
293,1297,5.0
293,1298,3.0
293,1299,5.0
293,1301,3.0
293,1303,3.0
293,1307,3.0
293,1339,3.0
293,1356,4.0
293,1358,5.0
293,1370,3.0
293,1371,4.0
293,1372,4.0
293,1374,5.0
293,1375,4.0
293,1376,4.0
293,1380,4.0
293,1381,2.0
293,1387,4.0
293,1391,5.0
293,1393,3.0
293,1394,4.0
293,1396,4.0
293,1405,4.0
293,1407,4.0
293,1411,5.0
293,1449,5.0
293,1456,2.0
293,1485,3.0
293,1517,5.0
293,1527,4.0
293,1573,4.0
293,1580,4.0
293,1584,5.0
293,1610,4.0
293,1611,4.0
293,1617,4.0
293,1625,4.0
293,1639,5.0
293,1641,5.0
293,1648,5.0
293,1649,3.0
293,1682,5.0
293,1693,5.0
293,1694,5.0
293,1704,5.0
293,1707,1.0
293,1721,2.0
293,1722,3.0
293,1747,3.0
293,1760,3.0
293,1777,4.0
293,1784,5.0
293,1810,5.0
293,1883,4.0
293,1907,4.0
293,1909,5.0
293,1912,5.0
293,1914,4.0
293,1923,5.0
293,1947,4.0
293,1954,4.0
293,1968,5.0
293,2000,4.0
293,2001,3.0
293,2003,4.0
293,2005,3.0
293,2011,4.0
293,2012,4.0
293,2014,3.0
293,2015,3.0
293,2018,2.0
293,2021,5.0
293,2028,5.0
293,2042,2.0
293,2043,3.0
293,2046,3.0
293,2053,3.0
293,2054,4.0
293,2059,4.0
293,2064,4.0
293,2078,4.0
293,2080,5.0
293,2081,5.0
293,2085,4.0
293,2087,4.0
293,2088,3.0
293,2089,4.0
293,2090,5.0
293,2095,2.0
293,2096,3.0
293,2099,4.0
293,2100,3.0
293,2102,4.0
293,2105,3.0
293,2111,3.0
293,2115,4.0
293,2116,2.0
293,2133,4.0
293,2134,5.0
293,2137,5.0
293,2139,3.0
293,2140,4.0
293,2141,2.0
293,2144,4.0
293,2150,5.0
293,2152,1.0
293,2161,4.0
293,2166,4.0
293,2174,4.0
293,2193,4.0
293,2243,3.0
293,2248,5.0
293,2253,4.0
293,2268,5.0
293,2289,4.0
293,2291,4.0
293,2294,3.0
293,2301,5.0
293,2311,3.0
293,2329,5.0
293,2353,4.0
293,2359,3.0
293,2374,3.0
293,2375,3.0
293,2378,5.0
293,2379,3.0
293,2380,2.0
293,2382,1.0
293,2383,1.0
293,2393,4.0
293,2399,4.0
293,2407,4.0
293,2413,5.0
293,2416,3.0
293,2423,5.0
293,2424,4.0
293,2428,2.0
293,2450,3.0
293,2468,3.0
293,2470,3.0
293,2471,2.0
293,2473,2.0
293,2502,5.0
293,2529,2.0
293,2599,5.0
293,2622,5.0
293,2628,5.0
293,2640,3.0
293,2641,2.0
293,2657,5.0
293,2664,2.0
293,2683,5.0
293,2699,2.0
293,2700,5.0
293,2701,2.0
293,2710,5.0
293,2716,4.0
293,2717,3.0
293,2718,5.0
293,2735,4.0
293,2746,4.0
293,2762,5.0
293,2786,4.0
293,2789,1.0
293,2791,5.0
293,2792,4.0
293,2794,3.0
293,2795,5.0
293,2797,3.0
293,2804,5.0
293,2858,5.0
293,2916,4.0
293,2918,5.0
293,2926,3.0
293,2947,4.0
293,2985,4.0
293,2987,4.0
293,3020,5.0
293,3033,3.0
293,3034,4.0
293,3039,5.0
293,3040,4.0
293,3041,2.0
293,3042,1.0
293,3051,2.0
293,3052,5.0
293,3070,4.0
293,3081,4.0
293,3082,4.0
293,3087,4.0
293,3088,3.0
293,3095,2.0
293,3105,4.0
293,3108,3.0
293,3113,1.0
293,3114,5.0
293,3142,5.0
293,3147,4.0
293,3536,4.0
293,4006,3.0
293,4452,5.0
293,4896,5.0
293,4979,4.0
293,5060,3.0
293,5418,4.0
294,374,2.0
294,527,4.0
294,1525,1.0
294,1885,4.0
294,1972,1.0
294,2023,3.0
294,2083,1.0
294,3697,2.0
294,3698,1.0
294,3699,4.0
294,3700,1.0
294,3701,4.0
294,3702,2.0
294,3703,2.0
294,3704,4.0
294,3705,2.0
294,3706,1.0
294,3708,3.0
294,3709,3.0
294,3710,2.0
294,3712,3.0
294,3714,2.0
294,3715,2.0
294,3716,2.0
294,3717,1.0
294,3718,2.0
294,3719,2.0
294,3723,2.0
294,3724,3.0
294,3725,1.0
294,3729,2.0
294,3730,3.0
294,3732,2.0
294,3738,3.0
294,3740,3.0
294,3747,1.0
294,3751,5.0
294,3754,3.0
294,3758,4.0
294,3760,4.0
294,3763,3.0
294,3764,3.0
294,3765,2.0
294,3770,4.0
294,3773,3.0
294,3774,1.0
294,3775,4.0
294,3788,2.0
294,5060,3.0
295,260,2.0
295,541,2.0
295,750,2.5
295,902,3.0
295,903,3.0
295,908,3.0
295,912,3.0
295,913,2.0
295,915,3.0
295,923,3.0
295,924,2.5
295,1201,2.5
295,1219,2.5
295,1234,2.5
295,1250,2.5
295,1262,2.5
295,1276,2.5
295,1284,3.0
295,1298,3.0
295,1653,2.5
295,1732,2.5
295,2571,2.5
295,3836,3.0
295,6565,4.0
295,30812,3.0
295,45730,3.5
295,50851,3.5
295,64614,2.5
295,69481,3.0
295,71156,3.5
295,87306,3.0
295,117533,4.0
295,143969,4.0
295,164179,3.5
295,174055,3.0
296,1,2.5
296,16,2.5
296,17,2.5
296,32,4.5
296,47,4.0
296,48,2.5
296,50,4.0
296,150,2.5
296,236,1.0
296,293,3.0
296,342,3.0
296,356,4.0
296,357,4.5
296,377,2.5
296,380,2.0
296,527,3.0
296,586,2.5
296,588,4.0
296,590,4.0
296,733,2.5
296,778,4.5
296,917,3.0
296,919,2.5
296,1079,3.5
296,1136,5.0
296,1148,4.0
296,1163,4.5
296,1174,2.5
296,1208,2.5
296,1222,3.5
296,1225,4.0
296,1249,5.0
296,1271,3.0
296,1307,3.0
296,1365,5.0
296,1408,2.5
296,1527,3.0
296,1580,2.0
296,1625,3.5
296,1641,3.0
296,1721,2.0
296,1732,4.0
296,1748,4.0
296,1955,3.0
296,1961,3.5
296,2054,1.5
296,2194,3.0
296,2273,2.0
296,2571,4.5
296,2576,3.5
296,2762,3.0
296,2858,4.5
296,2959,4.5
296,3010,3.0
296,3052,3.5
296,3530,4.0
296,3578,3.0
296,3751,3.0
296,3949,4.0
296,3953,1.5
296,4011,3.0
296,4034,4.0
296,4306,3.5
296,4816,2.0
296,4865,3.0
296,4878,4.0
296,4973,4.5
296,4993,2.0
296,5308,3.5
296,5669,4.0
296,5679,3.0
296,5810,3.0
296,5952,2.0
296,6016,4.0
296,6119,5.0
296,6365,2.5
296,6370,4.5
296,6711,4.5
296,6773,4.0
296,6789,3.0
296,6874,3.5
296,7090,3.0
296,7438,4.0
296,7758,3.0
296,7981,3.5
296,8128,4.5
296,9010,2.0
296,27721,4.0
297,150,5.0
297,161,4.0
297,263,5.0
297,265,5.0
297,296,5.0
297,306,5.0
297,307,5.0
297,308,5.0
297,309,5.0
297,318,4.0
297,339,3.0
297,349,4.0
297,357,4.0
297,509,5.0
297,515,4.0
297,590,3.0
297,592,3.0
297,632,5.0
297,665,5.0
297,2593,5.0
298,1,3.5
298,10,3.5
298,32,4.0
298,34,3.5
298,47,4.0
298,50,3.5
298,150,3.5
298,165,3.5
298,170,3.0
298,260,4.5
298,293,4.5
298,296,4.5
298,316,3.5
298,318,4.5
298,356,4.0
298,364,4.5
298,377,3.5
298,380,3.5
298,457,3.5
298,480,4.0
298,500,3.5
298,527,4.5
298,541,4.5
298,587,4.0
298,588,4.0
298,589,4.5
298,590,4.0
298,592,3.5
298,593,4.5
298,595,4.0
298,608,4.0
298,733,3.5
298,736,3.0
298,780,3.5
298,858,4.5
298,904,4.0
298,953,4.0
298,965,3.5
298,1022,3.0
298,1036,4.5
298,1073,3.5
298,1097,5.0
298,1193,4.5
298,1196,4.5
298,1197,3.5
298,1198,4.0
298,1200,4.0
298,1203,3.5
298,1210,4.0
298,1214,4.5
298,1231,4.0
298,1240,3.5
298,1250,4.0
298,1259,4.0
298,1270,4.5
298,1288,3.5
298,1291,4.5
298,1293,5.0
298,1580,4.0
298,1704,4.5
298,1721,3.5
298,1917,2.0
298,1950,4.5
298,1957,3.5
298,1961,4.0
298,2085,3.5
298,2087,3.5
298,2094,3.5
298,2161,3.0
298,2208,4.0
298,2324,4.0
298,2329,4.5
298,2396,3.5
298,2502,4.0
298,2571,4.0
298,2579,4.0
298,2628,3.0
298,2683,3.5
298,2692,4.0
298,2710,3.5
298,2716,3.5
298,2723,3.0
298,2762,4.0
298,2826,2.5
298,2858,3.5
298,2918,4.0
298,2959,4.0
298,2997,2.5
298,3072,3.5
298,3108,3.5
298,3147,3.5
298,3363,4.0
298,3578,3.5
298,3623,4.0
298,3793,4.0
298,3911,4.0
298,3977,3.5
298,3996,3.5
298,4002,3.5
298,4226,4.0
298,4306,4.5
298,4327,4.0
298,4361,3.5
298,4886,4.5
298,4896,3.5
298,4973,5.0
298,4993,4.5
298,4995,4.0
298,5120,4.0
298,5349,3.5
298,5418,4.5
298,5445,3.5
298,5952,4.0
298,5989,4.0
298,5995,4.5
298,6016,4.0
298,6333,3.5
298,6365,3.0
298,6377,4.0
298,6385,3.5
298,6539,4.0
298,6874,3.5
298,7090,4.0
298,7153,5.0
298,7361,4.0
298,7438,4.5
298,8360,3.0
298,8368,4.0
298,8636,4.0
298,8665,3.5
298,8784,5.0
298,8961,4.0
298,27815,4.0
298,33493,3.5
298,33794,4.0
298,34153,3.5
298,34405,4.0
298,38061,4.0
298,43396,3.5
298,44191,4.0
298,44195,4.0
298,45499,3.0
298,45722,3.0
298,46578,4.0
298,48385,3.5
298,48394,4.0
298,48774,4.5
298,48780,4.5
298,49272,4.0
298,49530,4.5
298,51255,4.0
298,52281,4.0
298,52973,4.0
299,1,5.0
299,6,5.0
299,7,4.0
299,10,4.0
299,20,1.0
299,21,3.0
299,45,3.0
299,52,5.0
299,70,2.0
299,95,3.0
299,101,3.0
299,110,5.0
299,141,3.0
299,144,3.0
299,153,1.0
299,156,5.0
299,163,5.0
299,165,4.0
299,166,1.0
299,168,1.0
299,170,2.0
299,171,4.0
299,172,3.0
299,198,5.0
299,203,4.0
299,205,4.0
299,218,3.0
299,223,5.0
299,232,5.0
299,235,4.0
299,236,4.0
299,252,3.0
299,260,5.0
299,288,4.0
299,292,3.0
299,305,4.0
299,306,4.0
299,316,4.0
299,327,4.0
299,339,3.0
299,342,4.0
299,348,4.0
299,349,5.0
299,356,4.0
299,367,4.0
299,368,4.0
299,372,4.0
299,377,5.0
299,380,4.0
299,381,5.0
299,410,3.0
299,417,4.0
299,434,2.0
299,440,4.0
299,441,4.0
299,457,4.0
299,468,4.0
299,471,4.0
299,474,4.0
299,480,1.0
299,497,5.0
299,500,1.0
299,514,5.0
299,517,1.0
299,539,4.0
299,543,3.0
299,551,4.0
299,552,1.0
299,555,5.0
299,562,4.0
299,574,5.0
299,587,3.0
299,588,4.0
299,589,4.0
299,592,3.0
299,597,4.0
299,648,5.0
299,671,5.0
299,705,5.0
299,733,3.0
299,780,3.0
299,784,1.0
299,801,5.0
299,830,3.0
299,838,4.0
299,839,1.0
299,852,2.0
299,858,5.0
299,861,5.0
299,892,5.0
299,996,1.0
299,998,5.0
299,1036,4.0
299,1037,2.0
299,1079,4.0
299,1081,4.0
299,1101,3.0
299,1127,4.0
299,1129,1.0
299,1135,4.0
299,1136,5.0
299,1175,5.0
299,1196,5.0
299,1197,5.0
299,1198,5.0
299,1200,4.0
299,1210,4.0
299,1214,5.0
299,1221,5.0
299,1222,4.0
299,1236,5.0
299,1240,4.0
299,1243,5.0
299,1257,5.0
299,1265,5.0
299,1270,3.0
299,1275,3.0
299,1278,5.0
299,1285,5.0
299,1287,5.0
299,1291,5.0
299,1297,3.0
299,1307,5.0
299,1356,3.0
299,1370,3.0
299,1371,2.0
299,1372,4.0
299,1374,4.0
299,1375,3.0
299,1376,3.0
299,1377,4.0
299,1378,2.0
299,1379,1.0
299,1391,3.0
299,1394,5.0
299,1395,3.0
299,1425,4.0
299,1429,2.0
299,1441,4.0
299,1454,4.0
299,1457,4.0
299,1479,4.0
299,1500,5.0
299,1513,4.0
299,1516,5.0
299,1517,4.0
299,1527,5.0
299,1541,5.0
299,1552,3.0
299,1562,1.0
299,1569,1.0
299,1573,3.0
299,1580,4.0
299,1593,1.0
299,1597,3.0
299,1608,2.0
299,1610,3.0
299,1611,3.0
299,1614,3.0
299,1616,3.0
299,1629,3.0
299,1641,5.0
299,1642,1.0
299,1648,4.0
299,1663,3.0
299,1687,2.0
299,1689,4.0
299,1701,3.0
299,1711,4.0
299,1722,4.0
299,1732,5.0
299,1747,5.0
299,1769,3.0
299,1777,4.0
299,1784,5.0
299,1792,2.0
299,1817,3.0
299,1821,1.0
299,1831,1.0
299,1845,1.0
299,1858,4.0
299,1866,1.0
299,1875,3.0
299,1876,3.0
299,1883,5.0
299,1884,4.0
299,1885,4.0
299,1888,1.0
299,1894,3.0
299,1895,4.0
299,1911,3.0
299,1917,1.0
299,1918,3.0
299,1954,5.0
299,1958,4.0
299,1968,4.0
299,2000,3.0
299,2001,3.0
299,2002,4.0
299,2006,5.0
299,2011,4.0
299,2014,3.0
299,2019,5.0
299,2023,4.0
299,2054,2.0
299,2058,4.0
299,2065,4.0
299,2072,3.0
299,2081,3.0
299,2094,2.0
299,2111,4.0
299,2115,3.0
299,2124,3.0
299,2133,3.0
299,2134,3.0
299,2141,3.0
299,2144,4.0
299,2145,4.0
299,2150,1.0
299,2155,5.0
299,2167,3.0
299,2171,4.0
299,2174,5.0
299,2193,4.0
299,2194,5.0
299,2245,3.0
299,2248,4.0
299,2249,4.0
299,2253,1.0
299,2273,4.0
299,2278,4.0
299,2282,5.0
299,2289,5.0
299,2302,4.0
299,2325,4.0
299,2334,3.0
299,2353,4.0
299,2355,5.0
299,2359,4.0
299,2369,4.0
299,2371,4.0
299,2385,3.0
299,2393,4.0
299,2395,4.0
299,2396,5.0
299,2405,3.0
299,2406,5.0
299,2409,4.0
299,2411,2.0
299,2413,4.0
299,2424,1.0
299,2463,4.0
299,2468,4.0
299,2472,2.0
299,2485,4.0
299,2502,4.0
299,2504,5.0
299,2506,3.0
299,2529,3.0
299,2539,2.0
299,2542,4.0
299,2568,1.0
299,2571,5.0
299,2572,4.0
299,2581,3.0
299,2598,4.0
299,2599,4.0
299,2614,1.0
299,2616,3.0
299,2617,5.0
299,2628,3.0
299,2657,4.0
299,2699,3.0
299,2700,4.0
299,2701,3.0
299,2716,5.0
299,2718,5.0
299,2723,5.0
299,2746,4.0
299,2759,5.0
299,2767,4.0
299,2772,5.0
299,2791,4.0
299,2836,4.0
299,2858,5.0
299,2860,4.0
299,2867,2.0
299,2881,3.0
299,2918,4.0
299,2947,5.0
299,2948,5.0
299,2959,5.0
299,2991,4.0
299,2997,5.0
299,3020,3.0
299,3030,5.0
299,3033,4.0
299,3039,4.0
299,3045,2.0
299,3052,5.0
299,3060,4.0
299,3072,5.0
299,3087,3.0
299,3104,5.0
299,3108,4.0
299,3175,4.0
299,3253,4.0
299,3255,4.0
299,3256,5.0
299,3258,1.0
299,3261,4.0
299,3264,4.0
299,3267,4.0
299,3301,5.0
299,3355,5.0
299,3358,4.0
299,3361,4.0
299,3396,4.0
299,3398,3.0
299,3418,5.0
299,3448,4.0
299,3450,4.0
299,3526,4.0
299,3535,4.0
299,3608,4.0
299,3614,3.0
299,3623,2.0
299,3624,5.0
299,3705,1.0
299,3712,4.0
299,3716,2.0
299,3740,2.0
299,5060,5.0
300,1,4.0
300,2,5.0
300,10,1.0
300,11,2.0
300,17,5.0
300,19,5.0
300,21,3.0
300,32,1.0
300,34,5.0
300,39,3.0
300,47,3.0
300,50,2.0
300,95,5.0
300,110,5.0
300,141,3.0
300,150,4.0
300,153,2.0
300,160,5.0
300,161,2.0
300,165,5.0
300,185,4.0
300,196,4.0
300,208,3.0
300,225,3.0
300,231,1.0
300,236,4.0
300,253,2.0
300,266,3.0
300,282,5.0
300,288,1.0
300,292,2.0
300,300,2.0
300,315,3.0
300,316,1.0
300,317,3.0
300,318,5.0
300,329,2.0
300,337,3.0
300,339,2.0
300,344,4.0
300,350,2.0
300,356,3.0
300,357,4.0
300,364,5.0
300,367,3.0
300,377,3.0
300,380,1.0
300,410,3.0
300,420,1.0
300,434,3.0
300,435,1.0
300,440,2.0
300,474,2.0
300,480,5.0
300,500,5.0
300,508,3.0
300,509,1.0
300,527,3.0
300,539,3.0
300,553,3.0
300,587,3.0
300,588,3.0
300,589,1.0
300,590,5.0
300,595,3.0
300,597,4.0
300,736,3.0
301,1037,3.0
301,1097,5.0
301,1193,5.0
301,1197,5.0
301,1247,5.0
301,1270,4.0
301,1396,4.0
301,2023,3.0
301,3317,3.0
301,3408,4.0
301,3481,4.0
301,3497,4.0
301,3512,3.0
301,3515,3.0
301,3534,3.0
301,3566,4.0
301,3578,4.0
301,3617,2.0
301,3717,2.0
301,3882,1.0
301,3897,5.0
301,3916,4.0
301,3948,4.0
301,3967,5.0
301,3969,4.0
301,3977,4.0
301,3987,4.0
301,3994,3.0
301,4014,4.0
301,4019,4.0
301,4027,4.0
301,4034,5.0
301,4226,5.0
301,4246,4.0
301,4308,4.0
301,4447,2.0
301,4448,4.0
301,4700,1.0
301,4776,4.0
301,4816,4.0
301,4823,2.0
301,4874,3.0
301,4886,4.0
301,4963,4.0
301,4975,2.0
301,4979,3.0
301,4995,4.0
301,5009,3.0
301,5015,5.0
301,5108,2.0
301,5127,3.0
301,5135,4.0
301,5299,5.0
301,5524,2.0
301,5620,3.0
301,5669,5.0
301,5816,4.0
301,5872,2.0
302,1,4.0
302,150,4.0
302,296,5.0
302,318,5.0
302,356,5.0
302,527,5.0
302,1196,4.5
302,1682,4.5
302,2571,5.0
302,2706,2.0
302,2959,5.0
302,4878,3.5
302,4993,5.0
302,5816,3.0
302,5952,5.0
302,6874,5.0
302,7153,5.0
302,33794,5.0
302,44191,4.0
302,48516,3.0
302,48780,5.0
302,49272,5.0
302,50872,4.0
302,56174,3.0
302,58559,5.0
302,59315,3.5
302,59784,5.0
302,60069,5.0
302,60074,2.0
302,63113,2.0
302,68157,5.0
302,68319,3.0
302,68954,5.0
302,79132,5.0
302,80463,4.0
302,81845,4.5
302,88140,3.0
302,93840,2.0
302,96829,5.0
302,97921,5.0
302,99114,5.0
302,104374,3.0
302,106782,4.0
302,109487,4.0
302,110102,5.0
302,111362,3.5
302,112552,5.0
302,112556,4.0
302,115569,5.0
302,115713,3.0
302,122914,5.0
302,122922,5.0
302,134130,4.0
302,134853,5.0
302,164179,5.0
302,164909,5.0
302,166461,2.5
302,166635,2.5
302,171763,4.0
302,174055,3.5
302,177593,3.5
302,177765,5.0
302,183837,4.5
302,187593,4.0
302,189713,5.0
302,192385,3.5
302,194448,5.0
302,195159,5.0
302,201588,4.0
302,201773,3.5
302,202439,5.0
302,203375,5.0
302,204352,4.0
302,204698,5.0
302,205072,3.0
302,205156,5.0
302,205441,4.5
302,207313,3.5
302,208703,5.0
303,36,4.0
303,47,4.0
303,50,3.5
303,104,3.0
303,150,3.5
303,161,5.0
303,296,5.0
303,318,4.5
303,356,4.0
303,457,3.5
303,648,4.0
303,788,3.0
303,858,1.0
303,1036,5.0
303,1198,4.0
303,1210,2.0
303,1265,1.5
303,1270,5.0
303,1291,2.0
303,1393,4.5
303,1485,1.5
303,1517,1.5
303,1580,4.0
303,1672,4.5
303,1704,5.0
303,1784,3.5
303,1968,4.0
303,2000,3.5
303,2011,5.0
303,2115,2.5
303,2268,5.0
303,2273,4.0
303,2334,4.5
303,2353,5.0
303,2502,4.0
303,2571,5.0
303,2716,3.5
303,2916,4.5
303,2959,5.0
303,3147,3.0
303,3527,2.0
303,3623,3.5
303,3793,4.0
303,4226,4.5
303,4643,4.5
303,4776,4.0
303,4901,3.5
303,4958,4.0
303,4963,4.0
303,4993,3.5
303,5349,3.0
303,5388,4.5
303,5418,5.0
303,5445,4.5
303,5449,3.0
303,5507,3.5
303,5574,5.0
303,5872,0.5
303,5900,4.0
303,5903,3.0
303,5952,4.0
303,5989,4.0
303,6059,4.0
303,6333,4.0
303,6377,3.0
303,6378,4.0
303,6383,4.5
303,6539,4.5
303,6548,3.0
303,6550,3.0
303,6564,4.0
303,6874,2.5
303,6879,3.5
303,6888,1.5
303,6936,1.0
303,7153,5.0
303,7254,3.0
303,7293,3.5
303,7361,4.5
303,7445,4.5
303,8371,4.0
303,8529,4.5
303,8644,4.0
303,8665,5.0
303,8798,4.5
303,8961,3.5
303,8972,2.5
303,8984,4.0
303,26471,5.0
303,27368,2.0
303,31221,4.0
303,31225,5.0
303,31685,4.0
303,33615,2.5
303,33794,5.0
303,34048,5.0
303,34150,3.0
303,34162,4.0
303,34319,4.0
303,34405,4.5
303,34534,3.5
303,36519,4.0
303,37727,4.0
303,41569,2.0
303,44022,3.0
303,44191,3.5
303,44199,5.0
303,45186,4.5
303,45499,4.5
303,45517,2.5
303,45672,4.0
303,45720,3.5
303,46578,4.0
303,46972,3.5
303,48385,4.5
303,48412,4.0
303,48516,4.0
303,48780,5.0
303,49272,2.0
303,49278,4.0
303,49530,4.5
303,49793,4.0
303,50872,2.0
303,51255,1.5
303,51935,5.0
303,53125,4.0
303,53322,4.0
303,53972,2.5
303,53996,4.0
303,54286,5.0
303,54503,1.5
303,55276,5.0
303,56174,4.5
303,58025,3.5
303,58559,5.0
303,58803,4.0
303,59315,5.0
303,59369,4.0
303,59615,3.0
303,60040,2.5
303,60069,4.0
303,60072,4.0
303,60074,3.5
303,61132,2.0
303,62081,4.5
303,63113,1.5
303,64614,4.5
303,64716,4.0
303,68157,1.0
303,68237,2.5
303,68319,5.0
303,68358,4.0
303,68954,2.5
303,69122,4.0
303,69406,5.0
303,69481,4.5
303,69526,4.0
303,70286,5.0
303,71530,4.0
303,71838,5.0
303,72011,4.5
303,72641,5.0
303,72998,4.0
303,73017,3.5
303,73321,5.0
303,77561,5.0
303,79132,5.0
303,79293,4.5
303,79592,5.0
303,79695,3.5
303,80166,3.0
303,80463,3.0
303,81229,4.0
303,81782,5.0
303,81788,3.5
303,84152,5.0
303,84392,4.5
303,84954,5.0
303,85020,4.5
303,85414,5.0
303,86332,4.0
303,86911,3.5
303,87232,3.5
303,88125,3.5
303,88140,3.5
303,88744,4.0
303,89492,5.0
303,89745,4.0
303,89774,3.0
303,90405,5.0
303,90439,4.5
303,91529,5.0
303,91542,4.0
303,91630,5.0
303,92259,5.0
303,92507,3.5
303,96610,4.0
303,96737,3.5
303,98961,3.5
303,99112,4.0
303,99957,4.5
303,101577,5.0
303,101864,5.0
303,101895,5.0
303,102033,3.5
303,102123,3.0
303,102125,5.0
303,102445,4.0
303,102903,2.0
303,103042,3.5
303,103253,5.0
303,103341,5.0
303,104841,2.5
303,104879,4.5
303,104913,3.5
303,105504,5.0
303,107069,5.0
303,109487,5.0
303,109578,4.0
303,110730,4.0
303,111360,4.5
303,111759,4.5
303,111781,3.5
303,112171,4.0
303,112556,3.0
303,112852,4.0
303,114182,4.5
303,114935,4.0
303,115149,4.0
303,115210,1.0
303,115713,5.0
303,116823,5.0
303,118930,5.0
303,119145,2.0
303,119153,5.0
303,120466,5.0
303,121155,5.0
303,121372,5.0
303,121374,5.0
303,122104,5.0
303,122892,4.5
303,122904,5.0
303,122912,4.5
303,122916,4.0
303,122918,5.0
303,122922,2.5
303,122926,2.5
303,123571,4.5
303,128089,5.0
303,128099,4.0
303,128852,4.0
303,134130,5.0
303,134368,3.5
303,136445,3.0
303,136471,5.0
303,140956,5.0
303,142488,3.5
303,143385,2.0
303,144382,4.5
303,148626,3.5
303,160438,4.5
303,162598,5.0
303,162608,5.0
303,164179,4.0
303,165503,2.5
303,166635,4.0
303,167544,5.0
303,168252,5.0
303,168632,5.0
303,170263,3.5
303,170411,4.0
303,174055,3.5
303,175569,5.0
303,176371,2.0
303,176751,4.5
303,179593,1.5
303,180045,4.0
303,183227,4.5
303,183635,4.0
303,183701,4.0
303,184471,4.5
303,186587,4.0
303,187031,4.0
303,187593,5.0
303,188797,3.0
303,189333,4.0
303,192379,4.0
303,192389,5.0
303,194448,5.0
303,197175,5.0
303,197697,4.0
303,199974,5.0
304,10,4.0
304,12,2.5
304,19,2.5
304,20,2.0
304,21,3.0
304,32,3.5
304,39,2.5
304,47,4.0
304,50,5.0
304,62,3.0
304,95,3.0
304,110,4.0
304,135,3.0
304,141,3.0
304,150,4.5
304,161,3.5
304,165,3.5
304,208,3.5
304,253,4.0
304,260,3.5
304,292,3.0
304,296,3.5
304,316,3.5
304,318,5.0
304,329,2.5
304,349,3.5
304,356,4.0
304,377,3.5
304,410,3.0
304,440,3.5
304,442,3.0
304,457,4.0
304,500,3.0
304,520,3.0
304,527,5.0
304,551,4.5
304,592,4.0
304,648,3.5
304,733,3.5
304,780,3.0
304,784,2.5
304,832,3.5
304,1036,3.5
304,1049,3.5
304,1198,3.5
304,1200,5.0
304,1206,2.5
304,1214,3.5
304,1221,2.5
304,1225,4.0
304,1240,3.5
304,1246,2.5
304,1265,4.0
304,1291,3.5
304,1320,3.0
304,1370,3.5
304,1381,0.5
304,1407,3.5
304,1485,2.0
304,1517,2.5
304,1527,3.0
304,1544,3.0
304,1552,3.0
304,1573,2.5
304,1580,3.5
304,1584,3.0
304,1608,2.5
304,1617,2.5
304,1625,3.5
304,1653,4.5
304,1676,3.5
304,1682,3.5
304,1693,3.0
304,1721,3.5
304,1722,3.5
304,1732,3.5
304,1777,1.5
304,1784,3.0
304,1792,4.0
304,1909,3.0
304,1917,3.0
304,2000,3.0
304,2001,3.0
304,2003,3.0
304,2004,3.5
304,2012,3.5
304,2028,3.5
304,2058,4.0
304,2174,2.5
304,2291,4.0
304,2321,2.5
304,2329,4.5
304,2353,2.5
304,2396,1.0
304,2502,4.5
304,2571,4.5
304,2672,4.0
304,2683,2.0
304,2688,3.0
304,2700,3.5
304,2706,0.5
304,2710,3.5
304,2716,3.5
304,2762,3.5
304,2797,3.0
304,2841,3.5
304,2858,4.5
304,2918,1.0
304,2959,4.5
304,2987,2.5
304,2997,3.5
304,3033,4.0
304,3052,2.0
304,3081,4.0
304,3147,3.0
304,3452,2.0
304,3527,3.0
304,3578,3.5
304,3623,3.5
304,3753,2.0
304,3827,3.0
304,3897,1.0
304,3949,5.0
304,3969,3.0
304,3977,2.5
304,3994,4.0
304,3996,3.0
304,4022,3.5
304,4226,4.5
304,4370,3.5
304,4623,2.5
304,4896,1.0
304,4975,3.5
304,4979,1.5
304,4993,4.0
304,4995,4.0
304,5010,5.0
304,5418,4.0
304,5502,3.5
304,5618,4.5
304,5669,4.0
304,5816,1.0
304,5952,4.0
304,6365,4.0
304,6502,4.0
304,6874,3.5
304,6934,4.0
304,7143,3.0
304,7147,3.5
304,8368,1.0
304,8622,3.5
304,8636,3.0
304,8665,4.0
304,8874,3.0
304,8914,5.0
304,8961,4.0
304,30749,3.5
304,33679,3.0
304,34048,4.0
304,34405,3.5
304,35836,1.0
304,40815,1.0
304,44191,5.0
304,45499,3.5
304,48043,5.0
304,48385,1.0
304,48394,3.5
304,48780,4.5
304,49272,3.5
304,51662,4.0
304,54001,1.0
304,54286,4.0
304,55820,3.5
304,58559,5.0
304,59315,3.5
304,60069,3.5
304,60684,3.5
304,68237,4.0
304,68358,4.0
304,68954,3.5
304,69122,0.5
304,70286,4.0
304,71535,3.5
304,74458,4.5
304,74789,4.0
304,79132,4.5
304,80463,1.5
304,81834,1.0
304,86332,3.5
304,88125,1.0
304,89102,3.5
305,1,4.0
305,17,4.0
305,62,4.0
305,232,5.0
305,300,4.0
305,506,2.0
305,728,4.0
305,764,4.0
305,778,5.0
305,838,4.0
305,898,4.0
305,902,4.0
305,904,5.0
305,905,4.0
305,906,4.0
305,909,5.0
305,911,4.0
305,913,4.0
305,915,4.0
305,916,5.0
305,924,5.0
305,950,4.0
305,955,4.0
305,1060,5.0
305,1086,4.0
305,1103,4.0
305,1172,5.0
305,1197,5.0
305,1212,5.0
305,1234,4.0
305,1259,4.0
305,1270,4.0
305,1288,4.0
305,1295,4.0
305,1307,5.0
305,1617,4.0
305,1641,4.0
305,1683,3.0
305,1721,3.0
305,1732,4.0
305,1914,4.0
305,1923,5.0
305,1957,5.0
305,1965,3.0
305,2243,3.0
305,2302,3.0
305,2324,5.0
305,2375,4.0
305,2396,5.0
305,2398,4.0
305,2413,3.0
305,2485,3.0
305,2501,4.0
305,2686,5.0
305,2699,2.0
305,2700,3.0
305,2706,4.0
305,2712,2.0
305,2728,5.0
305,2762,5.0
305,2770,3.0
305,2791,3.0
306,10,4.0
306,47,3.0
306,110,4.0
306,151,4.0
306,253,4.0
306,296,5.0
306,316,2.0
306,329,3.0
306,344,5.0
306,356,4.0
306,367,4.0
306,370,3.0
306,380,3.0
306,410,3.0
306,442,3.0
306,485,3.0
306,509,4.0
306,586,3.0
306,587,2.0
306,588,4.0
306,589,3.0
306,590,4.0
306,592,3.0
306,593,4.0
306,597,4.0
307,1,3.0
307,9,3.0
307,32,3.0
307,36,3.0
307,63,3.0
307,95,3.0
307,141,3.0
307,260,4.0
307,494,3.0
307,608,3.0
307,648,4.0
307,653,3.0
307,692,3.0
307,694,3.0
307,704,3.0
307,724,3.0
307,733,3.0
307,736,3.0
307,743,3.0
307,762,3.0
307,780,4.0
307,784,2.0
307,786,3.0
307,802,3.0
307,805,3.0
307,832,4.0
307,836,3.0
307,849,1.0
307,858,5.0
307,879,3.0
307,880,3.0
307,990,3.0
307,999,3.0
307,1060,4.0
307,1210,5.0
307,1356,4.0
307,1357,4.0
307,1358,4.0
307,1438,4.0
307,1457,3.0
307,1459,3.0
307,1476,4.0
307,1483,1.0
307,1485,3.0
307,1488,3.0
307,1499,3.0
307,1515,3.0
307,1517,3.0
307,1527,3.0
308,39,3.5
308,1270,4.0
308,1682,2.5
308,2541,3.5
308,2795,4.0
308,2858,5.0
308,3753,5.0
308,3897,4.5
308,4246,4.0
308,4308,5.0
308,4720,4.5
308,4979,5.0
308,5816,4.0
308,7361,3.0
308,8533,4.0
308,33679,3.0
308,55247,3.5
308,56367,4.0
308,63992,4.0
308,69122,4.0
308,69757,3.0
308,69844,5.0
308,81591,3.0
308,81834,5.0
308,97921,3.5
308,109487,4.0
308,112556,5.0
308,122904,4.5
308,134853,4.0
308,140174,5.0
308,142488,4.5
308,148626,3.0
308,156387,3.0
308,165343,3.0
309,47,3.0
309,110,4.0
309,150,3.0
309,153,3.0
309,185,2.0
309,208,4.0
309,225,4.0
309,253,4.0
309,266,3.0
309,288,3.0
309,292,3.0
309,296,3.0
309,300,3.0
309,318,5.0
309,339,3.0
309,349,3.0
309,380,2.0
309,420,1.0
309,434,2.0
309,457,3.0
309,590,5.0
309,592,3.0
309,593,5.0
310,62,5.0
310,150,5.0
310,153,3.0
310,161,4.0
310,165,3.0
310,292,5.0
310,296,3.0
310,316,4.0
310,339,5.0
310,344,4.0
310,349,5.0
310,356,4.0
310,380,2.0
310,434,2.0
310,527,5.0
310,588,5.0
310,590,5.0
310,592,4.0
310,593,5.0
310,595,4.0
310,788,4.0
311,1,2.0
311,10,1.5
311,19,1.5
311,47,4.0
311,48,1.5
311,50,4.5
311,70,2.5
311,94,4.5
311,106,4.0
311,110,1.0
311,154,3.0
311,158,1.5
311,161,3.5
311,215,4.0
311,231,1.0
311,260,4.0
311,261,2.5
311,288,3.5
311,290,4.5
311,293,4.0
311,296,5.0
311,306,4.0
311,307,5.0
311,308,4.5
311,318,3.5
311,344,3.0
311,356,4.0
311,364,2.0
311,370,1.0
311,374,1.0
311,420,1.5
311,455,1.5
311,468,3.5
311,475,3.0
311,527,3.5
311,541,1.0
311,586,1.5
311,589,1.0
311,593,3.5
311,597,2.0
311,608,4.5
311,673,1.0
311,778,3.5
311,781,2.5
311,858,4.5
311,912,2.5
311,924,3.0
311,1036,1.5
311,1041,2.0
311,1059,3.0
311,1089,3.5
311,1101,1.0
311,1116,4.0
311,1136,4.0
311,1173,4.0
311,1176,4.0
311,1193,4.0
311,1196,4.0
311,1201,3.0
311,1206,3.5
311,1210,4.0
311,1213,3.5
311,1214,1.0
311,1221,3.5
311,1230,3.0
311,1240,1.0
311,1243,4.0
311,1245,3.5
311,1246,4.0
311,1265,3.0
311,1270,4.5
311,1279,4.0
311,1367,2.5
311,1416,1.5
311,1527,1.5
311,1545,2.5
311,1580,0.5
311,1645,3.5
311,1682,3.5
311,1721,1.5
311,1732,5.0
311,1805,2.5
311,1893,3.5
311,1921,4.0
311,1967,3.5
311,1968,2.5
311,2011,4.0
311,2012,3.0
311,2022,4.5
311,2028,1.5
311,2124,2.0
311,2131,4.0
311,2174,3.0
311,2278,3.0
311,2291,3.5
311,2329,4.5
311,2336,3.5
311,2357,3.5
311,2388,3.5
311,2393,2.0
311,2410,1.0
311,2431,2.0
311,2541,3.0
311,2542,3.5
311,2571,5.0
311,2572,3.0
311,2580,2.5
311,2617,0.5
311,2628,1.0
311,2671,1.5
311,2692,3.5
311,2705,3.5
311,2706,2.5
311,2712,3.0
311,2762,3.0
311,2840,3.0
311,2858,3.0
311,2908,3.0
311,2918,2.5
311,2933,3.5
311,2944,4.0
311,2953,1.0
311,2959,4.0
311,2966,4.0
311,2997,3.5
311,3052,4.0
311,3114,2.0
311,3147,3.0
311,3160,4.0
311,3186,4.5
311,3254,3.0
311,3273,0.5
311,3275,3.0
311,3320,3.0
311,3328,4.0
311,3408,3.0
311,3481,3.5
311,3578,1.0
311,3677,4.5
311,3717,2.0
311,3753,0.5
311,3785,1.0
311,3793,1.0
311,3855,4.5
311,3869,1.0
311,3897,3.0
311,3910,3.5
311,3949,5.0
311,3967,3.0
311,3988,2.5
311,4011,4.0
311,4014,3.0
311,4016,4.5
311,4018,2.5
311,4022,2.0
311,4025,1.0
311,4072,4.0
311,4085,2.0
311,4226,5.0
311,4235,4.5
311,4246,2.0
311,4270,0.5
311,4299,2.5
311,4306,3.5
311,4308,5.0
311,4388,0.5
311,4433,2.0
311,4447,1.0
311,4638,0.5
311,4643,1.0
311,4718,0.5
311,4733,3.5
311,4734,3.5
311,4788,3.0
311,4816,0.5
311,4848,5.0
311,4874,4.0
311,4878,4.5
311,4886,3.5
311,4901,3.0
311,4963,2.5
311,4973,5.0
311,4975,3.5
311,4978,4.0
311,4993,3.0
311,4995,3.0
311,5010,2.0
311,5051,3.0
311,5219,0.5
311,5254,0.5
311,5349,0.5
311,5378,1.5
311,5418,2.5
311,5445,1.0
311,5459,0.5
311,5481,1.0
311,5608,3.5
311,5613,3.0
311,5668,4.5
311,5669,2.5
311,5673,3.0
311,5791,3.0
311,5809,0.5
311,5816,2.5
311,5872,1.0
311,5878,4.0
311,5902,3.5
311,5952,3.0
311,5956,2.5
311,5989,3.0
311,5991,3.5
311,5992,2.5
311,6016,3.5
311,6118,3.5
311,6155,2.5
311,6192,3.5
311,6214,4.5
311,6218,2.0
311,6300,3.5
311,6333,0.5
311,6365,0.5
311,6377,3.0
311,6503,0.5
311,6534,0.5
311,6537,0.5
311,6539,2.0
311,6552,3.5
311,6586,0.5
311,6708,4.0
311,6711,3.5
311,6754,0.5
311,6863,4.0
311,6867,3.5
311,6873,2.5
311,6874,4.0
311,6879,3.5
311,6888,0.5
311,6934,0.5
311,6939,4.0
311,6942,3.5
311,6947,2.0
311,6953,4.0
311,6957,2.0
311,7143,1.5
311,7153,3.0
311,7254,3.0
311,7256,3.5
311,7265,2.5
311,7293,2.5
311,7323,3.5
311,7361,4.0
311,7371,4.5
311,7438,3.0
311,7458,1.0
311,7460,4.0
311,7833,1.5
311,8014,4.0
311,8360,2.5
311,8368,2.5
311,8464,2.0
311,8528,0.5
311,8533,2.5
311,8573,4.0
311,8622,3.0
311,8623,2.5
311,8636,1.0
311,8638,4.0
311,8644,1.5
311,8656,4.0
311,8738,2.5
311,8810,0.5
311,8861,0.5
311,8873,3.0
311,8914,4.0
311,8950,4.5
311,8981,3.5
311,8984,3.0
311,8985,0.5
311,9010,3.0
311,25856,2.0
311,26082,2.0
311,26208,4.0
311,26258,3.5
311,26318,4.0
311,26587,4.0
311,26875,4.5
311,27357,3.0
311,27506,5.0
311,27660,0.5
311,27716,4.0
311,27727,4.0
311,27815,3.5
311,30707,3.0
311,30749,4.5
311,30810,3.5
311,30812,2.5
311,30825,1.0
311,31364,3.5
311,31410,3.5
311,31952,4.0
311,32587,3.0
311,32649,1.5
311,33004,4.0
311,33493,1.5
311,33679,1.5
311,33794,1.0
311,36517,3.0
311,37741,3.0
311,38159,4.0
311,39183,3.0
311,39869,4.0
311,40815,2.5
311,41285,3.5
311,42738,1.0
311,44191,3.0
311,44555,3.0
311,44665,3.5
311,44761,4.0
311,44788,2.0
311,45517,2.5
311,45722,2.0
311,46723,4.5
311,46972,0.5
311,46976,3.5
311,47446,4.5
311,47491,5.0
311,47610,3.0
311,48043,4.0
311,48082,4.0
311,48231,3.5
311,48304,0.5
311,48385,2.0
311,48394,3.5
311,48516,3.0
311,48738,3.5
311,48780,3.5
311,48997,2.5
311,49130,3.5
311,49272,1.5
311,49530,2.5
311,51662,1.0
311,52319,2.5
311,52722,0.5
311,52952,4.0
311,53123,4.0
311,53322,3.0
311,54001,2.5
311,54190,2.5
311,54276,1.5
311,54286,2.5
311,54503,0.5
311,55052,3.0
311,55069,4.5
311,55232,0.5
311,55247,2.5
311,55280,3.5
311,55284,2.0
311,55820,3.0
311,55901,3.5
311,55995,1.5
311,56001,4.0
311,56174,0.5
311,56367,4.5
311,56757,3.0
311,56788,2.0
311,56801,0.5
311,57669,3.5
311,58078,4.0
311,58295,3.0
311,58559,2.5
311,58922,4.0
311,59315,0.5
311,59615,1.0
311,60069,3.5
311,62511,4.0
311,63082,2.5
311,63113,1.5
311,63992,1.0
311,64114,0.5
311,64575,3.5
311,64614,2.0
311,64839,4.0
311,64957,2.5
311,68157,3.0
311,69122,1.0
311,69757,4.0
311,69844,2.5
311,70286,1.0
311,70293,3.0
311,71033,4.0
311,71156,4.0
311,71579,3.0
311,72011,2.5
311,72479,0.5
311,72998,0.5
311,73017,3.0
311,73321,0.5
311,74789,2.0
311,77307,4.5
311,77561,0.5
311,78039,4.5
311,78105,0.5
311,78469,0.5
311,78836,3.0
311,79132,3.0
311,79224,2.5
311,79695,1.0
311,79702,5.0
311,80969,3.0
311,81020,4.5
311,81591,5.0
311,81819,4.0
311,81823,4.5
311,81834,2.5
311,81845,3.0
311,84128,3.5
311,84152,2.5
311,84374,2.0
311,84772,1.0
311,84880,2.0
311,84954,3.5
311,85213,3.5
311,86320,2.0
311,86880,1.5
311,86882,3.5
311,87232,0.5
311,87234,3.5
311,87430,0.5
311,87876,2.0
311,88044,3.5
311,88125,2.5
311,88163,2.0
311,88179,3.0
311,88405,2.0
311,89039,4.0
311,89118,3.5
311,89472,3.0
311,89480,3.5
311,89745,0.5
311,89753,3.5
311,89759,4.5
311,89896,4.0
311,90376,4.0
311,90528,3.0
311,90561,3.0
311,90620,1.0
311,91035,3.5
311,91104,0.5
311,91485,1.0
311,91500,1.5
311,91529,1.0
311,91535,2.5
311,91542,3.0
311,91902,3.5
311,91974,1.0
311,92152,3.5
311,92259,3.5
311,92660,3.5
311,93422,2.5
311,93717,2.0
311,93740,3.5
311,93939,3.0
311,94777,0.5
311,94780,0.5
311,94939,3.5
311,94959,3.5
311,95510,0.5
311,95543,2.0
311,95875,1.0
311,95939,2.5
311,96079,1.5
311,96488,3.0
311,96588,3.0
311,96691,0.5
311,96737,1.0
311,96821,2.5
311,96829,4.0
311,96832,3.5
311,96943,3.0
311,97024,3.0
311,97752,2.5
311,97768,3.0
311,97921,3.5
311,98017,3.5
311,98203,0.5
311,98809,2.5
311,98961,3.0
311,100515,3.5
311,100529,2.5
311,100556,3.5
311,100714,4.0
311,101068,4.0
311,101498,3.5
311,101525,3.5
311,101765,1.0
311,102005,4.0
311,102407,3.5
311,102483,1.5
311,102588,4.5
311,102716,0.5
311,102993,3.5
311,103027,4.0
311,103137,1.5
311,103249,0.5
311,103279,3.5
311,103772,0.5
311,103980,3.5
311,104356,3.5
311,104374,3.0
311,104863,3.5
311,105144,0.5
311,105577,0.5
311,105835,4.0
311,106002,0.5
311,106100,3.5
311,106144,3.0
311,106163,3.0
311,106452,3.5
311,106487,1.5
311,106766,3.5
311,106782,3.0
311,106918,3.0
311,106920,1.5
311,106983,3.5
311,108727,3.0
311,108981,3.5
311,109374,3.0
311,109487,1.5
311,109673,1.0
311,110127,1.5
311,111759,0.5
311,112183,4.0
311,112290,3.5
311,112552,5.0
311,112556,1.5
311,112623,0.5
311,112689,3.5
311,112852,0.5
311,113225,3.5
311,113705,2.5
311,114250,3.0
311,115172,4.0
311,115713,2.0
311,115991,3.0
311,116138,4.0
311,116161,1.5
311,116660,1.0
311,116797,3.0
311,116823,2.0
311,116957,3.5
311,117123,3.0
311,117438,3.5
311,118862,4.0
311,118896,3.5
311,119145,2.0
311,122882,0.5
311,122886,2.0
311,126919,3.0
311,127226,3.5
311,127298,3.5
311,127305,3.0
311,128512,3.0
311,130390,0.5
311,130580,4.0
311,130582,4.0
311,131270,0.5
311,133419,2.0
311,133771,4.0
311,134130,3.0
311,139034,3.0
311,139385,2.5
311,139855,3.5
311,142456,2.5
311,142488,4.0
311,142492,5.0
311,143243,3.0
311,143245,3.5
311,144138,2.5
311,147613,4.5
311,148884,4.0
311,152944,3.5
311,156605,4.0
311,157318,4.0
311,158783,3.0
311,158972,4.0
311,159191,3.5
311,159789,3.0
311,160876,3.5
311,160990,3.5
311,162424,4.5
311,164909,3.5
311,165549,3.5
311,166528,3.0
311,167700,0.5
311,168266,1.0
311,169760,3.5
311,170355,5.0
311,170683,4.0
311,175379,4.5
311,176389,0.5
311,177615,3.5
311,183897,2.5
311,202429,2.5
311,202439,1.5
311,205156,4.0
311,205441,4.0
311,205509,2.0
312,5,3.0
312,21,3.0
312,39,5.0
312,52,5.0
312,70,4.0
312,104,5.0
312,172,4.0
312,180,4.0
312,223,5.0
312,231,3.0
312,252,3.0
312,312,3.0
312,322,5.0
312,333,5.0
312,342,4.0
312,344,4.0
312,345,5.0
312,348,4.0
312,370,5.0
312,380,3.0
312,410,3.0
312,413,3.0
312,432,3.0
312,433,3.0
312,435,3.0
312,466,4.0
312,492,4.0
312,500,4.0
312,513,4.0
312,520,3.0
312,543,4.0
312,551,3.0
312,585,4.0
312,586,3.0
312,588,4.0
312,663,2.0
312,692,1.0
312,784,2.0
312,788,4.0
312,799,2.0
312,804,4.0
312,830,3.0
312,852,5.0
312,1188,3.0
312,1215,4.0
312,1265,4.0
312,1405,3.0
312,1439,1.0
312,1476,4.0
312,1526,2.0
312,1641,4.0
312,1701,4.0
312,1732,5.0
312,1747,2.0
312,1753,3.0
312,1918,4.0
312,1923,5.0
312,1968,5.0
312,2004,2.0
312,2018,4.0
312,2108,4.0
312,2119,1.0
312,2124,3.0
312,2249,2.0
312,2253,1.0
312,2266,2.0
312,2282,3.0
312,2335,3.0
312,2355,5.0
312,2384,5.0
312,2387,4.0
312,2395,4.0
312,2424,4.0
312,2496,3.0
312,2539,4.0
312,2596,4.0
312,2597,2.0
312,2598,4.0
312,2599,4.0
312,2683,5.0
312,2694,4.0
312,2699,3.0
312,2700,2.0
312,2706,5.0
312,2724,3.0
312,2759,1.0
312,2793,4.0
312,2805,3.0
312,2858,5.0
312,2985,4.0
312,3060,5.0
312,3114,5.0
312,3120,4.0
312,3130,1.0
312,3243,3.0
312,3247,3.0
312,3253,4.0
312,3254,4.0
312,3263,4.0
312,3264,4.0
312,3450,4.0
312,3477,3.0
313,47,4.0
313,50,2.0
313,104,3.0
313,296,4.0
313,356,4.0
313,593,3.0
313,858,4.0
313,1089,3.5
313,1213,3.5
313,1221,3.0
313,1485,3.0
313,1732,3.0
313,2028,3.5
313,2273,3.0
313,2329,3.5
313,2571,3.5
313,2762,3.5
313,2959,3.0
313,3275,3.5
313,3408,3.5
313,3578,4.0
313,3948,3.0
313,4034,4.0
313,4226,2.5
313,4239,4.0
313,4262,2.5
313,4448,3.5
313,4776,4.5
313,5010,3.0
313,5266,3.0
313,5418,4.5
313,5810,3.0
313,5956,3.5
313,5959,4.0
313,5989,3.5
313,6016,4.0
313,6188,3.5
313,6874,3.5
313,6953,3.0
313,7147,2.0
313,7438,4.0
313,8533,3.5
313,8641,2.5
313,8665,4.0
313,33166,4.0
313,33794,3.5
313,34162,3.0
313,44199,4.0
313,44665,2.5
313,47099,4.0
313,47610,3.0
313,48516,5.0
313,48780,3.5
313,49272,3.0
313,49314,4.5
313,50794,4.0
313,51662,3.5
313,54286,3.5
313,54503,4.0
313,54997,2.5
313,55820,4.5
313,56174,4.0
313,56367,3.5
313,58559,4.0
313,58803,2.5
313,64614,3.5
313,69122,3.0
313,69640,2.5
313,74944,4.0
313,79132,4.0
313,80489,4.0
313,84152,4.0
313,84392,4.0
313,88129,2.5
313,90405,3.5
313,91529,4.0
313,96610,3.5
313,97923,3.0
313,99114,4.5
313,104211,2.5
313,105504,4.0
313,105755,4.0
313,106100,3.0
313,106782,4.0
313,106920,2.5
313,112171,4.0
313,115210,3.0
313,160438,2.5
314,502,4.0
314,527,5.0
314,720,4.0
314,858,4.5
314,1172,5.0
314,1244,5.0
314,1277,3.5
314,1429,3.5
314,2000,5.0
314,2083,4.5
314,2384,3.0
314,2389,4.0
314,2533,4.5
314,2642,4.0
314,2643,4.0
314,2672,4.5
314,2716,5.0
314,2915,4.0
314,3354,4.0
314,3396,4.0
315,296,4.0
315,318,4.0
315,356,3.5
315,413,4.0
315,480,3.5
315,551,4.5
315,593,3.5
315,596,2.0
315,914,1.0
315,934,3.5
315,1271,4.0
315,1333,3.5
315,1367,2.5
315,1732,3.0
315,1947,3.5
315,2072,3.5
315,2245,4.0
315,2375,4.0
315,2398,3.5
315,2572,3.5
315,2694,4.0
315,2770,1.5
315,3247,3.5
315,4002,3.0
315,4018,3.0
315,5989,4.5
315,6003,4.5
315,6383,4.0
315,6502,4.0
315,7293,3.5
315,7444,2.5
315,8169,4.0
315,35836,3.5
315,51662,3.5
315,53000,3.0
315,54190,2.5
315,56367,4.5
315,60037,3.5
316,50,0.5
316,260,1.0
316,318,1.0
316,356,2.0
316,527,1.0
316,593,2.0
316,858,0.5
316,904,2.0
316,908,0.5
316,912,0.5
316,1136,0.5
316,1172,1.5
316,1193,0.5
316,1196,1.0
316,1197,0.5
316,1198,2.5
316,1203,0.5
316,1207,0.5
316,1221,0.5
316,1234,0.5
316,1291,2.5
316,2019,0.5
316,2028,0.5
316,2324,1.0
316,2329,0.5
316,2571,2.5
316,2762,2.0
316,2858,4.0
316,2959,3.0
316,3578,0.5
316,3755,1.5
316,3793,4.0
316,3897,1.5
316,3911,0.5
316,3996,0.5
316,4011,0.5
316,4014,2.0
316,4022,1.0
316,4027,5.0
316,4226,1.5
316,4246,1.0
316,4306,0.5
316,4308,0.5
316,4370,1.0
316,4878,3.0
316,4886,3.0
316,4896,0.5
316,4963,0.5
316,4973,3.0
316,4993,0.5
316,4995,5.0
316,5008,0.5
316,5218,0.5
316,5349,3.0
316,5418,5.0
316,5445,3.0
316,5502,0.5
316,5669,2.5
316,5952,0.5
316,5989,0.5
316,5995,1.5
316,6016,4.0
316,6377,2.0
316,6502,2.0
316,6539,0.5
316,6874,2.0
316,6934,0.5
316,7143,0.5
316,7153,1.0
316,7256,2.0
316,7361,5.0
316,7438,0.5
316,8874,0.5
316,8961,2.0
316,30749,2.0
316,31410,1.0
316,33493,0.5
316,33794,4.0
316,44555,4.5
316,46578,5.0
316,48394,3.0
316,48516,5.0
316,48780,5.0
316,49272,0.5
316,51662,0.5
316,54286,5.0
316,55820,4.0
316,56367,4.0
316,58559,5.0
316,59315,5.0
316,60069,3.0
316,64614,4.0
316,71033,4.0
316,79132,5.0
316,81845,2.0
316,82143,0.5
316,85342,2.0
316,85774,0.5
316,86781,1.5
316,92259,5.0
316,93040,0.5
316,93988,1.0
316,95858,0.5
316,96829,0.5
316,104944,5.0
316,105250,5.0
316,112552,5.0
316,116797,3.0
316,117533,5.0
316,129250,0.5
316,130634,0.5
316,131029,0.5
316,131796,0.5
317,32,5.0
317,50,3.5
317,111,5.0
317,252,0.5
317,296,5.0
317,315,1.0
317,318,3.0
317,527,5.0
317,541,5.0
317,608,5.0
317,858,5.0
317,903,4.5
317,910,5.0
317,912,5.0
317,913,4.5
317,968,5.0
317,1089,5.0
317,1092,3.0
317,1193,5.0
317,1198,5.0
317,1201,5.0
317,1203,5.0
317,1208,5.0
317,1209,5.0
317,1212,5.0
317,1214,5.0
317,1219,5.0
317,1221,5.0
317,1222,5.0
317,1233,4.5
317,1234,5.0
317,1235,4.5
317,1250,4.5
317,1252,5.0
317,1254,5.0
317,1258,5.0
317,1266,5.0
317,1275,3.0
317,1276,5.0
317,1282,4.0
317,1285,4.0
317,1288,5.0
317,1302,2.5
317,1333,3.5
317,1747,3.5
317,1762,0.5
317,2002,1.5
317,2302,3.5
317,2406,3.0
317,2858,5.0
317,2918,4.0
317,2924,3.0
317,2947,3.5
317,2949,4.5
317,2951,5.0
317,2959,4.5
317,3089,4.5
317,3435,5.0
317,3468,4.5
317,3681,5.0
317,3683,5.0
317,3692,3.0
317,3948,4.0
317,4878,4.5
317,5125,4.0
317,5143,3.0
317,5445,5.0
317,5989,5.0
317,6016,5.0
317,6502,5.0
317,6787,5.0
317,7387,4.0
317,8228,5.0
317,8874,5.0
317,30749,4.0
317,34520,1.5
317,55820,4.5
317,56757,3.0
317,58559,4.5
317,68157,4.0
317,71464,5.0
318,32,5.0
318,50,5.0
318,97,5.0
318,111,5.0
318,296,5.0
318,318,5.0
318,319,5.0
318,501,5.0
318,509,5.0
318,527,5.0
318,551,5.0
318,593,4.5
318,714,5.0
318,750,5.0
318,778,5.0
318,858,4.5
318,902,5.0
318,904,4.5
318,909,5.0
318,910,4.5
318,912,5.0
318,923,5.0
318,1086,5.0
318,1089,5.0
318,1175,5.0
318,1193,4.5
318,1201,5.0
318,1206,5.0
318,1207,5.0
318,1213,4.5
318,1214,5.0
318,1217,5.0
318,1221,5.0
318,1234,5.0
318,1237,5.0
318,1250,5.0
318,1269,5.0
318,1283,5.0
318,1292,5.0
318,1333,5.0
318,1682,5.0
318,1880,5.0
318,1962,5.0
318,2019,4.5
318,2028,5.0
318,2067,5.0
318,2176,5.0
318,2529,5.0
318,2696,5.0
318,2858,5.0
318,2959,4.5
318,2997,5.0
318,3081,4.5
318,3168,5.0
318,3363,5.0
318,3681,5.0
318,3788,5.0
318,4144,5.0
318,4262,5.0
318,4878,5.0
318,5291,5.0
318,6016,4.5
318,6571,5.0
318,6870,5.0
318,6975,5.0
318,7419,5.0
318,7438,5.0
318,8596,5.0
318,8622,5.0
318,8874,5.0
318,8951,5.0
318,8981,5.0
318,27904,5.0
318,30810,5.0
318,33166,5.0
318,42632,5.0
318,46578,5.0
318,54286,5.0
318,55805,5.0
318,57669,5.0
318,67267,5.0
318,71464,5.0
318,79132,5.0
318,97921,5.0
318,111921,5.0
319,1,3.0
319,50,2.0
319,62,5.0
319,222,3.0
319,450,3.0
319,550,3.0
319,586,3.0
319,589,3.0
319,590,4.0
319,593,5.0
319,608,3.0
319,780,4.0
319,1036,5.0
319,1041,3.0
319,1047,4.0
319,1081,4.0
319,1088,4.0
319,1096,4.0
319,1249,4.0
319,1259,5.0
319,1307,5.0
319,1344,5.0
319,1513,2.0
319,1617,4.0
319,1625,4.0
319,1660,3.0
319,1704,3.0
319,1957,2.0
319,1961,3.0
319,2013,5.0
319,2028,3.0
319,2076,2.0
319,2243,4.0
319,2331,2.0
319,2345,4.0
319,2352,5.0
319,2359,2.0
319,2541,3.0
319,2688,2.0
319,2700,2.0
319,2858,4.0
319,2881,4.0
319,2915,5.0
319,2918,4.0
319,3101,5.0
319,3111,4.0
319,3197,5.0
319,3256,4.0
319,3260,3.0
320,1,3.5
320,7,4.0
320,19,3.0
320,24,4.0
320,25,4.5
320,32,4.5
320,34,4.5
320,39,4.5
320,47,5.0
320,50,4.0
320,60,4.5
320,62,4.0
320,104,3.0
320,105,4.5
320,110,5.0
320,111,4.0
320,150,5.0
320,161,4.0
320,163,4.5
320,165,4.5
320,180,4.0
320,193,2.5
320,208,3.0
320,216,4.0
320,223,4.0
320,231,4.0
320,235,4.5
320,252,4.0
320,253,4.0
320,260,5.0
320,266,4.0
320,276,4.0
320,277,4.5
320,281,4.0
320,288,4.5
320,292,4.0
320,293,5.0
320,296,4.0
320,300,4.0
320,303,4.0
320,316,5.0
320,318,5.0
320,329,4.0
320,333,4.0
320,337,4.0
320,344,3.0
320,350,4.5
320,353,3.0
320,356,5.0
320,357,4.0
320,364,3.5
320,367,3.5
320,368,3.5
320,372,4.0
320,377,4.5
320,379,4.0
320,380,4.5
320,410,3.5
320,431,4.0
320,434,3.0
320,441,4.5
320,442,4.0
320,454,4.5
320,455,2.5
320,457,4.5
320,474,4.5
320,480,4.5
320,481,4.0
320,485,4.0
320,500,4.0
320,508,4.0
320,520,2.0
320,524,5.0
320,527,5.0
320,529,5.0
320,539,4.5
320,541,3.0
320,553,4.5
320,555,5.0
320,585,4.0
320,586,3.5
320,587,4.0
320,588,3.5
320,589,5.0
320,590,4.5
320,592,4.0
320,593,5.0
320,594,3.5
320,595,3.0
320,597,4.5
320,608,4.5
320,647,4.0
320,648,4.5
320,733,4.5
320,736,3.5
320,750,3.0
320,762,3.5
320,780,4.5
320,784,3.5
320,785,4.0
320,805,4.0
320,832,4.0
320,849,2.0
320,852,4.0
320,858,5.0
320,899,4.0
320,902,4.0
320,904,3.5
320,908,4.0
320,910,3.5
320,912,5.0
320,913,4.5
320,914,4.0
320,916,4.5
320,919,5.0
320,920,3.5
320,923,2.5
320,924,4.5
320,953,4.5
320,954,4.5
320,971,4.5
320,1022,3.5
320,1028,3.0
320,1035,5.0
320,1036,4.5
320,1047,4.5
320,1060,4.0
320,1073,4.0
320,1079,4.0
320,1088,4.0
320,1089,4.5
320,1090,4.5
320,1092,4.5
320,1094,3.5
320,1097,5.0
320,1101,4.0
320,1103,5.0
320,1104,4.5
320,1120,4.5
320,1124,4.0
320,1127,3.0
320,1129,5.0
320,1136,4.0
320,1193,5.0
320,1196,5.0
320,1197,4.5
320,1198,5.0
320,1200,4.0
320,1201,5.0
320,1203,4.5
320,1206,4.5
320,1207,5.0
320,1208,4.0
320,1209,4.5
320,1210,4.5
320,1213,5.0
320,1214,4.0
320,1219,4.0
320,1221,5.0
320,1222,5.0
320,1225,4.5
320,1234,4.5
320,1235,4.5
320,1240,5.0
320,1242,4.0
320,1246,4.5
320,1247,4.0
320,1250,4.5
320,1252,3.5
320,1258,4.5
320,1259,4.5
320,1262,4.5
320,1263,4.5
320,1265,4.5
320,1266,5.0
320,1270,5.0
320,1271,4.5
320,1275,4.5
320,1276,5.0
320,1278,5.0
320,1283,4.0
320,1285,4.0
320,1287,3.0
320,1288,3.0
320,1291,4.5
320,1302,4.5
320,1304,4.5
320,1307,4.5
320,1320,4.0
320,1343,4.0
320,1345,4.0
320,1350,4.5
320,1356,4.0
320,1358,4.5
320,1370,4.5
320,1371,4.0
320,1374,4.5
320,1378,4.0
320,1380,5.0
320,1387,5.0
320,1391,2.0
320,1393,5.0
320,1407,4.0
320,1466,4.0
320,1476,4.0
320,1485,4.0
320,1513,4.0
320,1517,4.5
320,1527,4.5
320,1569,4.0
320,1573,4.0
320,1580,4.0
320,1584,5.0
320,1586,3.0
320,1587,4.0
320,1597,4.0
320,1610,4.0
320,1620,4.5
320,1625,4.0
320,1641,4.0
320,1644,3.5
320,1645,4.0
320,1653,4.5
320,1663,4.5
320,1673,4.0
320,1676,4.0
320,1682,4.0
320,1693,4.0
320,1704,4.5
320,1717,3.5
320,1721,4.5
320,1729,3.5
320,1732,4.0
320,1747,4.5
320,1777,4.0
320,1784,5.0
320,1911,4.0
320,1912,4.0
320,1917,4.0
320,1923,5.0
320,1945,5.0
320,1947,5.0
320,1954,5.0
320,1955,4.5
320,1958,4.5
320,1961,5.0
320,1962,4.5
320,1968,4.0
320,1982,4.5
320,1991,2.5
320,1994,3.5
320,1997,4.5
320,2000,5.0
320,2001,4.5
320,2011,4.0
320,2012,3.5
320,2013,4.5
320,2019,4.0
320,2023,4.0
320,2028,5.0
320,2046,4.0
320,2054,3.5
320,2058,4.0
320,2064,4.0
320,2076,3.0
320,2081,3.5
320,2094,4.0
320,2100,4.0
320,2109,4.5
320,2111,4.5
320,2115,4.5
320,2118,4.5
320,2125,4.0
320,2134,4.5
320,2144,4.5
320,2145,4.0
320,2160,4.0
320,2167,4.0
320,2174,4.0
320,2194,4.5
320,2248,4.0
320,2268,5.0
320,2273,4.0
320,2288,4.5
320,2291,5.0
320,2302,4.5
320,2321,4.5
320,2324,4.5
320,2329,4.5
320,2340,4.0
320,2353,4.0
320,2366,4.0
320,2369,3.5
320,2391,4.5
320,2396,4.0
320,2403,4.5
320,2406,4.0
320,2409,4.5
320,2410,4.0
320,2420,4.5
320,2424,4.0
320,2431,4.0
320,2455,4.0
320,2470,4.5
320,2474,3.5
320,2490,4.0
320,2501,4.5
320,2502,5.0
320,2524,4.5
320,2527,4.0
320,2528,4.5
320,2529,5.0
320,2539,4.0
320,2541,4.0
320,2571,5.0
320,2617,4.0
320,2628,4.0
320,2640,4.5
320,2641,4.0
320,2657,3.5
320,2671,4.5
320,2683,5.0
320,2694,4.0
320,2701,2.0
320,2706,4.0
320,2710,2.5
320,2712,2.0
320,2716,4.0
320,2717,4.0
320,2739,4.5
320,2746,4.0
320,2762,5.0
320,2791,5.0
320,2795,4.5
320,2797,4.5
320,2803,4.0
320,2804,4.5
320,2858,5.0
320,2866,4.0
320,2871,4.5
320,2872,4.5
320,2881,4.0
320,2915,4.5
320,2916,4.5
320,2918,4.5
320,2944,5.0
320,2953,3.0
320,2959,3.5
320,2985,4.0
320,2987,3.5
320,2997,4.5
320,3006,5.0
320,3020,4.5
320,3033,4.0
320,3039,4.5
320,3052,4.5
320,3074,4.5
320,3081,4.0
320,3098,4.5
320,3101,4.5
320,3105,4.5
320,3108,4.0
320,3114,3.0
320,3147,4.5
320,3148,4.5
320,3174,4.0
320,3176,4.0
320,3178,4.0
320,3210,4.0
320,3247,4.0
320,3252,4.0
320,3253,4.0
320,3255,4.0
320,3271,4.0
320,3354,4.5
320,3355,4.5
320,3360,4.0
320,3361,4.5
320,3362,4.5
320,3363,3.5
320,3408,4.5
320,3418,4.0
320,3421,5.0
320,3424,4.0
320,3448,4.5
320,3468,5.0
320,3471,5.0
320,3481,4.0
320,3499,4.5
320,3504,5.0
320,3508,5.0
320,3510,4.0
320,3565,4.0
320,3578,4.5
320,3614,4.0
320,3623,4.5
320,3671,4.0
320,3698,3.5
320,3702,4.0
320,3703,5.0
320,3717,4.0
320,3740,4.0
320,3752,4.0
320,3753,4.5
320,3755,4.0
320,3785,4.0
320,3793,5.0
320,3798,3.5
320,3809,4.5
320,3825,4.0
320,3897,5.0
320,3911,4.0
320,3916,4.5
320,3928,3.0
320,3946,4.0
320,3948,5.0
320,3967,3.5
320,3969,4.0
320,3977,4.0
320,3978,3.5
320,3980,4.5
320,3994,4.5
320,3996,4.5
320,4002,4.5
320,4007,4.0
320,4014,4.0
320,4015,3.0
320,4017,4.0
320,4018,4.0
320,4019,4.0
320,4020,4.0
320,4022,4.5
320,4025,3.0
320,4027,3.5
320,4034,4.0
320,4040,4.0
320,4061,4.0
320,4067,4.0
320,4069,3.5
320,4085,4.5
320,4103,5.0
320,4148,4.0
320,4149,4.0
320,4223,4.5
320,4226,4.5
320,4238,4.0
320,4239,4.5
320,4246,4.0
320,4247,4.0
320,4262,5.0
320,4306,4.0
320,4308,3.5
320,4321,4.0
320,4370,4.5
320,4447,4.5
320,4465,4.0
320,4571,4.0
320,4643,3.0
320,4654,4.0
320,4710,4.0
320,4720,4.0
320,4734,4.0
320,4757,4.0
320,4776,4.5
320,4848,2.5
320,4855,4.5
320,4874,4.0
320,4878,4.0
320,4896,3.0
320,4963,4.0
320,4973,4.0
320,4975,2.0
320,4993,2.5
320,4995,5.0
320,5014,4.5
320,5060,4.5
320,5106,3.0
320,5218,3.5
320,5219,4.0
320,5247,4.5
320,5266,4.0
320,5267,4.5
320,5299,2.5
320,5313,4.0
320,5349,5.0
320,5377,4.0
320,5378,3.5
320,5418,5.0
320,5435,4.5
320,5445,5.0
320,5464,4.0
320,5483,4.5
320,5502,4.0
320,5524,3.5
320,5582,4.0
320,5669,4.0
320,5680,4.0
320,5782,4.5
320,5816,2.5
320,5903,4.0
320,5952,3.5
320,5954,4.0
320,5955,4.0
320,5956,4.5
320,5989,5.0
320,5995,4.5
320,6003,4.0
320,6155,4.0
320,6303,4.5
320,6333,4.5
320,6365,4.5
320,6373,4.0
320,6377,3.5
320,6378,4.0
320,6385,4.5
320,6483,2.0
320,6502,4.0
320,6539,3.5
320,6565,4.0
320,6708,4.0
320,6711,4.0
320,6754,4.0
320,6787,5.0
320,6863,4.0
320,6870,4.0
320,6874,5.0
320,6934,4.0
320,7060,4.5
320,7076,4.0
320,7142,3.5
320,7143,5.0
320,7153,3.5
320,7254,4.0
320,7361,4.5
320,7373,4.0
320,7376,3.0
320,7386,5.0
320,7438,4.0
320,7698,4.5
320,7701,1.0
320,7773,4.0
320,8132,5.0
320,8360,3.5
320,8368,3.0
320,8376,4.5
320,8531,3.0
320,8533,4.5
320,8636,5.0
320,8644,4.5
320,8665,5.0
320,8958,4.0
320,8961,3.0
320,8966,4.0
320,8970,5.0
320,27871,4.5
320,30707,4.5
320,30749,4.0
320,30812,4.5
320,32587,3.5
320,33166,4.0
320,33493,4.0
320,33660,4.0
320,33679,4.0
320,34048,4.0
320,34162,4.5
320,34319,4.5
320,34532,4.0
320,35836,4.0
320,37741,4.5
320,37853,3.5
320,39183,3.0
320,40815,2.5
320,41566,4.5
320,42738,4.0
320,43928,4.0
320,44191,4.5
320,45447,4.0
320,45499,4.5
320,45501,4.0
320,46062,4.0
320,47200,4.0
320,48385,4.5
320,48516,4.5
320,48780,4.0
320,49530,5.0
320,49910,4.0
320,50806,4.0
320,51662,3.5
320,51935,4.0
320,52375,4.0
320,52644,4.0
320,52722,4.5
320,52973,4.5
320,53464,4.0
320,53519,4.0
320,54286,5.0
320,54503,4.5
320,55247,4.0
320,55290,4.0
320,55820,4.0
320,56174,4.0
320,56367,4.5
320,56587,2.5
320,56885,4.5
320,57640,4.0
320,58295,4.0
320,58559,4.5
320,58998,5.0
320,59315,4.0
320,59369,4.0
320,60069,4.0
320,60684,4.0
320,60753,4.5
320,60756,3.0
320,61123,3.0
320,63062,4.0
320,63072,4.0
320,63082,4.5
320,64575,4.0
320,64614,5.0
320,64620,4.0
320,64839,4.5
320,64957,3.5
320,65682,4.0
320,67255,4.0
320,68157,4.0
320,68205,3.0
320,68358,5.0
320,69122,5.0
320,69640,4.0
320,69757,4.0
320,69849,5.0
320,70286,4.0
320,70334,3.0
320,72011,4.0
320,72641,4.0
320,72733,4.0
320,72998,5.0
320,73290,3.5
320,74458,1.5
320,76251,4.0
320,77561,4.0
320,78574,4.0
320,79006,3.5
320,79132,4.5
320,79702,2.5
320,80463,4.0
320,80489,4.0
320,80839,3.0
320,81591,1.5
320,81788,4.0
320,81845,4.0
320,81932,4.5
320,82459,3.5
320,84152,4.5
320,84954,4.0
320,85414,5.0
320,87232,3.0
320,88744,3.0
320,89745,4.0
320,89774,2.5
320,90405,4.5
320,91500,5.0
320,94864,4.5
320,95510,4.0
320,95875,4.0
320,96610,4.5
320,96821,4.0
320,97752,4.0
320,102445,4.5
321,293,5.0
321,296,5.0
321,316,5.0
321,318,0.5
321,527,0.5
321,858,0.5
321,1198,0.5
321,1213,0.5
321,1221,0.5
321,1527,5.0
321,2571,5.0
321,2959,0.5
321,3578,5.0
321,3793,0.5
321,4226,5.0
321,4306,0.5
321,4886,0.5
321,4963,0.5
321,4973,5.0
321,4993,5.0
321,5349,0.5
321,5445,0.5
321,5952,5.0
321,5989,0.5
321,5995,5.0
321,6377,0.5
321,6539,0.5
321,6874,0.5
321,7153,5.0
321,7438,0.5
321,8961,0.5
321,33794,1.0
321,41566,5.0
321,58559,0.5
321,59315,0.5
321,60069,0.5
321,79132,5.0
321,98809,5.0
321,102407,0.5
321,106489,5.0
321,118696,5.0
322,63,4.0
322,364,4.0
322,552,3.0
322,1010,3.0
322,1127,3.0
322,1196,5.0
322,1221,5.0
322,1243,4.0
322,1288,5.0
322,1485,3.0
322,1911,3.0
322,1917,4.0
322,1918,3.0
322,2000,4.0
322,2001,4.0
322,2002,4.0
322,2013,3.0
322,2081,3.0
322,2143,2.0
322,2160,5.0
322,2278,5.0
322,2336,4.0
322,2355,5.0
322,2490,4.0
322,2502,4.0
322,2528,3.0
322,2542,5.0
322,2580,5.0
322,2599,4.0
322,2606,4.0
322,2670,4.0
322,2683,4.0
322,2688,4.0
322,2694,4.0
322,2699,5.0
322,2700,4.0
322,2701,2.0
322,2706,5.0
322,2707,5.0
322,2716,5.0
322,2723,4.0
322,2746,4.0
322,2761,4.0
322,2762,4.0
322,2763,4.0
322,2764,5.0
322,2819,5.0
322,2826,5.0
322,2840,4.0
322,2841,4.0
322,2858,5.0
322,2890,4.0
322,2912,4.0
322,2990,3.0
322,2993,4.0
322,3005,4.0
322,3037,4.0
322,3052,5.0
322,3113,3.0
322,3114,5.0
322,3175,4.0
322,3203,1.0
322,3208,4.0
322,3219,4.0
322,3255,3.0
322,3354,3.0
322,3362,4.0
322,3384,5.0
322,3408,2.0
322,3420,4.0
322,3512,4.0
322,3543,4.0
322,3769,5.0
323,10,3.0
323,15,3.0
323,21,4.0
323,24,1.0
323,50,5.0
323,70,5.0
323,95,2.0
323,101,3.0
323,110,5.0
323,111,5.0
323,145,3.0
323,153,2.0
323,175,3.0
323,181,1.0
323,185,2.0
323,196,5.0
323,198,4.0
323,208,4.0
323,225,2.0
323,260,4.0
323,296,5.0
323,303,3.0
323,316,2.0
323,356,4.0
323,379,4.0
323,380,5.0
323,431,5.0
323,435,4.0
323,457,4.0
323,480,4.0
323,527,4.0
323,546,4.0
323,589,5.0
323,593,5.0
323,608,4.0
323,653,2.0
323,667,4.0
323,674,3.0
323,737,4.0
323,786,4.0
323,788,3.0
323,815,1.0
323,836,2.0
323,849,3.0
323,886,3.0
323,1037,4.0
323,1049,2.0
323,1090,5.0
323,1097,3.0
323,1100,4.0
323,1196,5.0
323,1200,4.0
323,1206,5.0
323,1208,5.0
323,1210,4.0
323,1213,5.0
323,1222,5.0
323,1240,5.0
323,1320,4.0
323,1370,3.0
323,1377,2.0
323,1391,3.0
323,1408,3.0
323,1429,4.0
323,1431,3.0
323,1438,1.0
323,1488,3.0
323,1525,1.0
323,1544,3.0
323,1556,1.0
323,1562,1.0
323,1573,4.0
323,1580,2.0
323,1586,3.0
323,1591,2.0
323,1603,4.0
323,1608,3.0
323,1653,2.0
323,1667,2.0
323,1687,2.0
323,1690,4.0
323,1722,3.0
323,1762,1.0
323,1779,3.0
323,1792,4.0
323,1801,2.0
323,1858,5.0
323,1866,3.0
323,1876,1.0
323,1882,3.0
323,1909,3.0
323,1917,3.0
323,1918,3.0
323,2002,4.0
323,2028,5.0
323,2048,2.0
323,2054,3.0
323,2058,4.0
323,2094,3.0
323,2126,2.0
323,2167,4.0
323,2236,3.0
323,2273,5.0
323,2322,3.0
323,2353,4.0
323,2355,2.0
323,2396,1.0
323,2427,5.0
323,2428,3.0
323,2542,5.0
323,2549,2.0
323,2571,5.0
323,2582,3.0
323,2616,2.0
323,2617,3.0
323,2701,1.0
323,2722,2.0
323,2761,3.0
323,2807,4.0
323,2808,3.0
323,2817,2.0
323,2818,2.0
323,2826,4.0
323,2879,4.0
323,2890,4.0
323,2900,1.0
323,2959,5.0
323,2997,3.0
323,3082,3.0
323,3107,2.0
323,3113,3.0
323,3114,3.0
323,3156,2.0
323,3175,3.0
323,3267,4.0
323,3300,5.0
323,3439,4.0
323,3440,4.0
323,3697,2.0
323,3702,5.0
323,3703,5.0
323,3704,5.0
323,3764,2.0
323,3827,1.0
323,3946,3.0
323,3994,3.0
323,3996,5.0
323,4011,5.0
323,4022,2.0
323,4027,3.0
323,4034,3.0
323,4262,3.0
323,4277,4.0
323,4560,2.0
323,4638,1.0
324,1,3.5
324,47,1.0
324,49,4.0
324,110,4.5
324,153,3.0
324,260,4.0
324,296,2.5
324,318,4.0
324,356,3.0
324,364,3.0
324,380,3.5
324,461,0.5
324,480,4.0
324,587,3.0
324,588,4.0
324,593,4.0
324,608,1.0
324,736,4.5
324,780,3.5
324,866,4.5
324,912,1.0
324,1017,4.0
324,1033,2.5
324,1073,3.5
324,1097,3.5
324,1136,3.5
324,1196,4.0
324,1198,4.5
324,1207,4.0
324,1210,3.5
324,1269,3.5
324,1270,4.0
324,1271,5.0
324,1288,3.0
324,1291,4.0
324,1499,1.0
324,1509,3.0
324,1544,3.5
324,1569,3.0
324,1580,3.5
324,1639,2.0
324,1721,2.5
324,1897,2.5
324,1961,3.0
324,2021,4.0
324,2072,3.5
324,2078,3.0
324,2115,4.0
324,2140,3.5
324,2572,4.5
324,2628,3.5
324,2716,3.5
324,2739,3.5
324,2762,2.5
324,2774,4.0
324,2788,4.0
324,2959,3.5
324,2968,2.5
324,2987,2.5
324,3046,5.0
324,3114,3.0
324,3159,4.5
324,3247,4.0
324,3248,4.0
324,3255,3.0
324,3786,4.0
324,3791,2.5
324,3793,3.5
324,4022,4.0
324,4389,4.5
324,4878,4.0
324,4886,4.0
324,4993,5.0
324,5222,3.0
324,5349,3.5
324,5952,5.0
324,5989,4.0
324,6377,3.0
324,6765,5.0
324,7034,2.5
324,7153,5.0
324,8622,4.5
324,8961,3.0
324,27246,4.0
324,27647,4.0
324,32300,3.0
324,33794,4.0
324,33817,2.0
324,34048,4.0
324,41724,4.0
324,43744,3.0
324,44191,5.0
324,46578,1.5
324,48394,2.0
324,50183,3.0
324,52545,3.5
324,53125,2.5
324,55844,4.5
324,58559,5.0
324,59615,2.5
324,60069,5.0
324,70286,2.5
324,71450,4.5
324,72998,4.0
324,78499,2.5
324,79132,4.0
324,81845,2.5
324,91542,5.0
325,1,5.0
325,10,4.0
325,34,4.0
325,110,4.0
325,356,5.0
325,357,3.0
325,367,3.5
325,500,3.5
325,539,4.0
325,588,4.5
325,594,3.0
325,595,3.5
325,597,3.5
325,780,3.5
325,783,2.5
325,1027,3.0
325,1028,4.0
325,1079,4.0
325,1265,5.0
325,1282,1.5
325,1307,4.0
325,1359,4.0
325,1391,2.5
325,1485,1.5
325,1527,4.5
325,1569,2.5
325,1580,5.0
325,1588,3.0
325,1641,3.0
325,1682,5.0
325,1702,5.0
325,1704,3.5
325,1907,5.0
325,1911,3.5
325,2018,4.0
325,2052,3.5
325,2090,3.5
325,2137,5.0
325,2167,0.5
325,2294,5.0
325,2324,3.0
325,2424,4.0
325,2431,5.0
325,2571,5.0
325,2572,4.0
325,2671,5.0
325,2706,3.0
325,2724,4.5
325,2987,3.0
325,3147,5.0
325,3247,5.0
325,3489,1.5
325,3578,4.0
325,3623,4.5
325,3793,5.0
325,3948,4.0
325,3967,3.5
325,3988,3.5
325,4018,3.5
325,4022,2.0
325,4023,5.0
325,4069,3.5
325,4246,3.5
325,4299,4.0
325,4447,4.0
325,4700,4.0
325,4886,4.0
325,4890,4.0
325,4963,5.0
325,4973,4.0
325,4993,2.0
325,4995,5.0
325,5218,4.0
325,5299,3.0
325,5349,4.5
325,5377,4.5
325,5378,5.0
325,5418,4.0
325,5459,5.0
325,5943,4.0
325,5952,2.0
325,5957,4.0
325,5989,5.0
325,6333,5.0
325,6365,5.0
325,6373,4.0
325,6534,4.0
325,6539,4.5
325,6550,4.0
325,6874,0.5
325,6936,2.5
325,7147,5.0
325,7153,2.0
325,8360,3.0
325,8529,4.0
325,8533,5.0
325,8636,3.5
325,8644,5.0
325,8665,5.0
325,8869,3.0
325,8970,2.0
325,8972,2.5
325,30793,4.5
325,30812,3.0
325,30825,4.5
325,31433,3.0
325,31685,4.0
325,33004,4.0
325,33679,3.0
325,33794,4.0
325,35836,3.0
325,36519,2.0
325,40819,4.0
325,45499,3.5
325,45720,4.0
325,46972,3.5
325,49274,4.5
325,49286,3.5
325,51084,4.0
325,52722,5.0
325,53125,3.0
325,54001,5.0
325,54272,4.0
325,54286,3.0
325,56176,2.0
325,56367,4.5
325,56587,3.5
325,57640,3.5
325,58559,4.0
325,59315,5.0
325,59501,4.0
325,59784,5.0
325,60069,5.0
325,63113,1.5
325,63859,5.0
325,64716,3.5
325,64969,1.0
325,66203,3.5
325,68319,4.0
325,68954,3.5
325,72998,4.0
325,76093,3.0
325,77561,5.0
325,78105,4.0
325,79091,5.0
325,81834,5.0
325,81845,5.0
325,81847,2.5
325,82461,2.5
325,84374,3.5
325,84954,5.0
325,86332,5.0
325,87222,5.0
325,87232,4.5
325,88125,5.0
325,88140,5.0
325,88163,3.5
325,88405,4.0
325,89745,5.0
325,91529,5.0
325,94777,5.0
325,95167,2.0
325,95441,5.0
325,95510,2.5
325,96079,5.0
325,97921,3.0
325,98809,2.5
325,102125,5.0
325,103042,2.0
325,104374,4.5
325,104913,4.5
325,106002,4.0
325,106072,4.5
325,106489,2.5
325,106696,4.5
325,108945,3.5
325,111360,3.5
325,111362,3.0
325,111364,0.5
325,112852,5.0
325,114762,2.0
325,115617,4.5
325,117176,3.5
325,119145,3.5
325,122886,5.0
325,122892,5.0
325,129354,2.0
325,149406,5.0
325,152081,4.0
326,1,3.0
326,2,2.5
326,34,2.0
326,47,3.0
326,50,3.5
326,63,2.5
326,69,3.0
326,101,2.5
326,104,2.0
326,231,2.0
326,296,3.5
326,344,1.5
326,356,3.5
326,364,2.5
326,367,2.0
326,480,3.0
326,500,2.5
326,541,3.5
326,587,3.0
326,588,2.5
326,589,3.0
326,673,2.5
326,750,3.0
326,778,3.0
326,784,2.0
326,837,3.0
326,858,3.5
326,924,3.0
326,1089,3.0
326,1176,3.5
326,1206,3.0
326,1208,3.0
326,1210,2.5
326,1213,4.0
326,1221,4.0
326,1222,3.0
326,1240,3.0
326,1258,4.5
326,1274,3.5
326,1391,2.0
326,1485,2.0
326,1544,2.0
326,1566,2.0
326,1580,2.5
326,1673,3.0
326,1682,3.5
326,1704,3.0
326,1721,2.0
326,1732,2.5
326,1753,2.5
326,1757,4.0
326,1785,3.5
326,1840,3.0
326,1884,3.0
326,1907,2.5
326,1911,1.5
326,1954,3.0
326,2023,2.5
326,2144,2.5
326,2146,4.5
326,2273,2.0
326,2291,2.5
326,2294,1.0
326,2329,3.0
326,2335,1.0
326,2355,2.5
326,2395,3.0
326,2403,3.0
326,2409,2.5
326,2410,2.0
326,2411,2.0
326,2412,1.5
326,2495,3.5
326,2502,3.0
326,2571,3.5
326,2572,4.0
326,2579,3.0
326,2628,2.5
326,2687,2.5
326,2694,2.5
326,2701,1.0
326,2712,2.5
326,2810,3.5
326,2858,3.0
326,2918,2.5
326,2952,3.0
326,2959,4.0
326,2997,3.0
326,3114,2.0
326,3157,1.5
326,3160,3.5
326,3246,3.5
326,3253,2.0
326,3481,2.5
326,3535,3.0
326,3578,3.0
326,3617,2.0
326,3624,0.5
326,3785,1.5
326,3793,2.5
326,3910,3.0
326,3916,2.5
326,3949,3.5
326,3988,2.0
326,4011,3.5
326,4015,2.0
326,4016,2.0
326,4090,3.5
326,4144,3.5
326,4226,3.5
326,4239,2.5
326,4262,3.5
326,4306,2.0
326,4369,1.5
326,4373,2.0
326,4643,1.5
326,4728,1.5
326,4776,2.5
326,4816,2.5
326,4878,3.0
326,4886,2.5
326,4896,2.5
326,4963,3.5
326,4973,4.5
326,4979,3.0
326,4989,3.5
326,4993,3.0
326,5110,2.5
326,5218,1.5
326,5219,2.5
326,5225,3.0
326,5349,2.0
326,5378,2.0
326,5388,2.5
326,5419,1.0
326,5444,2.0
326,5449,2.0
326,5459,2.0
326,5618,3.5
326,5673,3.5
326,5810,2.5
326,5816,3.0
326,5952,3.0
326,5971,3.5
326,6155,3.0
326,6166,2.0
326,6188,2.5
326,6266,2.0
326,6297,2.5
326,6365,3.0
326,6377,2.5
326,6383,1.5
326,6550,0.5
326,6593,1.0
326,6711,3.5
326,6863,2.0
326,6874,3.0
326,6936,2.5
326,6995,3.0
326,7153,3.0
326,7225,3.5
326,7254,3.0
326,7293,2.0
326,7361,4.0
326,7438,3.5
326,7451,2.5
326,8363,2.0
326,8368,2.5
326,8376,2.5
326,8464,2.5
326,8528,2.5
326,8622,3.0
326,8636,2.5
326,8641,3.0
326,8807,2.5
326,8861,3.0
326,8874,3.0
326,8879,3.5
326,8907,0.5
326,8950,3.5
326,8961,2.5
326,8965,1.0
326,8972,1.5
326,26326,4.0
326,26662,3.5
326,27592,3.0
326,27773,4.0
326,30793,1.5
326,30810,3.0
326,31150,3.0
326,31685,2.5
326,32031,1.0
326,33493,2.5
326,33615,1.5
326,33646,3.0
326,34162,2.0
326,34332,1.5
326,35836,3.0
326,40339,0.5
326,40581,2.5
326,40815,2.5
326,42011,2.0
326,42632,3.0
326,42725,2.0
326,43836,1.0
326,44022,1.5
326,44191,3.0
326,44193,2.0
326,45431,1.5
326,45517,1.5
326,45666,4.5
326,45720,2.5
326,46335,2.5
326,46578,3.5
326,46948,1.0
326,46970,3.5
326,46972,1.5
326,47099,2.5
326,47518,2.5
326,47997,2.5
326,48082,3.0
326,48385,2.5
326,48394,3.5
326,48414,1.0
326,48774,4.0
326,48780,4.0
326,48997,3.0
326,49396,2.5
326,49651,2.5
326,50872,2.5
326,52245,3.5
326,52287,1.5
326,52458,2.0
326,52722,1.5
326,53121,1.5
326,53996,2.0
326,54001,3.0
326,54256,2.5
326,54272,2.0
326,54503,3.0
326,54648,1.5
326,55269,3.0
326,55363,3.0
326,55768,0.5
326,55820,4.0
326,56152,2.0
326,56174,3.0
326,56782,3.5
326,57368,2.0
326,58156,2.5
326,58559,3.5
326,58803,2.5
326,58998,3.0
326,59315,2.5
326,59369,2.0
326,59784,1.5
326,59900,1.5
326,60069,2.5
326,60074,2.0
326,60126,1.5
326,60684,2.5
326,60756,3.0
326,61024,3.0
326,61132,3.5
326,61323,3.5
326,62155,3.0
326,63131,3.0
326,63859,1.5
326,63992,1.0
326,64614,3.0
326,64716,3.0
326,64969,2.5
326,65261,3.0
326,66097,2.5
326,67087,2.5
326,67408,1.5
326,67923,2.0
326,68157,3.5
326,68954,3.0
326,69122,1.5
326,69757,3.0
326,69784,2.0
326,69844,3.0
326,70286,3.0
326,71264,3.5
326,71745,3.5
326,72226,3.5
326,72378,2.0
326,72641,2.5
326,72998,3.0
326,74789,1.5
326,75395,2.5
326,76251,3.0
326,77240,2.5
326,78039,4.0
326,78209,2.5
326,78499,2.5
326,79091,2.0
326,79132,3.0
326,79134,1.5
326,79185,1.5
326,79224,1.5
326,79592,3.0
326,79702,3.5
326,80219,2.5
326,80463,3.0
326,80489,3.5
326,80549,2.5
326,81564,2.0
326,81834,2.5
326,81847,1.5
326,83613,1.0
326,84374,2.0
326,84772,2.0
326,85510,1.0
326,86298,1.5
326,86644,2.0
326,87306,3.5
326,88125,3.0
326,88405,2.0
326,88744,2.5
326,89470,3.0
326,89492,3.0
326,89745,2.5
326,89864,3.0
326,90405,2.5
326,91323,2.0
326,91500,2.0
326,91529,3.0
326,92420,3.5
326,93510,3.0
326,93840,3.0
326,94677,1.5
326,94777,2.0
326,94959,3.5
326,95307,3.0
326,95441,2.0
326,95510,2.0
326,96432,3.0
326,96588,2.5
326,96610,3.5
326,96728,3.0
326,96811,3.5
326,96821,4.0
326,97225,2.0
326,97232,2.5
326,97913,2.5
326,97923,3.0
326,97938,3.0
326,98809,3.5
326,99114,3.5
326,102123,3.5
326,102903,2.5
326,103042,2.0
326,103688,3.5
326,104374,4.0
326,105468,3.0
326,106696,1.5
326,106782,3.5
326,106918,3.5
326,106920,3.0
326,107406,3.0
326,109374,4.0
326,109487,4.0
326,110553,2.0
326,111113,2.5
326,111443,3.5
326,112183,2.5
326,112552,3.5
326,112556,3.5
326,112852,3.0
326,113741,3.5
326,114342,3.0
326,114935,4.0
326,115122,3.5
326,115149,3.0
326,115569,3.5
326,115713,4.0
326,116799,3.5
326,118888,3.5
326,122882,4.0
326,122892,2.5
326,122898,2.0
326,122904,2.5
326,122912,3.5
326,122914,3.5
326,122916,3.5
326,122918,2.5
326,122926,2.5
326,128360,3.5
326,130452,3.0
326,130520,1.5
326,133771,3.5
326,134130,3.0
326,135264,2.5
326,135536,1.5
326,136864,1.5
326,139385,3.0
326,139644,3.0
326,140162,2.5
326,140816,3.0
326,140956,3.0
326,142997,2.0
326,143444,3.5
326,148626,3.0
326,152077,3.0
326,152970,3.5
326,154358,3.5
326,156609,2.5
326,158872,2.0
326,158966,4.0
326,159415,3.0
326,160559,3.5
326,162082,3.5
326,162738,3.0
326,163809,4.5
326,164179,3.5
326,164598,3.0
326,165141,3.0
326,165549,3.5
326,166024,4.0
326,167018,2.5
326,167746,3.0
326,168248,3.0
326,168250,3.5
326,168252,3.0
326,168266,3.0
326,168326,3.0
326,168492,3.0
326,169906,4.0
326,170357,4.0
326,170411,4.0
326,171763,3.5
326,173711,3.0
326,174055,3.0
326,175303,3.5
326,176371,4.0
326,176601,4.0
326,177615,4.5
326,177651,4.5
326,177765,3.5
326,178061,3.5
326,178613,3.5
326,180095,3.0
326,180161,3.0
326,180265,3.0
326,180297,3.0
326,180987,2.0
326,181315,4.0
326,181405,3.5
326,183197,4.0
326,183227,4.0
326,183619,2.5
326,183699,3.5
326,183833,1.5
326,183837,3.0
326,183869,3.0
326,183897,3.5
326,184399,3.5
326,185029,3.0
326,186983,3.5
326,187541,2.5
326,187593,2.5
326,188189,3.5
326,188307,2.0
326,188773,3.5
326,189713,3.5
326,189873,3.5
326,190551,4.0
326,190555,4.0
326,191479,2.5
326,192283,3.0
326,192385,4.0
326,193065,3.5
326,193449,3.5
326,193942,3.0
326,193950,3.5
326,193956,2.0
326,193958,3.0
326,194016,3.0
326,194074,3.5
326,194448,4.0
326,194951,3.0
326,195159,4.0
326,195497,3.0
326,196997,3.0
326,197529,3.0
326,197691,3.0
326,197711,3.5
326,197883,4.0
326,197885,4.0
326,200330,3.0
326,200540,2.5
326,200824,2.5
326,201340,3.0
326,201586,1.5
326,201588,2.5
326,201773,2.5
326,201811,2.5
326,202155,3.0
326,202429,3.5
326,202439,4.0
326,202749,4.0
326,203218,2.5
326,203222,2.5
326,203375,3.5
326,203519,2.0
326,204342,4.0
326,204542,2.5
326,204694,1.5
326,204698,4.5
326,205134,2.5
326,205156,4.0
326,205297,1.5
326,205425,4.0
326,206419,3.5
326,206714,2.0
326,206959,2.0
326,207233,2.5
326,207313,4.0
326,208205,2.5
326,208469,3.5
326,208703,4.5
326,208807,3.5
326,209965,3.5
326,210577,2.5
326,212361,4.0
326,213207,3.5
326,213541,3.5
326,215353,4.0
326,216402,3.5
326,216817,2.5
326,217186,3.0
326,217465,4.0
326,218537,4.0
326,219994,4.0
326,220068,3.0
326,221246,3.0
326,223027,2.5
326,223204,4.5
326,223222,2.5
326,223944,3.0
326,224264,3.5
326,224324,3.0
326,224983,2.5
326,225173,4.5
326,225289,2.5
326,225625,3.5
326,225758,3.5
326,225984,4.0
326,226202,3.5
326,231413,3.0
326,233555,2.5
326,233953,2.0
326,237227,3.5
326,240452,3.0
326,243642,3.5
326,244368,2.5
326,247988,3.5
326,248912,2.5
326,249324,2.5
326,250494,3.0
326,251086,3.5
326,253128,2.5
326,253690,3.5
326,254460,3.0
326,254726,4.0
326,255335,3.5
326,260617,3.5
326,260667,3.5
326,260895,2.0
326,263007,3.0
326,265550,3.0
326,268642,3.5
326,268744,2.5
326,269226,3.0
326,270698,4.5
326,272525,4.0
326,274197,3.0
326,274971,3.0
326,275079,2.5
326,275173,3.0
326,275243,3.5
326,275245,3.5
326,277066,3.0
326,278820,3.5
326,279812,3.5
326,280218,3.0
326,280906,2.0
326,281096,3.0
326,281890,4.5
326,282843,3.0
326,285301,3.5
326,285593,3.5
326,285851,3.0
326,286897,3.5
326,286903,3.5
326,287437,2.5
326,288513,4.0
327,19,4.5
327,60,3.0
327,104,4.5
327,153,4.0
327,208,4.5
327,223,4.5
327,260,3.5
327,296,4.0
327,318,4.0
327,327,4.0
327,344,4.0
327,356,4.5
327,377,3.5
327,380,3.5
327,410,4.5
327,442,4.5
327,586,3.5
327,589,4.5
327,608,3.5
327,648,4.0
327,736,3.5
327,750,5.0
327,924,3.5
327,1089,4.0
327,1097,3.0
327,1127,5.0
327,1136,4.0
327,1196,3.5
327,1197,5.0
327,1210,4.5
327,1222,4.0
327,1270,4.0
327,1405,3.0
327,1438,2.0
327,1485,4.0
327,1517,5.0
327,1527,4.5
327,1573,4.5
327,1580,4.0
327,1586,3.0
327,1967,4.0
327,2012,3.5
327,2109,4.0
327,2124,4.0
327,2140,3.5
327,2329,4.0
327,2394,3.5
327,2502,4.0
327,2571,4.0
327,2683,5.0
327,2700,4.0
327,2716,3.5
327,2797,3.5
327,2959,5.0
327,3247,3.0
327,3252,3.5
327,3510,2.0
327,3578,4.0
327,3671,4.5
327,3703,3.0
327,3717,5.0
327,3793,4.0
327,3826,3.5
327,3996,4.0
327,4002,4.0
327,4027,3.5
327,5151,3.5
327,5349,3.5
327,5810,3.0
327,6188,3.5
327,6377,3.0
327,6383,4.5
327,7293,3.5
327,7541,2.5
327,8132,4.5
327,8528,4.0
327,8636,3.5
327,27674,3.5
327,33794,4.0
327,35836,4.0
327,43936,3.5
327,46976,4.5
327,47810,0.5
327,49272,4.5
327,51372,0.5
327,51498,4.0
327,51662,4.0
327,53953,4.0
327,54286,4.0
327,56367,4.5
327,58559,4.5
327,58803,4.5
327,59315,4.5
327,62434,4.5
327,70286,3.5
327,72998,5.0
328,1,4.0
328,12,4.5
328,19,4.0
328,34,3.5
328,47,4.0
328,48,4.0
328,88,4.0
328,104,4.5
328,110,4.5
328,112,5.0
328,135,5.0
328,145,4.5
328,150,3.5
328,158,3.5
328,163,4.5
328,165,3.0
328,168,4.5
328,186,3.0
328,208,3.5
328,231,3.5
328,267,4.5
328,293,4.5
328,316,3.5
328,333,4.0
328,344,5.0
328,356,4.5
328,364,4.0
328,367,5.0
328,370,5.0
328,377,3.5
328,410,3.5
328,466,4.5
328,480,3.0
328,500,4.0
328,520,5.0
328,586,4.0
328,588,4.0
328,589,4.0
328,592,4.5
328,594,4.0
328,595,3.5
328,596,5.0
328,637,5.0
328,648,4.0
328,653,4.0
328,673,4.0
328,720,5.0
328,733,4.0
328,743,5.0
328,745,4.0
328,765,5.0
328,783,4.5
328,788,4.0
328,802,3.5
328,837,4.0
328,861,5.0
328,919,4.0
328,1022,3.5
328,1027,3.5
328,1028,4.5
328,1036,4.0
328,1097,4.0
328,1101,3.5
328,1136,5.0
328,1197,4.5
328,1198,4.5
328,1240,3.5
328,1246,5.0
328,1270,4.0
328,1291,4.0
328,1359,4.5
328,1367,3.5
328,1370,4.5
328,1391,2.5
328,1408,3.0
328,1485,4.0
328,1517,4.0
328,1544,3.5
328,1566,4.0
328,1580,5.0
328,1619,4.5
328,1645,3.0
328,1665,5.0
328,1682,5.0
328,1702,4.5
328,1704,5.0
328,1721,2.0
328,1722,4.5
328,1732,4.0
328,1777,3.5
328,1792,4.0
328,1801,4.0
328,1907,4.0
328,1909,2.5
328,1911,4.5
328,1923,3.0
328,1954,4.0
328,1961,5.0
328,2000,4.0
328,2001,4.5
328,2002,4.5
328,2006,4.0
328,2011,4.5
328,2012,4.0
328,2023,5.0
328,2028,4.0
328,2058,3.5
328,2059,4.0
328,2078,4.0
328,2080,4.0
328,2081,4.0
328,2085,4.0
328,2087,4.0
328,2096,4.0
328,2115,5.0
328,2124,3.5
328,2141,4.0
328,2144,3.5
328,2231,4.5
328,2268,4.0
328,2273,4.5
328,2291,4.0
328,2301,4.5
328,2335,4.5
328,2353,4.0
328,2355,3.0
328,2371,4.0
328,2378,5.0
328,2384,3.5
328,2403,3.0
328,2410,4.0
328,2420,4.0
328,2421,4.5
328,2423,4.0
328,2424,3.0
328,2431,4.5
328,2467,4.5
328,2470,4.5
328,2490,3.5
328,2501,3.5
328,2529,1.0
328,2571,5.0
328,2572,3.5
328,2617,4.0
328,2683,4.5
328,2687,4.0
328,2692,3.0
328,2694,4.5
328,2700,4.5
328,2701,3.5
328,2706,3.0
328,2724,2.5
328,2762,4.0
328,2788,4.5
328,2794,4.0
328,2803,3.5
328,2880,4.5
328,2916,4.0
328,2948,4.0
328,2949,4.0
328,2953,4.0
328,2959,4.0
328,2985,3.0
328,3039,4.5
328,3082,3.5
328,3114,4.0
328,3147,5.0
328,3157,3.5
328,3247,4.0
328,3253,2.5
328,3267,4.5
328,3448,5.0
328,3489,4.0
328,3578,3.5
328,3617,4.0
328,3623,4.0
328,3624,5.0
328,3717,3.5
328,3752,3.5
328,3753,3.5
328,3785,4.5
328,3791,3.5
328,3809,4.0
328,3821,4.0
328,3827,3.5
328,3868,5.0
328,3869,4.0
328,3948,4.0
328,3968,4.0
328,3977,4.5
328,3984,4.0
328,3986,2.5
328,3996,4.0
328,4011,4.0
328,4015,4.5
328,4016,4.0
328,4018,3.0
328,4022,4.0
328,4025,3.5
328,4084,4.5
328,4085,5.0
328,4214,2.5
328,4223,3.5
328,4232,3.0
328,4246,3.0
328,4270,4.5
328,4299,3.5
328,4306,4.5
328,4310,2.0
328,4343,3.5
328,4367,4.0
328,4369,4.0
328,4370,3.5
328,4388,3.5
328,4447,3.0
328,4489,4.5
328,4519,4.0
328,4558,3.5
328,4638,4.5
328,4643,2.0
328,4700,3.5
328,4701,4.5
328,4718,4.0
328,4816,2.5
328,4865,4.5
328,4890,4.0
328,4896,4.5
328,4899,4.5
328,4963,3.5
328,4989,4.5
328,4992,3.0
328,4993,4.0
328,4995,2.5
328,5010,3.0
328,5015,3.5
328,5108,5.0
328,5171,3.5
328,5218,4.0
328,5220,4.5
328,5313,4.0
328,5349,4.5
328,5418,3.5
328,5459,5.0
328,5481,3.5
328,5507,4.5
328,5541,4.5
328,5574,4.5
328,5785,4.0
328,5803,4.5
328,5810,3.5
328,5816,5.0
328,5872,4.0
328,5900,4.5
328,5903,3.5
328,5989,4.0
328,5995,3.5
328,6104,5.0
328,6155,3.5
328,6156,5.0
328,6188,2.5
328,6196,3.5
328,6218,3.0
328,6281,3.5
328,6287,4.5
328,6365,4.0
328,6373,5.0
328,6377,3.0
328,6378,4.5
328,6383,4.0
328,6503,3.5
328,6534,4.0
328,6537,3.5
328,6539,4.5
328,6541,3.5
328,6548,4.0
328,6550,5.0
328,6564,4.0
328,6586,2.5
328,6593,3.5
328,6595,3.5
328,6686,4.0
328,6709,4.0
328,6754,1.0
328,6807,5.0
328,6863,4.0
328,6874,3.0
328,6888,4.0
328,6934,3.5
328,6936,4.0
328,6957,3.0
328,7004,3.5
328,7143,4.0
328,7153,4.0
328,7173,3.5
328,7293,4.5
328,7317,3.0
328,7346,4.5
328,7361,5.0
328,7373,4.5
328,7380,3.5
328,7381,4.0
328,7438,2.0
328,7451,3.0
328,7454,4.5
328,7458,3.5
328,7569,3.5
328,7573,4.0
328,8360,4.0
328,8368,4.5
328,8371,4.5
328,8526,5.0
328,8528,4.5
328,8529,4.0
328,8533,4.0
328,8623,3.5
328,8636,3.5
328,8641,4.5
328,8643,3.0
328,8644,4.0
328,8665,4.0
328,8807,4.5
328,8808,3.5
328,8874,4.5
328,8907,4.0
328,8917,0.5
328,8965,3.5
328,8972,5.0
328,8984,4.5
328,26197,4.0
328,26547,5.0
328,27032,5.0
328,27706,5.0
328,30793,4.0
328,30825,3.5
328,31225,4.5
328,31422,3.5
328,31685,4.0
328,32031,3.0
328,32296,3.5
328,33004,5.0
328,33615,5.0
328,33646,5.0
328,33669,3.5
328,33679,4.5
328,33794,4.5
328,34048,3.0
328,34150,4.0
328,34162,4.5
328,34319,4.5
328,35836,4.0
328,36401,5.0
328,36525,2.5
328,36529,4.0
328,38038,3.5
328,39183,3.0
328,39435,5.0
328,40581,4.0
328,40629,2.5
328,40815,4.5
328,40851,4.5
328,41566,4.5
328,41569,2.5
328,42946,5.0
328,43836,4.5
328,44022,4.5
328,44191,3.0
328,44195,4.5
328,44694,2.5
328,45186,4.0
328,45447,4.0
328,45499,3.5
328,45517,4.0
328,45672,3.5
328,45720,3.5
328,45722,5.0
328,45726,4.0
328,46335,3.5
328,46948,2.0
328,46970,4.0
328,46972,5.0
328,47099,5.0
328,47122,3.5
328,47997,4.0
328,48385,4.0
328,48394,3.0
328,48516,2.5
328,48738,2.0
328,48997,4.0
328,49272,4.5
328,49274,3.0
328,49530,4.0
328,49649,4.0
328,50601,5.0
328,50872,4.5
328,51077,4.5
328,51255,4.5
328,51412,3.5
328,51662,4.0
328,51935,5.0
328,52694,4.5
328,52722,4.0
328,52973,4.5
328,53121,5.0
328,53125,5.0
328,53322,4.0
328,53460,4.0
328,53464,4.5
328,53972,4.0
328,53993,5.0
328,53996,4.0
328,54001,4.5
328,54259,4.5
328,54272,4.5
328,54286,4.0
328,54503,4.0
328,54995,3.5
328,54999,4.0
328,55247,4.0
328,55250,3.5
328,55451,3.5
328,56171,5.0
328,56174,4.5
328,56367,4.0
328,56587,4.0
328,56757,2.5
328,56775,4.5
328,57528,4.0
328,57640,5.0
328,57669,5.0
328,58025,5.0
328,58047,4.0
328,58105,5.0
328,58559,4.0
328,58803,4.0
328,58998,4.5
328,59022,4.5
328,59103,5.0
328,59315,4.5
328,59501,4.5
328,59615,4.0
328,59784,5.0
328,59900,5.0
328,60040,4.0
328,60069,4.0
328,60072,4.5
328,60074,5.0
328,60126,5.0
328,60397,3.5
328,60514,4.0
328,60684,3.5
328,60937,4.0
328,61024,4.5
328,61132,4.5
328,61323,4.0
328,62376,4.0
328,63131,4.5
328,64030,3.5
328,64034,4.5
328,64285,4.5
328,64957,4.0
328,64969,4.5
328,65088,5.0
328,65514,5.0
328,65682,4.0
328,65685,4.0
328,65802,4.5
328,65982,4.5
328,66171,4.5
328,66798,5.0
328,67087,5.0
328,67734,5.0
328,67923,4.0
328,68135,3.5
328,68157,4.5
328,68205,3.0
328,68319,4.0
328,68554,4.0
328,68659,3.5
328,68791,3.5
328,68793,4.5
328,68954,4.5
328,69122,4.5
328,69304,4.0
328,69406,2.0
328,69436,5.0
328,69526,4.0
328,69644,4.0
328,69784,3.5
328,69844,5.0
328,69951,5.0
328,70183,3.0
328,70282,5.0
328,70286,3.5
328,70293,4.0
328,70305,4.5
328,70336,4.5
328,70663,3.0
328,70697,3.5
328,71156,5.0
328,71254,4.0
328,71264,4.0
328,71518,4.0
328,71535,5.0
328,72165,5.0
328,72356,3.5
328,72378,4.0
328,72641,5.0
328,72919,3.0
328,72998,4.5
328,73017,5.0
328,73321,5.0
328,74530,5.0
328,74580,5.0
3